,Season,Name,xK%,K%,Deviation,Deviation%
0,2015,Bryce Harper,21.365,20.0,1.365,6.825
1,2013,Miguel Cabrera,15.912,14.4,1.512,10.5
2,2018,Mookie Betts,15.409,14.8,0.609,4.115
3,2018,Mike Trout,20.185,20.4,-0.215,-1.054
4,2010,Josh Hamilton,18.394,16.6,1.794,10.807
5,2011,Jose Bautista,19.459,16.9,2.559,15.142
6,2019,Christian Yelich,21.98,20.3,1.68,8.276
7,2010,Joey Votto,20.028,19.3,0.728,3.772
8,2011,Miguel Cabrera,13.975,12.9,1.075,8.333
9,2017,Mike Trout,19.125,17.8,1.325,7.444
10,2019,Mike Trout,19.646,20.0,-0.354,-1.77
11,2010,Miguel Cabrera,15.634,14.7,0.934,6.354
12,2017,Aaron Judge,31.109,30.7,0.409,1.332
13,2017,Joey Votto,12.873,11.7,1.173,10.026
14,2018,J.D. Martinez,23.017,22.5,0.517,2.298
15,2015,Joey Votto,20.728,19.4,1.328,6.845
16,2011,Ryan Braun,16.313,14.8,1.513,10.223
17,2013,Mike Trout,18.448,19.0,-0.552,-2.905
18,2018,Christian Yelich,20.272,20.7,-0.428,-2.068
19,2010,Jose Bautista,18.984,17.0,1.984,11.671
20,2013,Chris Davis,26.795,29.6,-2.805,-9.476
21,2016,David Ortiz,14.476,13.7,0.776,5.664
22,2010,Albert Pujols,12.781,10.9,1.881,17.257
23,2019,Alex Bregman,13.734,12.0,1.734,14.45
24,2016,Mike Trout,20.704,20.1,0.604,3.005
25,2015,Paul Goldschmidt,21.503,21.7,-0.197,-0.908
26,2019,Nelson Cruz,25.52,25.1,0.42,1.673
27,2012,Miguel Cabrera,14.255,14.1,0.155,1.099
28,2010,Paul Konerko,19.226,17.4,1.826,10.494
29,2019,Cody Bellinger,19.281,16.4,2.881,17.567
30,2015,Mike Trout,21.973,23.2,-1.227,-5.289
31,2017,Charlie Blackmon,18.111,18.6,-0.489,-2.629
32,2015,Miguel Cabrera,18.556,16.0,2.556,15.975
33,2012,Ryan Braun,18.329,18.9,-0.571,-3.021
34,2016,Joey Votto,17.604,17.7,-0.096,-0.542
35,2011,Matt Kemp,23.757,23.1,0.657,2.844
36,2010,Carlos Gonzalez,19.454,21.2,-1.746,-8.236
37,2019,Anthony Rendon,13.967,13.3,0.667,5.015
38,2014,Andrew McCutchen,19.718,17.7,2.018,11.401
39,2014,Victor Martinez,9.679,6.6,3.079,46.652
40,2014,Jose Abreu,22.509,21.1,1.409,6.678
41,2017,Giancarlo Stanton,23.776,23.6,0.176,0.746
42,2011,Prince Fielder,16.976,15.3,1.676,10.954
43,2012,Mike Trout,20.186,21.8,-1.614,-7.404
44,2016,Daniel Murphy,8.633,9.8,-1.167,-11.908
45,2011,Lance Berkman,16.465,15.8,0.665,4.209
46,2011,Adrian Gonzalez,16.05,16.6,-0.55,-3.313
47,2011,David Ortiz,15.089,13.7,1.389,10.139
48,2017,Freddie Freeman,18.611,18.5,0.111,0.6
49,2010,Troy Tulowitzki,11.953,14.7,-2.747,-18.687
50,2012,Buster Posey,16.375,15.7,0.675,4.299
51,2011,Joey Votto,19.061,17.9,1.161,6.486
52,2012,Giancarlo Stanton,27.533,28.5,-0.967,-3.393
53,2017,Jose Altuve,12.91,12.7,0.21,1.654
54,2019,Ketel Marte,14.255,13.7,0.555,4.051
55,2013,Paul Goldschmidt,20.662,20.4,0.262,1.284
56,2014,Giancarlo Stanton,26.342,26.6,-0.258,-0.97
57,2016,Josh Donaldson,20.877,17.0,3.877,22.806
58,2012,Andrew McCutchen,19.971,19.6,0.371,1.893
59,2013,Jayson Werth,20.326,19.0,1.326,6.979
60,2014,Mike Trout,22.737,26.1,-3.363,-12.885
61,2014,Jose Bautista,17.098,14.3,2.798,19.566
62,2016,Freddie Freeman,23.608,24.7,-1.092,-4.421
63,2019,George Springer,22.882,20.3,2.582,12.719
64,2017,Paul Goldschmidt,24.61,22.1,2.51,11.357
65,2013,Troy Tulowitzki,14.791,16.6,-1.809,-10.898
66,2013,Joey Votto,19.194,19.0,0.194,1.021
67,2011,Jacoby Ellsbury,14.083,13.4,0.683,5.097
68,2013,David Ortiz,15.676,14.7,0.976,6.639
69,2017,Justin Turner,12.035,10.3,1.735,16.845
70,2017,Kris Bryant,20.212,19.2,1.012,5.271
71,2016,Miguel Cabrera,17.514,17.1,0.414,2.421
72,2012,Prince Fielder,14.869,12.2,2.669,21.877
73,2017,Tommy Pham,20.582,22.1,-1.518,-6.869
74,2015,Josh Donaldson,20.576,18.7,1.876,10.032
75,2010,Matt Holliday,15.781,13.8,1.981,14.355
76,2014,Anthony Rizzo,20.309,18.8,1.509,8.027
77,2017,Jose Ramirez,12.025,10.7,1.325,12.383
78,2016,Kris Bryant,23.225,22.0,1.225,5.568
79,2013,Michael Cuddyer,19.62,18.5,1.12,6.054
80,2015,Nelson Cruz,25.332,25.0,0.332,1.328
81,2012,Edwin Encarnacion,17.439,14.6,2.839,19.445
82,2010,Jayson Werth,23.086,22.5,0.586,2.604
83,2018,Alex Bregman,12.195,12.1,0.095,0.785
84,2017,Nolan Arenado,18.104,15.6,2.504,16.051
85,2011,Matt Holliday,19.671,18.0,1.671,9.283
86,2012,Robinson Cano,12.793,13.8,-1.007,-7.297
87,2017,Anthony Rendon,16.107,13.6,2.507,18.434
88,2019,Juan Soto,21.431,20.0,1.431,7.155
89,2016,Charlie Blackmon,16.66,15.9,0.76,4.78
90,2011,Curtis Granderson,24.151,24.5,-0.349,-1.424
91,2013,Andrew McCutchen,16.734,15.0,1.734,11.56
92,2013,Shin-Soo Choo,21.151,18.7,2.451,13.107
93,2017,Zack Cozart,17.496,15.4,2.096,13.61
94,2019,Nolan Arenado,15.537,14.0,1.537,10.979
95,2015,Edwin Encarnacion,19.0,15.7,3.3,21.019
96,2016,DJ LeMahieu,13.507,12.6,0.907,7.198
97,2018,Jose Ramirez,13.593,11.5,2.093,18.2
98,2016,Anthony Rizzo,17.467,16.0,1.467,9.169
99,2010,Robinson Cano,9.806,11.1,-1.294,-11.658
100,2010,Adrian Beltre,14.704,12.8,1.904,14.875
101,2011,Carlos Beltran,12.94,14.7,-1.76,-11.973
102,2018,Nolan Arenado,19.793,18.1,1.693,9.354
103,2016,Jose Altuve,9.919,9.8,0.119,1.214
104,2011,Michael Morse,21.471,21.9,-0.429,-1.959
105,2018,Paul Goldschmidt,25.126,25.1,0.026,0.104
106,2019,Anthony Rizzo,17.437,14.0,3.437,24.55
107,2015,Chris Davis,29.781,31.0,-1.219,-3.932
108,2010,Ryan Zimmerman,17.255,16.3,0.955,5.859
109,2019,Xander Bogaerts,20.316,17.5,2.816,16.091
110,2011,Troy Tulowitzki,10.198,13.0,-2.802,-21.554
111,2014,Edwin Encarnacion,17.654,15.1,2.554,16.914
112,2014,Michael Brantley,5.523,8.3,-2.777,-33.458
113,2015,Jose Bautista,18.251,15.9,2.351,14.786
114,2017,Marcell Ozuna,22.168,21.2,0.968,4.566
115,2013,Edwin Encarnacion,13.364,10.0,3.364,33.64
116,2012,Adrian Beltre,14.385,12.5,1.885,15.08
117,2017,Ryan Zimmerman,20.368,21.9,-1.532,-6.995
118,2013,Freddie Freeman,17.967,19.2,-1.233,-6.422
119,2019,Charlie Blackmon,16.993,16.4,0.593,3.616
120,2019,Freddie Freeman,18.901,18.4,0.501,2.723
121,2010,Luke Scott,21.419,19.0,2.419,12.732
122,2012,Melky Cabrera,10.159,12.6,-2.441,-19.373
123,2012,Josh Hamilton,27.428,25.5,1.928,7.561
124,2010,Aubrey Huff,14.714,13.6,1.114,8.191
125,2019,J.D. Martinez,21.941,21.0,0.941,4.481
126,2010,Shin-Soo Choo,18.908,18.3,0.608,3.322
127,2016,Nolan Arenado,17.138,14.8,2.338,15.797
128,2011,Justin Upton,21.283,18.7,2.583,13.813
129,2018,Brandon Nimmo,27.242,26.2,1.042,3.977
130,2017,Nelson Cruz,24.166,21.7,2.466,11.364
131,2017,Daniel Murphy,11.267,13.0,-1.733,-13.331
132,2011,Paul Konerko,15.836,13.9,1.936,13.928
133,2019,Jeff McNeil,15.226,13.2,2.026,15.348
134,2019,Pete Alonso,25.149,26.4,-1.251,-4.739
135,2013,Josh Donaldson,18.569,16.5,2.069,12.539
136,2013,Robinson Cano,11.862,12.5,-0.638,-5.104
137,2015,Anthony Rizzo,16.506,15.0,1.506,10.04
138,2018,Trevor Story,21.824,25.6,-3.776,-14.75
139,2014,Miguel Cabrera,17.91,17.1,0.81,4.737
140,2011,Albert Pujols,8.856,8.9,-0.044,-0.494
141,2012,Aramis Ramirez,15.253,13.0,2.253,17.331
142,2016,J.D. Martinez,24.089,24.8,-0.711,-2.867
143,2011,Alex Avila,23.513,23.8,-0.287,-1.206
144,2016,Nelson Cruz,25.161,23.8,1.361,5.718
145,2013,Joe Mauer,18.175,17.5,0.675,3.857
146,2018,Anthony Rendon,15.019,13.7,1.319,9.628
147,2013,Matt Holliday,16.187,14.3,1.887,13.196
148,2011,Alex Gordon,19.286,20.1,-0.814,-4.05
149,2010,David Ortiz,22.992,23.9,-0.908,-3.799
150,2016,Paul Goldschmidt,21.482,21.3,0.182,0.854
151,2017,Marwin Gonzalez,19.831,19.2,0.631,3.286
152,2010,Dan Uggla,23.814,22.1,1.714,7.756
153,2011,Giancarlo Stanton,27.492,27.6,-0.108,-0.391
154,2013,Matt Carpenter,14.822,13.7,1.122,8.19
155,2010,Prince Fielder,20.581,19.3,1.281,6.637
156,2010,Adam Dunn,28.379,30.7,-2.321,-7.56
157,2011,Adrian Beltre,12.72,10.1,2.62,25.941
158,2019,Eugenio Suarez,27.611,28.5,-0.889,-3.119
159,2019,Mookie Betts,15.243,14.3,0.943,6.594
160,2015,Andrew McCutchen,21.423,19.4,2.023,10.428
161,2019,Trevor Story,23.759,26.5,-2.741,-10.343
162,2014,Adrian Beltre,13.81,12.1,1.71,14.132
163,2012,Josh Willingham,23.794,22.9,0.894,3.904
164,2017,Cody Bellinger,26.057,26.6,-0.543,-2.041
165,2015,David Peralta,19.962,20.7,-0.738,-3.565
166,2017,Anthony Rizzo,16.77,13.0,3.77,29.0
167,2011,Carlos Gonzalez,18.996,19.4,-0.404,-2.082
168,2019,Carlos Santana,17.05,15.7,1.35,8.599
169,2019,Austin Meadows,22.562,22.2,0.362,1.631
170,2019,Kris Bryant,23.654,22.9,0.754,3.293
171,2014,Yasiel Puig,19.231,19.4,-0.169,-0.871
172,2010,Adrian Gonzalez,18.647,16.5,2.147,13.012
173,2019,Yoan Moncada,27.502,27.5,0.002,0.007
174,2016,Mookie Betts,10.758,11.0,-0.242,-2.2
175,2010,Nick Swisher,20.024,21.9,-1.876,-8.566
176,2015,David Ortiz,18.026,15.5,2.526,16.297
177,2013,Adrian Beltre,12.594,11.3,1.294,11.451
178,2019,Josh Bell,19.606,19.2,0.406,2.115
179,2010,Kelly Johnson,22.811,22.1,0.711,3.217
180,2012,Matt Holliday,18.381,19.2,-0.819,-4.266
181,2019,Jorge Soler,27.465,26.2,1.265,4.828
182,2010,Ryan Braun,15.62,15.3,0.32,2.092
183,2017,Justin Upton,27.493,28.3,-0.807,-2.852
184,2018,Freddie Freeman,18.336,18.7,-0.364,-1.947
185,2016,Ryan Braun,16.715,17.4,-0.685,-3.937
186,2012,Chase Headley,22.724,22.5,0.224,0.996
187,2011,Hunter Pence,18.268,18.6,-0.332,-1.785
188,2019,Josh Donaldson,25.051,23.5,1.551,6.6
189,2017,Jose Abreu,18.725,17.6,1.125,6.392
190,2010,Jason Heyward,20.337,20.5,-0.163,-0.795
191,2010,Joe Mauer,9.505,9.1,0.405,4.451
192,2019,Rafael Devers,18.579,17.0,1.579,9.288
193,2012,Billy Butler,15.76,16.3,-0.54,-3.313
194,2014,Jayson Werth,19.3,18.0,1.3,7.222
195,2018,Manny Machado,14.961,14.7,0.261,1.776
196,2018,Eugenio Suarez,22.947,23.4,-0.453,-1.936
197,2011,Jose Reyes,6.463,7.0,-0.537,-7.671
198,2017,Eric Hosmer,16.788,15.5,1.288,8.31
199,2011,Corey Hart,23.719,20.7,3.019,14.585
200,2017,George Springer,19.417,17.6,1.817,10.324
201,2012,David Wright,15.014,16.7,-1.686,-10.096
202,2018,Bryce Harper,25.989,24.3,1.689,6.951
203,2012,Joe Mauer,14.718,13.7,1.018,7.431
204,2010,Evan Longoria,18.289,18.8,-0.511,-2.718
205,2012,Aaron Hill,12.536,12.9,-0.364,-2.822
206,2012,Yadier Molina,9.143,9.8,-0.657,-6.704
207,2018,Matt Carpenter,24.055,23.3,0.755,3.24
208,2017,Avisail Garcia,22.059,19.8,2.259,11.409
209,2012,Dexter Fowler,21.29,24.2,-2.91,-12.025
210,2016,Matt Carpenter,20.425,19.1,1.325,6.937
211,2011,Dustin Pedroia,14.658,11.6,3.058,26.362
212,2011,Aramis Ramirez,11.141,11.0,0.141,1.282
213,2019,DJ LeMahieu,14.179,13.7,0.479,3.496
214,2011,Robinson Cano,10.793,14.1,-3.307,-23.454
215,2014,Freddie Freeman,20.577,20.5,0.077,0.376
216,2019,Jose Altuve,15.755,15.0,0.755,5.033
217,2018,Jesus Aguilar,26.88,25.3,1.58,6.245
218,2012,Allen Craig,15.464,17.3,-1.836,-10.613
219,2016,Brandon Belt,22.874,22.6,0.274,1.212
220,2012,Carlos Gonzalez,20.447,19.9,0.547,2.749
221,2010,Billy Butler,11.988,11.5,0.488,4.243
222,2016,Edwin Encarnacion,20.784,19.7,1.084,5.503
223,2017,Edwin Encarnacion,22.831,19.9,2.931,14.729
224,2018,Xander Bogaerts,20.571,17.6,2.971,16.881
225,2019,Trey Mancini,23.118,21.1,2.018,9.564
226,2014,Justin Morneau,11.41,10.9,0.51,4.679
227,2010,Corey Hart,23.775,22.8,0.975,4.276
228,2019,Marcus Semien,16.262,13.7,2.562,18.701
229,2019,Max Muncy,26.217,25.3,0.917,3.625
230,2015,Matt Carpenter,23.362,22.7,0.662,2.916
231,2015,J.D. Martinez,26.065,27.1,-1.035,-3.819
232,2016,Corey Seager,18.163,19.4,-1.237,-6.376
233,2017,Domingo Santana,29.227,29.3,-0.073,-0.249
234,2013,Jose Bautista,17.14,15.9,1.24,7.799
235,2012,Austin Jackson,21.392,21.7,-0.308,-1.419
236,2016,Adrian Beltre,13.496,10.3,3.196,31.029
237,2016,Jean Segura,16.103,14.6,1.503,10.295
238,2015,Nolan Arenado,15.835,16.5,-0.665,-4.03
239,2017,Justin Smoak,19.666,20.1,-0.434,-2.159
240,2019,Bryan Reynolds,21.38,22.2,-0.82,-3.694
241,2015,A.J. Pollock,13.114,13.2,-0.086,-0.652
242,2014,Buster Posey,12.316,11.4,0.916,8.035
243,2015,Kris Bryant,30.241,30.6,-0.359,-1.173
244,2012,Paul Konerko,15.076,13.9,1.176,8.46
245,2015,Manny Machado,15.257,15.6,-0.343,-2.199
246,2016,Robinson Cano,13.027,14.0,-0.973,-6.95
247,2019,Justin Turner,16.337,16.0,0.337,2.106
248,2016,Brian Dozier,21.1,20.0,1.1,5.5
249,2016,Carlos Santana,15.58,14.4,1.18,8.194
250,2014,Nelson Cruz,21.717,20.6,1.117,5.422
251,2018,Joey Votto,15.275,16.2,-0.925,-5.71
252,2010,Chase Utley,13.758,12.3,1.458,11.854
253,2014,Matt Kemp,24.697,24.2,0.497,2.054
254,2011,Michael Young,10.534,11.3,-0.766,-6.779
255,2013,Brandon Moss,26.54,27.7,-1.16,-4.188
256,2010,Mark Teixeira,16.476,17.1,-0.624,-3.649
257,2010,Scott Rolen,16.667,15.3,1.367,8.935
258,2010,Hanley Ramirez,14.212,15.0,-0.788,-5.253
259,2011,Josh Hamilton,18.983,17.3,1.683,9.728
260,2018,Matt Chapman,21.95,23.7,-1.75,-7.384
261,2016,Yoenis Cespedes,20.883,19.9,0.983,4.94
262,2014,David Ortiz,16.62,15.8,0.82,5.19
263,2019,Ronald Acuna Jr.,25.026,26.3,-1.274,-4.844
264,2017,Eric Thames,28.527,29.6,-1.073,-3.625
265,2011,Victor Martinez,7.352,8.6,-1.248,-14.512
266,2010,Colby Rasmus,24.569,27.7,-3.131,-11.303
267,2012,David Murphy,16.535,14.2,2.335,16.444
268,2010,Carl Crawford,15.708,15.7,0.008,0.051
269,2018,Francisco Lindor,15.417,14.4,1.017,7.062
270,2014,Jonathan Lucroy,12.097,10.8,1.297,12.009
271,2018,David Peralta,20.243,20.2,0.043,0.213
272,2013,Adam Lind,20.371,19.8,0.571,2.884
273,2010,Ryan Howard,25.257,25.3,-0.043,-0.17
274,2013,Giancarlo Stanton,27.235,27.8,-0.565,-2.032
275,2019,Matt Olson,24.113,25.2,-1.087,-4.313
276,2011,Shane Victorino,11.32,10.8,0.52,4.815
277,2010,Andre Ethier,17.347,17.4,-0.053,-0.305
278,2015,Michael Brantley,6.827,8.6,-1.773,-20.616
279,2018,Charlie Blackmon,18.618,19.3,-0.682,-3.534
280,2010,Rickie Weeks Jr.,24.881,24.4,0.481,1.971
281,2012,Yoenis Cespedes,19.611,18.9,0.711,3.762
282,2017,Gary Sanchez,23.392,22.9,0.492,2.148
283,2014,Carlos Gomez,21.334,21.9,-0.566,-2.584
284,2016,Christian Yelich,21.645,20.9,0.745,3.565
285,2016,Hanley Ramirez,20.765,19.4,1.365,7.036
286,2015,Yoenis Cespedes,21.292,20.9,0.392,1.876
287,2013,Mike Napoli,31.505,32.4,-0.895,-2.762
288,2016,Dexter Fowler,22.636,22.5,0.136,0.604
289,2011,Evan Longoria,17.028,16.2,0.828,5.111
290,2019,Michael Brantley,9.489,10.4,-0.911,-8.76
291,2018,Mitch Haniger,21.258,21.7,-0.442,-2.037
292,2018,Javier Baez,25.708,25.9,-0.192,-0.741
293,2016,Manny Machado,16.69,17.2,-0.51,-2.965
294,2010,David Wright,22.088,24.0,-1.912,-7.967
295,2011,Kevin Youkilis,20.068,19.3,0.768,3.979
296,2015,Ryan Braun,19.814,20.2,-0.386,-1.911
297,2017,Yonder Alonso,21.598,22.6,-1.002,-4.434
298,2017,Buster Posey,11.389,11.6,-0.211,-1.819
299,2013,Daniel Nava,18.333,17.4,0.933,5.362
300,2019,Bryce Harper,27.695,26.1,1.595,6.111
301,2012,David Freese,22.388,21.5,0.888,4.13
302,2012,Ben Zobrist,15.567,15.4,0.167,1.084
303,2010,Jay Bruce,22.081,23.7,-1.619,-6.831
304,2014,Josh Harrison,16.303,14.7,1.603,10.905
305,2018,Khris Davis,27.416,26.8,0.616,2.299
306,2015,Shin-Soo Choo,22.627,22.5,0.127,0.564
307,2010,Alex Rodriguez,17.462,16.5,0.962,5.83
308,2013,Brandon Belt,18.804,21.9,-3.096,-14.137
309,2019,Yuli Gurriel,10.684,10.6,0.084,0.792
310,2010,Victor Martinez,6.976,9.7,-2.724,-28.082
311,2013,Carlos Santana,18.162,17.1,1.062,6.211
312,2011,Ian Kinsler,9.457,9.8,-0.343,-3.5
313,2017,Corey Seager,20.757,21.4,-0.643,-3.005
314,2013,Marlon Byrd,25.133,24.9,0.233,0.936
315,2015,Kendrys Morales,17.567,16.1,1.467,9.112
316,2017,Joey Gallo,35.526,36.8,-1.274,-3.462
317,2015,Carlos Gonzalez,21.746,21.9,-0.154,-0.703
318,2012,Miguel Montero,22.521,22.7,-0.179,-0.789
319,2010,Vladimir Guerrero,10.415,9.3,1.115,11.989
320,2014,Justin Upton,25.202,26.7,-1.498,-5.61
321,2010,Vernon Wells,10.677,13.0,-2.323,-17.869
322,2018,Jose Altuve,14.286,13.2,1.086,8.227
323,2013,Allen Craig,17.158,17.8,-0.642,-3.607
324,2018,Rhys Hoskins,22.261,22.7,-0.439,-1.934
325,2015,Buster Posey,8.309,8.3,0.009,0.108
326,2019,Tim Anderson,19.105,21.0,-1.895,-9.024
327,2012,Paul Goldschmidt,22.13,22.1,0.03,0.136
328,2013,Carlos Gomez,23.596,24.7,-1.104,-4.47
329,2018,Nick Castellanos,23.667,22.3,1.367,6.13
330,2012,Nick Swisher,21.991,22.6,-0.609,-2.695
331,2016,Kyle Seager,15.365,16.0,-0.635,-3.969
332,2017,Logan Morrison,24.132,24.8,-0.668,-2.694
333,2014,Jose Altuve,4.579,7.5,-2.921,-38.947
334,2012,Ian Desmond,19.557,20.7,-1.143,-5.522
335,2013,Yadier Molina,9.462,10.2,-0.738,-7.235
336,2014,Hanley Ramirez,15.866,16.4,-0.534,-3.256
337,2017,Brian Dozier,21.016,20.0,1.016,5.08
338,2019,Joc Pederson,20.981,21.6,-0.619,-2.866
339,2018,Scooter Gennett,17.103,19.6,-2.497,-12.74
340,2010,Brian McCann,18.402,17.3,1.102,6.37
341,2016,Jonathan Lucroy,18.771,18.4,0.371,2.016
342,2016,Wilson Ramos,14.907,15.1,-0.193,-1.278
343,2016,Carlos Gonzalez,20.874,20.4,0.474,2.324
344,2012,Alex Rios,12.055,14.4,-2.345,-16.285
345,2017,Chris Taylor,24.53,25.0,-0.47,-1.88
346,2014,Lucas Duda,23.183,22.7,0.483,2.128
347,2015,Jose Abreu,20.825,21.0,-0.175,-0.833
348,2011,Mark Teixeira,16.865,16.1,0.765,4.752
349,2017,Khris Davis,28.113,29.9,-1.787,-5.977
350,2015,Alex Rodriguez,25.49,23.4,2.09,8.932
351,2018,Miguel Andujar,15.394,16.0,-0.606,-3.787
352,2017,Travis Shaw,19.306,22.8,-3.494,-15.325
353,2018,Nelson Cruz,22.681,20.6,2.081,10.102
354,2019,Yasmani Grandal,24.437,22.0,2.437,11.077
355,2012,Adam LaRoche,20.324,21.3,-0.976,-4.582
356,2012,Adam Jones,20.638,18.1,2.538,14.022
357,2014,Anthony Rendon,14.818,15.2,-0.382,-2.513
358,2014,Robinson Cano,9.403,10.2,-0.797,-7.814
359,2017,Matt Carpenter,21.705,20.1,1.605,7.985
360,2014,Matt Holliday,14.985,15.0,-0.015,-0.1
361,2015,Prince Fielder,13.765,12.7,1.065,8.386
362,2011,Nick Swisher,18.908,19.7,-0.792,-4.02
363,2015,Lorenzo Cain,15.665,16.2,-0.535,-3.302
364,2013,Evan Longoria,21.807,23.4,-1.593,-6.808
365,2017,Andrew McCutchen,18.437,17.8,0.637,3.579
366,2016,Ben Zobrist,14.651,13.0,1.651,12.7
367,2019,Hunter Dozier,23.957,25.3,-1.343,-5.308
368,2018,Aaron Hicks,20.764,19.1,1.664,8.712
369,2019,Luke Voit,29.471,27.8,1.671,6.011
370,2012,Albert Pujols,12.723,11.3,1.423,12.593
371,2018,Giancarlo Stanton,28.326,29.9,-1.574,-5.264
372,2010,Daric Barton,15.579,14.9,0.679,4.557
373,2011,Andrew McCutchen,20.562,18.6,1.962,10.548
374,2013,Carlos Beltran,14.16,15.0,-0.84,-5.6
375,2018,Lorenzo Cain,16.775,15.2,1.575,10.362
376,2015,Brandon Belt,23.65,26.4,-2.75,-10.417
377,2018,Michael Brantley,7.865,9.5,-1.635,-17.211
378,2018,Anthony Rizzo,14.239,12.0,2.239,18.658
379,2015,Lucas Duda,23.16,24.9,-1.74,-6.988
380,2012,Shin-Soo Choo,22.84,21.9,0.94,4.292
381,2018,Tommy Pham,23.505,24.6,-1.095,-4.451
382,2010,Andrew McCutchen,15.211,13.6,1.611,11.846
383,2011,Ben Zobrist,17.755,19.0,-1.245,-6.553
384,2014,Starling Marte,24.173,24.0,0.173,0.721
385,2019,Gleyber Torres,22.818,21.4,1.418,6.626
386,2013,Prince Fielder,16.597,16.4,0.197,1.201
387,2010,Andres Torres,23.029,22.5,0.529,2.351
388,2019,Michael Conforto,23.248,23.0,0.248,1.078
389,2012,Corey Hart,24.523,24.3,0.223,0.918
390,2016,Carlos Beltran,15.168,17.0,-1.832,-10.776
391,2016,Mark Trumbo,25.761,25.5,0.261,1.024
392,2016,Dustin Pedroia,11.652,10.5,1.152,10.971
393,2010,Hideki Matsui,16.224,17.6,-1.376,-7.818
394,2010,Carlos Quentin,18.329,15.7,2.629,16.745
395,2017,Mark Reynolds,30.071,29.5,0.571,1.936
396,2019,Nick Castellanos,21.463,21.5,-0.037,-0.172
397,2018,Andrew Benintendi,14.907,16.0,-1.093,-6.831
398,2017,Josh Reddick,13.062,13.3,-0.238,-1.789
399,2012,Alex Gordon,19.788,19.4,0.388,2.0
400,2019,Kyle Schwarber,24.357,25.6,-1.243,-4.855
401,2013,Justin Upton,25.893,25.0,0.893,3.572
402,2010,Torii Hunter,19.173,16.4,2.773,16.909
403,2013,Buster Posey,12.609,11.8,0.809,6.856
404,2013,Jason Kipnis,20.337,21.7,-1.363,-6.281
405,2015,Curtis Granderson,21.687,22.1,-0.413,-1.869
406,2011,Rickie Weeks Jr.,23.014,20.8,2.214,10.644
407,2014,Seth Smith,18.242,16.7,1.542,9.234
408,2013,Hunter Pence,17.933,16.7,1.233,7.383
409,2014,Adam LaRoche,18.539,18.4,0.139,0.755
410,2016,Ian Kinsler,15.945,16.9,-0.955,-5.651
411,2012,Torii Hunter,22.573,22.8,-0.227,-0.996
412,2017,Eugenio Suarez,24.317,23.3,1.017,4.365
413,2011,Jhonny Peralta,16.625,16.5,0.125,0.758
414,2011,Carlos Pena,27.213,26.6,0.613,2.305
415,2013,Chase Utley,15.758,14.9,0.858,5.758
416,2014,Neil Walker,15.393,15.4,-0.007,-0.045
417,2018,Jose Martinez,18.359,17.6,0.759,4.313
418,2019,Trea Turner,21.063,19.9,1.163,5.844
419,2016,Jonathan Villar,25.476,25.6,-0.124,-0.484
420,2018,Shin-Soo Choo,24.331,23.5,0.831,3.536
421,2011,Ryan Howard,26.652,26.7,-0.048,-0.18
422,2010,Stephen Drew,17.016,17.1,-0.084,-0.491
423,2011,Seth Smith,19.347,17.4,1.947,11.19
424,2019,Max Kepler,16.67,16.6,0.07,0.422
425,2015,Jason Kipnis,17.843,16.7,1.143,6.844
426,2017,Jonathan Schoop,21.846,21.0,0.846,4.029
427,2016,Jose Ramirez,11.638,10.0,1.638,16.38
428,2012,Carlos Beltran,18.343,20.0,-1.657,-8.285
429,2018,Ben Zobrist,12.974,11.5,1.474,12.817
430,2015,Eric Hosmer,16.58,16.2,0.38,2.346
431,2016,Jose Bautista,20.74,19.9,0.84,4.221
432,2013,Chris Johnson,21.737,21.2,0.537,2.533
433,2019,Matt Chapman,22.249,21.9,0.349,1.594
434,2010,Delmon Young,11.821,13.2,-1.379,-10.447
435,2015,Adrian Gonzalez,17.011,16.6,0.411,2.476
436,2016,Jackie Bradley Jr.,23.317,22.5,0.817,3.631
437,2019,Ryan Braun,21.314,20.7,0.614,2.966
438,2014,Melky Cabrera,10.607,10.8,-0.193,-1.787
439,2019,Ozzie Albies,16.577,16.0,0.577,3.606
440,2011,Casey Kotchman,11.812,11.7,0.112,0.957
441,2010,Martin Prado,11.895,13.2,-1.305,-9.886
442,2011,Nelson Cruz,22.178,22.6,-0.422,-1.867
443,2013,Ryan Zimmerman,21.155,21.0,0.155,0.738
444,2014,Carlos Santana,18.707,18.8,-0.093,-0.495
445,2011,Brandon Phillips,14.493,12.6,1.893,15.024
446,2015,Mike Moustakas,14.517,12.4,2.117,17.073
447,2019,Shin-Soo Choo,26.673,25.0,1.673,6.692
448,2018,Gregory Polanco,21.163,21.9,-0.737,-3.365
449,2018,J.T. Realmuto,20.101,19.6,0.501,2.556
450,2016,Justin Turner,16.212,17.2,-0.988,-5.744
451,2016,George Springer,23.81,23.9,-0.09,-0.377
452,2014,Mike Napoli,27.14,26.6,0.54,2.03
453,2013,Shane Victorino,16.204,14.1,2.104,14.922
454,2019,Starling Marte,18.538,16.0,2.538,15.862
455,2011,Yadier Molina,7.837,8.5,-0.663,-7.8
456,2017,Jake Lamb,22.701,23.9,-1.199,-5.017
457,2011,Matt Joyce,18.767,20.3,-1.533,-7.552
458,2017,Francisco Lindor,13.336,12.9,0.436,3.38
459,2011,Miguel Montero,17.375,17.5,-0.125,-0.714
460,2010,Nick Markakis,12.458,13.1,-0.642,-4.901
461,2012,Jay Bruce,23.212,24.5,-1.288,-5.257
462,2011,Billy Butler,14.902,14.1,0.802,5.688
463,2019,Jorge Polanco,16.646,16.5,0.146,0.885
464,2016,Jake Lamb,25.494,25.9,-0.406,-1.568
465,2012,Bryce Harper,19.774,20.1,-0.326,-1.622
466,2010,Alfonso Soriano,23.474,22.4,1.074,4.795
467,2012,Ryan Zimmerman,19.083,18.1,0.983,5.431
468,2012,Garrett Jones,20.253,20.0,0.253,1.265
469,2018,Yasmani Grandal,25.288,23.9,1.388,5.808
470,2012,Jason Kubel,25.661,26.4,-0.739,-2.799
471,2012,Chris Davis,26.861,30.1,-3.239,-10.761
472,2019,Danny Santana,26.601,29.5,-2.899,-9.827
473,2014,Adrian Gonzalez,16.853,17.0,-0.147,-0.865
474,2015,Mookie Betts,15.215,12.5,2.715,21.72
475,2011,Michael Cuddyer,17.128,16.3,0.828,5.08
476,2012,A.J. Pierzynski,13.112,15.0,-1.888,-12.587
477,2013,Domonic Brown,17.348,18.0,-0.652,-3.622
478,2011,Carlos Santana,21.709,20.2,1.509,7.47
479,2016,Starling Marte,20.979,19.7,1.279,6.492
480,2017,Alex Bregman,13.655,15.5,-1.845,-11.903
481,2018,Stephen Piscotty,21.009,18.8,2.209,11.75
482,2016,Victor Martinez,13.976,14.8,-0.824,-5.568
483,2012,Jason Heyward,21.785,23.3,-1.515,-6.502
484,2018,Travis Shaw,17.84,18.4,-0.56,-3.043
485,2014,Josh Donaldson,20.122,18.7,1.422,7.604
486,2015,Adam Lind,18.659,17.5,1.159,6.623
487,2011,Josh Willingham,24.809,26.6,-1.791,-6.733
488,2017,Carlos Santana,14.984,14.1,0.884,6.27
489,2018,Didi Gregorius,14.241,12.1,2.141,17.694
490,2011,Melky Cabrera,11.35,13.3,-1.95,-14.662
491,2017,Jay Bruce,22.987,22.5,0.487,2.164
492,2014,Todd Frazier,21.596,21.1,0.496,2.351
493,2011,Dexter Fowler,21.792,23.1,-1.308,-5.662
494,2016,Evan Longoria,20.658,21.0,-0.342,-1.629
495,2012,Andre Ethier,19.963,20.1,-0.137,-0.682
496,2013,Adam Jones,20.925,19.7,1.225,6.218
497,2011,Brian McCann,15.717,16.9,-1.183,-7.0
498,2010,Chris Young,21.372,21.8,-0.428,-1.963
499,2015,Logan Forsythe,19.176,18.0,1.176,6.533
500,2011,Mark Reynolds,32.265,31.6,0.665,2.104
501,2012,Alfonso Soriano,23.981,24.9,-0.919,-3.691
502,2013,Eric Hosmer,15.597,14.7,0.897,6.102
503,2015,Ben Zobrist,10.504,10.5,0.004,0.038
504,2017,Eddie Rosario,18.018,18.0,0.018,0.1
505,2010,Justin Upton,24.902,26.6,-1.698,-6.383
506,2018,Whit Merrifield,17.051,16.1,0.951,5.907
507,2019,Francisco Lindor,13.468,15.0,-1.532,-10.213
508,2011,Jay Bruce,22.506,23.8,-1.294,-5.437
509,2011,Howie Kendrick,21.282,20.4,0.882,4.324
510,2017,Trey Mancini,23.596,23.7,-0.104,-0.439
511,2016,Khris Davis,28.494,27.2,1.294,4.757
512,2016,Carlos Correa,22.218,21.1,1.118,5.299
513,2018,Justin Smoak,23.711,26.3,-2.589,-9.844
514,2017,Joe Mauer,15.314,13.9,1.414,10.173
515,2019,Tommy Pham,18.64,18.8,-0.16,-0.851
516,2016,Jose Abreu,20.083,18.0,2.083,11.572
517,2017,Yasiel Puig,18.465,17.5,0.965,5.514
518,2019,Mike Moustakas,18.101,16.8,1.301,7.744
519,2015,Yunel Escobar,11.52,11.8,-0.28,-2.373
520,2017,Steven Souza Jr.,28.554,29.0,-0.446,-1.538
521,2018,Justin Upton,27.152,28.7,-1.548,-5.394
522,2018,Matt Kemp,22.269,22.7,-0.431,-1.899
523,2017,Christian Yelich,20.446,19.7,0.746,3.787
524,2011,Yunel Escobar,11.68,11.9,-0.22,-1.849
525,2015,Mitch Moreland,22.173,21.7,0.473,2.18
526,2016,Xander Bogaerts,19.097,17.1,1.997,11.678
527,2011,Chipper Jones,12.872,15.6,-2.728,-17.487
528,2011,Freddie Freeman,19.635,22.4,-2.765,-12.344
529,2016,Michael Saunders,26.482,28.1,-1.618,-5.758
530,2014,Dexter Fowler,21.583,21.4,0.183,0.855
531,2010,Bobby Abreu,18.289,19.8,-1.511,-7.631
532,2018,Jed Lowrie,18.283,18.8,-0.517,-2.75
533,2015,Jose Altuve,7.338,9.7,-2.362,-24.351
534,2016,Jason Kipnis,19.983,21.2,-1.217,-5.741
535,2018,Andrew McCutchen,22.215,21.3,0.915,4.296
536,2019,Javier Baez,26.769,27.8,-1.031,-3.709
537,2017,Jed Lowrie,15.547,15.5,0.047,0.303
538,2012,Derek Jeter,12.985,12.2,0.785,6.434
539,2010,Casey McGehee,13.258,15.2,-1.942,-12.776
540,2010,J.D. Drew,18.034,19.2,-1.166,-6.073
541,2018,C.J. Cron,25.318,25.9,-0.582,-2.247
542,2019,Rhys Hoskins,24.544,24.5,0.044,0.18
543,2017,Lorenzo Cain,17.867,15.5,2.367,15.271
544,2013,Dustin Pedroia,12.884,10.4,2.484,23.885
545,2011,Jeff Francoeur,17.384,18.8,-1.416,-7.532
546,2013,Torii Hunter,17.964,17.3,0.664,3.838
547,2015,Carlos Beltran,16.407,16.0,0.407,2.544
548,2015,Adam Eaton,19.086,19.0,0.086,0.453
549,2018,Johan Camargo,22.817,20.6,2.217,10.762
550,2018,Edwin Encarnacion,22.286,22.8,-0.514,-2.254
551,2014,Kyle Seager,16.169,18.0,-1.831,-10.172
552,2010,Ike Davis,21.782,23.0,-1.218,-5.296
553,2010,Brett Gardner,18.569,17.8,0.769,4.32
554,2013,Adrian Gonzalez,14.912,15.3,-0.388,-2.536
555,2012,Adam Dunn,30.314,34.2,-3.886,-11.363
556,2016,Chris Carter,32.327,32.0,0.327,1.022
557,2018,Eduardo Escobar,20.72,20.0,0.72,3.6
558,2014,Alex Gordon,21.317,19.6,1.717,8.76
559,2017,Cesar Hernandez,19.527,18.0,1.527,8.483
560,2019,Paul Goldschmidt,24.818,24.3,0.518,2.132
561,2012,Adrian Gonzalez,14.479,16.1,-1.621,-10.068
562,2012,Mark Trumbo,26.211,26.1,0.111,0.425
563,2011,Logan Morrison,16.711,18.9,-2.189,-11.582
564,2015,Jason Heyward,13.349,14.8,-1.451,-9.804
565,2012,Curtis Granderson,27.412,28.5,-1.088,-3.818
566,2014,Chris Carter,32.011,31.8,0.211,0.664
567,2019,Christian Walker,24.066,25.7,-1.634,-6.358
568,2016,Asdrubal Cabrera,18.128,18.1,0.028,0.155
569,2011,Andre Ethier,18.35,18.7,-0.35,-1.872
570,2012,Martin Prado,9.818,10.0,-0.182,-1.82
571,2013,Billy Butler,15.481,15.3,0.181,1.183
572,2010,Gaby Sanchez,16.179,15.7,0.479,3.051
573,2016,Stephen Piscotty,21.754,20.5,1.254,6.117
574,2018,Cody Bellinger,25.26,23.9,1.36,5.69
575,2012,Mark Teixeira,14.655,15.8,-1.145,-7.247
576,2013,Jonathan Lucroy,14.699,11.9,2.799,23.521
577,2015,Charlie Blackmon,16.714,16.4,0.314,1.915
578,2013,Jed Lowrie,12.206,13.7,-1.494,-10.905
579,2016,Yasmany Tomas,23.972,24.2,-0.228,-0.942
580,2017,Mike Moustakas,16.339,15.7,0.639,4.07
581,2018,Nick Markakis,12.501,11.3,1.201,10.628
582,2012,Cody Ross,23.161,24.4,-1.239,-5.078
583,2017,Yuli Gurriel,10.596,11.0,-0.404,-3.673
584,2016,Elvis Andrus,13.123,12.3,0.823,6.691
585,2013,Jay Bruce,26.433,26.5,-0.067,-0.253
586,2019,Brett Gardner,19.429,19.6,-0.171,-0.872
587,2011,J.J. Hardy,14.773,16.2,-1.427,-8.809
588,2019,Jose Abreu,21.722,21.9,-0.178,-0.813
589,2012,Dustin Pedroia,10.863,9.6,1.263,13.156
590,2013,Starling Marte,25.891,24.4,1.491,6.111
591,2010,Alex Rios,12.319,15.1,-2.781,-18.417
592,2012,Carlos Santana,18.742,16.6,2.142,12.904
593,2010,Curtis Granderson,20.753,22.0,-1.247,-5.668
594,2011,Asdrubal Cabrera,15.796,17.8,-2.004,-11.258
595,2012,Nori Aoki,11.811,9.4,2.411,25.649
596,2016,Adam Eaton,15.92,16.3,-0.38,-2.331
597,2017,Elvis Andrus,15.337,14.7,0.637,4.333
598,2014,Jhonny Peralta,19.48,17.8,1.68,9.438
599,2019,Eloy Jimenez,25.914,26.6,-0.686,-2.579
600,2011,Edwin Encarnacion,14.044,14.5,-0.456,-3.145
601,2010,Derrek Lee,21.492,21.4,0.092,0.43
602,2016,Bryce Harper,19.157,18.7,0.457,2.444
603,2010,Omar Infante,10.144,12.3,-2.156,-17.528
604,2011,Eric Hosmer,15.331,14.6,0.731,5.007
605,2010,Marlon Byrd,16.48,15.6,0.88,5.641
606,2018,Joey Gallo,33.798,35.9,-2.102,-5.855
607,2013,Jacoby Ellsbury,13.067,14.5,-1.433,-9.883
608,2015,Christian Yelich,18.565,19.2,-0.635,-3.307
609,2018,Kyle Schwarber,27.233,27.5,-0.267,-0.971
610,2017,Matt Joyce,22.079,20.8,1.279,6.149
611,2010,Raul Ibanez,16.936,17.0,-0.064,-0.376
612,2016,Mike Napoli,28.665,30.1,-1.435,-4.767
613,2016,Anthony Rendon,17.717,18.1,-0.383,-2.116
614,2012,Freddie Freeman,20.281,20.8,-0.519,-2.495
615,2010,Hunter Pence,16.778,16.0,0.778,4.862
616,2011,Gaby Sanchez,15.72,14.7,1.02,6.939
617,2016,Melky Cabrera,11.283,10.7,0.583,5.449
618,2018,Michael Conforto,25.343,24.9,0.443,1.779
619,2015,Todd Frazier,20.166,20.2,-0.034,-0.168
620,2019,Brian Anderson,22.494,21.9,0.594,2.712
621,2013,Will Venable,21.617,22.9,-1.283,-5.603
622,2014,Luis Valbuena,22.099,20.7,1.399,6.758
623,2012,Alex Rodriguez,22.017,21.9,0.117,0.534
624,2017,David Peralta,16.865,16.3,0.565,3.466
625,2016,Danny Valencia,22.995,22.2,0.795,3.581
626,2016,Yadier Molina,10.737,10.8,-0.063,-0.583
627,2013,Kendrys Morales,18.901,17.4,1.501,8.626
628,2017,DJ LeMahieu,12.651,13.2,-0.549,-4.159
629,2019,Adam Eaton,17.544,16.2,1.344,8.296
630,2016,Wil Myers,21.529,23.7,-2.171,-9.16
631,2014,Denard Span,9.211,9.7,-0.489,-5.041
632,2012,Jon Jay,15.359,14.1,1.259,8.929
633,2014,Kole Calhoun,18.709,19.4,-0.691,-3.562
634,2012,A.J. Ellis,21.695,21.2,0.495,2.335
635,2010,Adam LaRoche,25.02,28.0,-2.98,-10.643
636,2019,Eduardo Escobar,20.5,18.6,1.9,10.215
637,2018,Jurickson Profar,17.67,14.8,2.87,19.392
638,2016,Buster Posey,11.747,11.1,0.647,5.829
639,2014,Starlin Castro,16.832,17.6,-0.768,-4.364
640,2012,Justin Upton,19.489,19.3,0.189,0.979
641,2017,Corey Dickerson,24.096,24.2,-0.104,-0.43
642,2017,Nick Castellanos,23.031,21.4,1.631,7.621
643,2014,Christian Yelich,20.16,20.8,-0.64,-3.077
644,2010,Mike Napoli,27.04,26.9,0.14,0.52
645,2011,Carlos Lee,10.394,9.2,1.194,12.978
646,2015,Francisco Cervelli,18.024,18.4,-0.376,-2.043
647,2013,Ian Desmond,22.307,22.1,0.207,0.937
648,2018,Corey Dickerson,17.215,15.0,2.215,14.767
649,2014,Hunter Pence,20.057,18.4,1.657,9.005
650,2013,Andre Ethier,18.085,17.2,0.885,5.145
651,2016,Francisco Lindor,14.325,12.9,1.425,11.047
652,2013,Alfonso Soriano,24.785,24.9,-0.115,-0.462
653,2019,Corey Seager,17.226,18.1,-0.874,-4.829
654,2014,Adam Jones,20.674,19.5,1.174,6.021
655,2016,Kole Calhoun,19.762,17.6,2.162,12.284
656,2015,Russell Martin,21.212,20.9,0.312,1.493
657,2019,Whit Merrifield,17.608,17.1,0.508,2.971
658,2018,Eddie Rosario,17.958,17.6,0.358,2.034
659,2014,Yan Gomes,22.434,23.2,-0.766,-3.302
660,2014,Adam Eaton,15.459,15.4,0.059,0.383
661,2016,Chris Davis,31.006,32.9,-1.894,-5.757
662,2014,Albert Pujols,12.121,10.2,1.921,18.833
663,2011,Matt Wieters,15.521,15.2,0.321,2.112
664,2018,Matt Olson,23.932,24.7,-0.768,-3.109
665,2016,Jay Bruce,20.687,21.4,-0.713,-3.332
666,2015,Justin Upton,26.646,25.6,1.046,4.086
667,2014,Ryan Braun,18.712,19.5,-0.788,-4.041
668,2018,George Springer,20.112,19.7,0.412,2.091
669,2019,J.T. Realmuto,20.535,20.7,-0.165,-0.797
670,2014,Lonnie Chisenhall,18.411,18.6,-0.189,-1.016
671,2013,Victor Martinez,10.073,9.3,0.773,8.312
672,2014,Brian Dozier,18.601,18.2,0.401,2.203
673,2019,Kevin Newman,12.037,11.7,0.337,2.88
674,2018,Mallex Smith,21.027,18.0,3.027,16.817
675,2014,Brandon Moss,25.129,26.4,-1.271,-4.814
676,2014,Charlie Blackmon,14.916,14.8,0.116,0.784
677,2016,Curtis Granderson,21.119,20.5,0.619,3.02
678,2013,Coco Crisp,13.58,11.1,2.48,22.342
679,2017,Shin-Soo Choo,21.605,21.1,0.505,2.393
680,2017,Mookie Betts,10.224,11.1,-0.876,-7.892
681,2016,Kendrys Morales,20.462,19.4,1.062,5.474
682,2011,Ryan Roberts,18.627,17.7,0.927,5.237
683,2013,James Loney,11.49,12.9,-1.41,-10.93
684,2012,Kendrys Morales,22.344,22.2,0.144,0.649
685,2014,Matt Carpenter,16.043,15.7,0.343,2.185
686,2017,Josh Bell,18.374,18.9,-0.526,-2.783
687,2015,Josh Reddick,13.208,11.2,2.008,17.929
688,2011,Adam Jones,20.498,18.3,2.198,12.011
689,2018,Carlos Gonzalez,21.15,22.4,-1.25,-5.58
690,2017,Asdrubal Cabrera,15.288,15.4,-0.112,-0.727
691,2010,Drew Stubbs,27.727,28.8,-1.073,-3.726
692,2019,Franmil Reyes,29.473,28.5,0.973,3.414
693,2015,Xander Bogaerts,18.836,15.4,3.436,22.312
694,2011,Jon Jay,15.506,16.1,-0.594,-3.689
695,2016,Odubel Herrera,20.672,20.4,0.272,1.333
696,2018,Joey Wendle,17.388,17.6,-0.212,-1.205
697,2011,Starlin Castro,13.455,13.4,0.055,0.41
698,2014,Marcell Ozuna,26.896,26.8,0.096,0.358
699,2010,Johnny Damon,16.716,14.7,2.016,13.714
700,2013,Stephen Drew,23.188,24.8,-1.612,-6.5
701,2015,Chris Coghlan,19.011,18.7,0.311,1.663
702,2010,Dexter Fowler,19.657,20.6,-0.943,-4.578
703,2015,Starling Marte,22.248,19.4,2.848,14.68
704,2015,Adrian Beltre,13.581,10.5,3.081,29.343
705,2018,Jose Abreu,21.013,19.7,1.313,6.665
706,2018,Starling Marte,19.646,18.0,1.646,9.144
707,2011,Torii Hunter,21.317,19.3,2.017,10.451
708,2015,Dee Strange-Gordon,12.681,13.9,-1.219,-8.77
709,2013,Kyle Seager,17.684,17.6,0.084,0.477
710,2013,Chris Carter,33.987,36.2,-2.213,-6.113
711,2014,Matt Adams,17.949,20.2,-2.251,-11.144
712,2010,Adam Jones,22.464,19.2,3.264,17.0
713,2013,Nick Swisher,21.984,21.8,0.184,0.844
714,2017,Brett Gardner,16.983,17.9,-0.917,-5.123
715,2010,Brandon Phillips,14.099,12.1,1.999,16.521
716,2016,Rougned Odor,18.998,21.4,-2.402,-11.224
717,2010,Michael Young,15.686,16.0,-0.314,-1.963
718,2013,Howie Kendrick,18.885,17.3,1.585,9.162
719,2016,Logan Forsythe,21.986,22.4,-0.414,-1.848
720,2016,Ian Desmond,24.526,23.6,0.926,3.924
721,2019,Marcell Ozuna,22.782,20.8,1.982,9.529
722,2018,Josh Bell,19.286,17.8,1.486,8.348
723,2012,Nelson Cruz,21.992,21.8,0.192,0.881
724,2019,Jonathan Villar,23.922,24.6,-0.678,-2.756
725,2016,Martin Prado,11.785,10.5,1.285,12.238
726,2015,Stephen Vogt,18.037,19.0,-0.963,-5.068
727,2015,Robinson Cano,15.098,15.9,-0.802,-5.044
728,2011,Peter Bourjos,23.033,22.5,0.533,2.369
729,2014,Torii Hunter,16.198,15.2,0.998,6.566
730,2017,Wil Myers,24.264,27.7,-3.436,-12.404
731,2012,Pedro Alvarez,27.341,30.7,-3.359,-10.941
732,2019,Manny Machado,18.662,19.4,-0.738,-3.804
733,2012,Jose Reyes,8.359,7.8,0.559,7.167
734,2011,Emilio Bonifacio,20.517,20.1,0.417,2.075
735,2016,Cesar Hernandez,19.243,18.6,0.643,3.457
736,2015,Joc Pederson,30.384,29.1,1.284,4.412
737,2017,Didi Gregorius,14.548,12.3,2.248,18.276
738,2015,Troy Tulowitzki,20.304,21.3,-0.996,-4.676
739,2013,Brett Gardner,18.069,20.9,-2.831,-13.545
740,2012,Mark Reynolds,29.769,29.6,0.169,0.571
741,2018,Chris Taylor,28.551,29.5,-0.949,-3.217
742,2015,Ian Kinsler,11.753,11.9,-0.147,-1.235
743,2017,Todd Frazier,22.87,21.7,1.17,5.392
744,2015,Kyle Seager,14.5,14.3,0.2,1.399
745,2012,Chris Johnson,23.199,25.0,-1.801,-7.204
746,2019,Jose Ramirez,13.752,13.7,0.052,0.38
747,2010,Angel Pagan,13.225,15.3,-2.075,-13.562
748,2016,Adrian Gonzalez,17.315,18.5,-1.185,-6.405
749,2013,Ben Zobrist,10.23,13.0,-2.77,-21.308
750,2017,Robinson Cano,13.209,13.1,0.109,0.832
751,2019,Avisail Garcia,24.061,23.6,0.461,1.953
752,2015,Adam Jones,17.52,17.6,-0.08,-0.455
753,2015,Gerardo Parra,15.507,15.6,-0.093,-0.596
754,2013,Ian Kinsler,10.67,9.6,1.07,11.146
755,2012,Neil Walker,17.94,19.6,-1.66,-8.469
756,2017,Adam Jones,17.874,17.8,0.074,0.416
757,2019,Kolten Wong,16.366,15.1,1.266,8.384
758,2017,Tim Beckham,28.425,29.0,-0.575,-1.983
759,2012,Angel Pagan,12.021,14.7,-2.679,-18.224
760,2017,Jean Segura,15.205,14.7,0.505,3.435
761,2014,Aramis Ramirez,14.405,14.1,0.305,2.163
762,2011,Dan Uggla,24.03,23.2,0.83,3.578
763,2014,Adam Dunn,30.208,31.1,-0.892,-2.868
764,2016,Matt Kemp,23.294,23.2,0.094,0.405
765,2015,Odubel Herrera,23.894,24.0,-0.106,-0.442
766,2018,Carlos Santana,16.629,13.7,2.929,21.38
767,2013,Neil Walker,16.928,15.4,1.528,9.922
768,2016,J.T. Realmuto,17.779,18.3,-0.521,-2.847
769,2015,Albert Pujols,13.109,10.9,2.209,20.266
770,2016,Brad Miller,23.001,24.8,-1.799,-7.254
771,2014,Ben Zobrist,13.003,12.8,0.203,1.586
772,2018,Brian Anderson,20.397,19.3,1.097,5.684
773,2011,Melvin Upton Jr.,22.926,25.2,-2.274,-9.024
774,2011,Nick Markakis,11.41,10.5,0.91,8.667
775,2012,Alejandro De Aza,19.025,18.6,0.425,2.285
776,2016,Adam Duvall,24.241,27.0,-2.759,-10.219
777,2019,Daniel Vogelbach,25.948,26.7,-0.752,-2.816
778,2015,Dexter Fowler,20.369,22.3,-1.931,-8.659
779,2010,Lyle Overbay,20.188,21.5,-1.312,-6.102
780,2013,Austin Jackson,20.986,21.0,-0.014,-0.067
781,2017,Whit Merrifield,15.651,14.0,1.651,11.793
782,2012,Asdrubal Cabrera,14.628,16.1,-1.472,-9.143
783,2012,Ryan Doumit,18.556,18.6,-0.044,-0.237
784,2017,Andrew Benintendi,16.763,17.0,-0.237,-1.394
785,2017,Josh Harrison,18.49,16.6,1.89,11.386
786,2017,J.T. Realmuto,17.722,18.3,-0.578,-3.158
787,2012,David DeJesus,16.306,15.3,1.006,6.575
788,2010,Jeff Keppinger,6.523,6.3,0.223,3.54
789,2015,Brandon Crawford,23.614,21.2,2.414,11.387
790,2019,Joey Votto,18.583,20.2,-1.617,-8.005
791,2018,Asdrubal Cabrera,18.752,20.1,-1.348,-6.706
792,2013,Adam Dunn,28.593,31.1,-2.507,-8.061
793,2013,Justin Smoak,20.961,22.8,-1.839,-8.066
794,2019,Christian Vazquez,19.004,19.4,-0.396,-2.041
795,2014,Brett Gardner,19.558,21.1,-1.542,-7.308
796,2012,Matt Wieters,18.338,18.9,-0.562,-2.974
797,2015,Matt Duffy,14.663,15.7,-1.037,-6.605
798,2019,Asdrubal Cabrera,19.544,20.0,-0.456,-2.28
799,2018,Trea Turner,19.107,17.8,1.307,7.343
800,2011,Derek Jeter,13.638,13.3,0.338,2.541
801,2013,Pablo Sandoval,13.548,13.5,0.048,0.356
802,2010,Jonny Gomes,21.557,21.5,0.057,0.265
803,2014,Trevor Plouffe,18.661,18.7,-0.039,-0.209
804,2016,Gregory Polanco,18.38,20.3,-1.92,-9.458
805,2010,Shane Victorino,13.074,12.2,0.874,7.164
806,2013,Nate Schierholtz,18.867,18.7,0.167,0.893
807,2012,Ike Davis,23.798,24.1,-0.302,-1.253
808,2016,Albert Pujols,13.313,11.5,1.813,15.765
809,2015,Carlos Santana,17.233,18.3,-1.067,-5.831
810,2010,Ichiro Suzuki,11.578,11.7,-0.122,-1.043
811,2019,Yasiel Puig,21.337,21.8,-0.463,-2.124
812,2014,Lorenzo Cain,20.967,21.5,-0.533,-2.479
813,2014,Khris Davis,23.582,22.2,1.382,6.225
814,2012,Jordan Pacheco,10.118,12.1,-1.982,-16.38
815,2013,Alex Rios,14.585,16.3,-1.715,-10.521
816,2018,Denard Span,15.195,15.8,-0.605,-3.829
817,2018,Ketel Marte,12.962,13.6,-0.638,-4.691
818,2013,Desmond Jennings,20.728,19.1,1.628,8.524
819,2017,Curtis Granderson,22.279,23.3,-1.021,-4.382
820,2019,Kole Calhoun,26.32,25.6,0.72,2.812
821,2012,Justin Morneau,18.425,17.9,0.525,2.933
822,2014,Conor Gillaspie,13.284,15.4,-2.116,-13.74
823,2010,Michael Cuddyer,14.302,13.8,0.502,3.638
824,2016,Marcell Ozuna,19.286,18.9,0.386,2.042
825,2013,Pedro Alvarez,28.949,30.3,-1.351,-4.459
826,2017,Scott Schebler,21.872,23.5,-1.628,-6.928
827,2014,Marlon Byrd,26.774,29.0,-2.226,-7.676
828,2019,Ryan McMahon,27.745,29.7,-1.955,-6.582
829,2019,Andrew Benintendi,21.025,22.8,-1.775,-7.785
830,2013,Chase Headley,23.278,23.7,-0.422,-1.781
831,2011,Chris Young,22.483,21.1,1.383,6.555
832,2010,Mark Reynolds,34.997,35.4,-0.403,-1.138
833,2014,Jason Heyward,15.933,15.1,0.833,5.517
834,2016,Justin Upton,26.416,28.6,-2.184,-7.636
835,2010,Starlin Castro,13.535,14.0,-0.465,-3.321
836,2019,Vladimir Guerrero Jr.,19.01,17.7,1.31,7.401
837,2017,Chase Headley,23.409,22.5,0.909,4.04
838,2013,Jean Segura,13.669,13.5,0.169,1.252
839,2012,Marco Scutaro,6.076,7.2,-1.124,-15.611
840,2010,Austin Jackson,22.46,25.2,-2.74,-10.873
841,2019,Scott Kingery,28.065,29.4,-1.335,-4.541
842,2010,Ryan Ludwick,22.481,21.9,0.581,2.653
843,2013,Salvador Perez,9.295,12.0,-2.705,-22.542
844,2016,Andrew McCutchen,22.287,21.2,1.087,5.127
845,2018,Mike Moustakas,17.183,16.2,0.983,6.068
846,2017,Odubel Herrera,22.787,22.4,0.387,1.728
847,2019,Eddie Rosario,14.485,14.6,-0.115,-0.788
848,2014,Ian Desmond,26.538,28.2,-1.662,-5.894
849,2010,Matt Kemp,25.434,25.4,0.034,0.134
850,2017,Joe Panik,10.271,9.4,0.871,9.266
851,2013,Martin Prado,6.523,8.0,-1.477,-18.463
852,2010,Melvin Upton Jr.,25.439,26.9,-1.461,-5.431
853,2012,Hanley Ramirez,19.525,19.8,-0.275,-1.389
854,2012,Kevin Youkilis,21.824,21.2,0.624,2.943
855,2011,Alberto Callaspo,8.812,9.0,-0.188,-2.089
856,2011,James Loney,10.847,11.5,-0.653,-5.678
857,2018,Teoscar Hernandez,32.166,31.2,0.966,3.096
858,2011,Mark Trumbo,20.59,20.9,-0.31,-1.483
859,2019,Jason Heyward,18.125,18.7,-0.575,-3.075
860,2014,Howie Kendrick,18.022,16.3,1.722,10.564
861,2017,Ender Inciarte,12.489,13.1,-0.611,-4.664
862,2017,Manny Machado,16.138,16.7,-0.562,-3.365
863,2016,Jayson Werth,23.414,22.9,0.514,2.245
864,2010,Jason Kubel,18.207,19.9,-1.693,-8.508
865,2015,DJ LeMahieu,16.529,17.3,-0.771,-4.457
866,2015,Mark Trumbo,24.002,24.2,-0.198,-0.818
867,2014,Jacoby Ellsbury,12.205,14.6,-2.395,-16.404
868,2015,Brett Gardner,20.303,20.6,-0.297,-1.442
869,2012,Ian Kinsler,13.861,12.3,1.561,12.691
870,2015,Nick Markakis,12.227,12.1,0.127,1.05
871,2019,Wilson Ramos,13.147,13.2,-0.053,-0.402
872,2017,Carlos Gonzalez,22.568,22.3,0.268,1.202
873,2016,Joe Mauer,17.119,16.1,1.019,6.329
874,2015,Brian McCann,16.892,18.1,-1.208,-6.674
875,2016,Brandon Crawford,20.985,18.5,2.485,13.432
876,2016,Yunel Escobar,11.992,11.8,0.192,1.627
877,2018,Marcell Ozuna,18.124,17.5,0.624,3.566
878,2016,Troy Tulowitzki,17.642,18.6,-0.958,-5.151
879,2011,Johnny Damon,16.669,14.2,2.469,17.387
880,2017,Adam Duvall,24.124,26.3,-2.176,-8.274
881,2018,Jean Segura,10.662,10.9,-0.238,-2.183
882,2015,Evan Longoria,19.301,19.7,-0.399,-2.025
883,2017,Kyle Seager,18.291,16.9,1.391,8.231
884,2018,Derek Dietrich,22.932,25.4,-2.468,-9.717
885,2019,Domingo Santana,30.124,32.3,-2.176,-6.737
886,2012,Josh Reddick,20.151,22.4,-2.249,-10.04
887,2017,David Freese,22.622,23.1,-0.478,-2.069
888,2016,Eric Hosmer,20.345,19.8,0.545,2.753
889,2012,Michael Bourn,21.724,22.0,-0.276,-1.255
890,2018,Andrelton Simmons,3.919,7.3,-3.381,-46.315
891,2014,Yoenis Cespedes,19.385,19.8,-0.415,-2.096
892,2011,Alfonso Soriano,21.773,22.2,-0.427,-1.923
893,2016,Todd Frazier,24.777,24.5,0.277,1.131
894,2019,Dexter Fowler,24.188,24.7,-0.512,-2.073
895,2013,Nori Aoki,6.381,5.9,0.481,8.153
896,2013,Alex Gordon,19.94,20.1,-0.16,-0.796
897,2017,Mitch Moreland,21.596,20.8,0.796,3.827
898,2017,Javier Baez,29.147,28.3,0.847,2.993
899,2010,Jose Reyes,11.243,10.4,0.843,8.106
900,2012,Dan Uggla,28.261,26.7,1.561,5.846
901,2010,Carlos Pena,26.41,27.1,-0.69,-2.546
902,2013,Manny Machado,14.421,15.9,-1.479,-9.302
903,2017,Denard Span,11.907,12.7,-0.793,-6.244
904,2011,Erick Aybar,12.14,11.2,0.94,8.393
905,2013,Jedd Gyorko,23.939,23.4,0.539,2.303
906,2015,Matt Kemp,22.43,22.7,-0.27,-1.189
907,2012,Brandon Phillips,15.848,12.7,3.148,24.787
908,2014,Nick Markakis,11.469,11.8,-0.331,-2.805
909,2011,Michael Bourn,19.113,19.4,-0.287,-1.479
910,2015,Ender Inciarte,9.4,10.3,-0.9,-8.738
911,2015,Neil Walker,18.045,18.2,-0.155,-0.852
912,2012,Denard Span,10.882,10.9,-0.018,-0.165
913,2013,Anthony Rizzo,18.818,18.4,0.418,2.272
914,2015,Daniel Murphy,5.699,7.1,-1.401,-19.732
915,2012,Jose Altuve,8.236,11.7,-3.464,-29.607
916,2013,Marco Scutaro,7.899,6.2,1.699,27.403
917,2011,Jimmy Rollins,8.748,9.4,-0.652,-6.936
918,2014,Chase Utley,12.802,12.8,0.002,0.016
919,2018,Rougned Odor,21.295,23.7,-2.405,-10.148
920,2014,Kurt Suzuki,10.996,9.1,1.896,20.835
921,2010,Alexei Ramirez,13.976,13.1,0.876,6.687
922,2018,Justin Bour,25.709,24.8,0.909,3.665
923,2015,Yangervis Solarte,9.517,9.8,-0.283,-2.888
924,2011,Danny Espinosa,23.78,25.2,-1.42,-5.635
925,2010,Juan Uribe,18.685,16.0,2.685,16.781
926,2011,Neil Walker,15.838,16.9,-1.062,-6.284
927,2014,Martin Prado,12.587,14.0,-1.413,-10.093
928,2012,Coco Crisp,12.389,12.6,-0.211,-1.675
929,2018,Ozzie Albies,15.82,17.0,-1.18,-6.941
930,2016,Angel Pagan,11.458,12.2,-0.742,-6.082
931,2018,Nomar Mazara,22.145,21.6,0.545,2.523
932,2016,Eduardo Nunez,14.051,14.8,-0.749,-5.061
933,2014,Daniel Murphy,11.461,13.4,-1.939,-14.47
934,2012,Starlin Castro,13.606,14.5,-0.894,-6.166
935,2019,Justin Smoak,21.929,21.2,0.729,3.439
936,2018,Yuli Gurriel,9.449,11.0,-1.551,-14.1
937,2018,Matt Duffy,15.762,16.6,-0.838,-5.048
938,2014,Pablo Sandoval,11.758,13.3,-1.542,-11.594
939,2019,Renato Nunez,24.704,23.9,0.804,3.364
940,2018,Yadier Molina,15.944,13.1,2.844,21.71
941,2015,Brian Dozier,19.937,21.0,-1.063,-5.062
942,2017,Andrelton Simmons,9.585,10.4,-0.815,-7.837
943,2013,Nate McLouth,13.271,14.5,-1.229,-8.476
944,2013,Chris Denorfia,17.678,16.2,1.478,9.123
945,2012,Yonder Alonso,14.775,16.3,-1.525,-9.356
946,2012,Melvin Upton Jr.,24.69,26.7,-2.01,-7.528
947,2017,Trevor Story,29.909,34.4,-4.491,-13.055
948,2015,Jhonny Peralta,17.464,17.3,0.164,0.948
949,2012,Hunter Pence,22.728,21.1,1.628,7.716
950,2014,Joe Mauer,18.505,18.5,0.005,0.027
951,2012,Michael Brantley,5.901,9.2,-3.299,-35.859
952,2018,DJ LeMahieu,13.008,14.1,-1.092,-7.745
953,2010,Cody Ross,21.347,21.3,0.047,0.221
954,2012,Jimmy Rollins,10.93,13.7,-2.77,-20.219
955,2019,Evan Longoria,22.315,22.0,0.315,1.432
956,2012,Elvis Andrus,14.495,13.5,0.995,7.37
957,2010,Placido Polanco,7.623,7.8,-0.177,-2.269
958,2010,Aramis Ramirez,18.368,17.8,0.568,3.191
959,2016,Russell Martin,26.956,27.7,-0.744,-2.686
960,2013,David Freese,20.357,20.3,0.057,0.281
961,2010,Scott Podsednik,13.026,13.9,-0.874,-6.288
962,2010,Brennan Boesch,17.695,19.3,-1.605,-8.316
963,2011,Alexei Ramirez,13.187,12.3,0.887,7.211
964,2019,Paul DeJong,22.647,22.4,0.247,1.103
965,2015,Brock Holt,18.778,19.1,-0.322,-1.686
966,2013,Mark Trumbo,26.291,27.1,-0.809,-2.985
967,2010,Jose Guillen,20.003,19.6,0.403,2.056
968,2013,J.J. Hardy,10.918,11.3,-0.382,-3.381
969,2011,Bobby Abreu,19.364,19.3,0.064,0.332
970,2017,Xander Bogaerts,20.81,18.3,2.51,13.716
971,2012,Erick Aybar,8.779,11.0,-2.221,-20.191
972,2014,Shin-Soo Choo,24.556,24.8,-0.244,-0.984
973,2012,Dayan Viciedo,21.254,22.1,-0.846,-3.828
974,2010,Marco Scutaro,9.055,10.2,-1.145,-11.225
975,2013,Justin Morneau,18.041,17.3,0.741,4.283
976,2010,Casey Blake,23.557,24.2,-0.643,-2.657
977,2012,Rickie Weeks Jr.,24.625,25.0,-0.375,-1.5
978,2015,Trevor Plouffe,19.952,19.6,0.352,1.796
979,2014,Jose Reyes,11.238,11.1,0.138,1.243
980,2012,Kyle Seager,15.381,16.9,-1.519,-8.988
981,2010,Alex Gonzalez,19.555,18.4,1.155,6.277
982,2013,Adam LaRoche,20.958,22.2,-1.242,-5.595
983,2018,Willson Contreras,24.079,22.2,1.879,8.464
984,2016,Nick Markakis,12.467,14.8,-2.333,-15.764
985,2011,Brett Gardner,14.298,15.8,-1.502,-9.506
986,2017,Nick Markakis,15.639,16.4,-0.761,-4.64
987,2013,Alejandro De Aza,21.199,21.8,-0.601,-2.757
988,2012,Michael Saunders,22.211,23.9,-1.689,-7.067
989,2016,Jonathan Schoop,22.412,21.2,1.212,5.717
990,2013,Michael Young,14.63,14.7,-0.07,-0.476
991,2014,Curtis Granderson,22.169,21.6,0.569,2.634
992,2013,Michael Brantley,8.289,11.0,-2.711,-24.645
993,2018,Cesar Hernandez,22.648,21.9,0.748,3.416
994,2019,Adam Frazier,13.644,12.3,1.344,10.927
995,2014,Nori Aoki,10.34,8.9,1.44,16.18
996,2013,Daniel Murphy,10.306,13.6,-3.294,-24.221
997,2013,Mitch Moreland,22.949,22.6,0.349,1.544
998,2017,Ryon Healy,22.492,23.5,-1.008,-4.289
999,2017,Kendrys Morales,22.328,21.7,0.628,2.894
1000,2011,Vladimir Guerrero,9.576,9.5,0.076,0.8
1001,2014,Jimmy Rollins,16.72,16.4,0.32,1.951
1002,2013,Jon Jay,16.175,16.4,-0.225,-1.372
1003,2013,Brian Dozier,18.549,19.3,-0.751,-3.891
1004,2014,Casey McGehee,13.375,14.8,-1.425,-9.628
1005,2013,Josh Hamilton,23.866,24.8,-0.934,-3.766
1006,2017,Melky Cabrera,9.63,11.1,-1.47,-13.243
1007,2012,Brett Lawrie,16.064,16.0,0.064,0.4
1008,2011,Mitch Moreland,17.375,18.0,-0.625,-3.472
1009,2019,Brandon Belt,19.745,20.6,-0.855,-4.15
1010,2018,Yonder Alonso,20.043,21.4,-1.357,-6.341
1011,2018,Jose Peraza,10.623,11.0,-0.377,-3.427
1012,2011,Jayson Werth,22.367,24.7,-2.333,-9.445
1013,2014,Ian Kinsler,10.113,10.9,-0.787,-7.22
1014,2010,Orlando Hudson,12.676,15.6,-2.924,-18.744
1015,2013,Todd Frazier,21.404,20.8,0.604,2.904
1016,2011,Elvis Andrus,11.832,11.1,0.732,6.595
1017,2018,Joe Mauer,15.768,15.8,-0.032,-0.203
1018,2015,Asdrubal Cabrera,18.491,19.4,-0.909,-4.686
1019,2019,Alex Gordon,16.858,15.8,1.058,6.696
1020,2016,Ender Inciarte,9.76,11.8,-2.04,-17.288
1021,2016,Didi Gregorius,14.379,13.7,0.679,4.956
1022,2016,Corey Dickerson,24.958,24.5,0.458,1.869
1023,2016,Adam Jones,19.222,17.1,2.122,12.409
1024,2014,James Loney,11.361,12.3,-0.939,-7.634
1025,2019,Miguel Cabrera,19.507,19.7,-0.193,-0.98
1026,2019,Hanser Alberto,10.365,9.1,1.265,13.901
1027,2016,Nomar Mazara,19.187,19.7,-0.513,-2.604
1028,2019,Amed Rosario,19.791,18.9,0.891,4.714
1029,2010,Ty Wigginton,18.58,17.9,0.68,3.799
1030,2013,Gerardo Parra,15.964,15.1,0.864,5.722
1031,2013,Yoenis Cespedes,23.112,23.9,-0.788,-3.297
1032,2010,Derek Jeter,13.673,14.3,-0.627,-4.385
1033,2017,Hanley Ramirez,21.12,21.0,0.12,0.571
1034,2012,Daniel Murphy,11.941,13.4,-1.459,-10.888
1035,2014,Dustin Pedroia,13.654,12.3,1.354,11.008
1036,2019,David Fletcher,10.374,9.8,0.574,5.857
1037,2015,Martin Prado,12.959,12.3,0.659,5.358
1038,2018,Marwin Gonzalez,22.268,22.8,-0.532,-2.333
1039,2017,Nomar Mazara,21.139,20.6,0.539,2.617
1040,2011,Kosuke Fukudome,19.066,18.2,0.866,4.758
1041,2016,Brett Gardner,15.624,16.7,-1.076,-6.443
1042,2011,Jamey Carroll,13.191,11.4,1.791,15.711
1043,2010,Ben Zobrist,17.235,16.3,0.935,5.736
1044,2015,Billy Burns,12.815,14.6,-1.785,-12.226
1045,2019,Dansby Swanson,24.052,22.8,1.252,5.491
1046,2015,Kole Calhoun,22.548,23.9,-1.352,-5.657
1047,2015,Evan Gattis,17.698,19.7,-2.002,-10.162
1048,2015,Marlon Byrd,25.622,26.7,-1.078,-4.037
1049,2019,Victor Robles,21.104,22.7,-1.596,-7.031
1050,2014,Yangervis Solarte,11.017,10.8,0.217,2.009
1051,2016,Addison Russell,24.076,22.6,1.476,6.531
1052,2018,Max Kepler,15.758,15.7,0.058,0.369
1053,2010,James Loney,13.273,14.7,-1.427,-9.707
1054,2014,Mark Teixeira,21.435,21.5,-0.065,-0.302
1055,2016,Eugenio Suarez,23.777,24.7,-0.923,-3.737
1056,2011,Adam Lind,17.501,19.7,-2.199,-11.162
1057,2016,Cheslor Cuthbert,20.423,18.8,1.623,8.633
1058,2014,Evan Longoria,19.809,19.0,0.809,4.258
1059,2014,Garrett Jones,20.041,21.2,-1.159,-5.467
1060,2012,Alcides Escobar,17.474,15.4,2.074,13.468
1061,2014,Chase Headley,21.034,23.0,-1.966,-8.548
1062,2010,Howie Kendrick,15.293,14.3,0.993,6.944
1063,2012,Howie Kendrick,20.024,19.4,0.624,3.216
1064,2010,Pablo Sandoval,12.563,13.1,-0.537,-4.099
1065,2010,Brandon Inge,24.388,23.1,1.288,5.576
1066,2017,Brandon Phillips,15.16,12.1,3.06,25.289
1067,2017,Yadier Molina,14.938,13.6,1.338,9.838
1068,2011,Cameron Maybin,22.511,22.0,0.511,2.323
1069,2015,Ben Revere,8.309,10.1,-1.791,-17.733
1070,2015,Brandon Phillips,13.511,10.9,2.611,23.954
1071,2018,Starlin Castro,18.711,19.2,-0.489,-2.547
1072,2017,Ben Gamel,20.023,22.2,-2.177,-9.806
1073,2011,A.J. Pierzynski,7.015,6.6,0.415,6.288
1074,2018,Adam Jones,17.646,15.2,2.446,16.092
1075,2019,Cesar Hernandez,16.033,15.0,1.033,6.887
1076,2012,Jason Kipnis,17.326,16.2,1.126,6.951
1077,2013,Russell Martin,20.343,21.3,-0.957,-4.493
1078,2019,Colin Moran,20.872,23.3,-2.428,-10.421
1079,2011,Kelly Johnson,26.195,26.6,-0.405,-1.523
1080,2019,Jean Segura,12.731,11.8,0.931,7.89
1081,2018,Ian Desmond,24.329,23.6,0.729,3.089
1082,2016,Marcus Semien,21.979,22.4,-0.421,-1.879
1083,2010,Garrett Jones,18.752,18.8,-0.048,-0.255
1084,2017,Max Kepler,19.045,20.1,-1.055,-5.249
1085,2018,Odubel Herrera,23.288,20.4,2.888,14.157
1086,2016,Brandon Phillips,15.439,11.6,3.839,33.095
1087,2017,Kole Calhoun,21.255,20.5,0.755,3.683
1088,2019,Nick Ahmed,19.869,18.1,1.769,9.773
1089,2014,Dioner Navarro,14.949,14.6,0.349,2.39
1090,2016,Scooter Gennett,19.105,21.0,-1.895,-9.024
1091,2014,Alexei Ramirez,12.552,12.3,0.252,2.049
1092,2014,Coco Crisp,13.973,12.3,1.673,13.602
1093,2014,David Freese,22.722,24.3,-1.578,-6.494
1094,2014,Eric Hosmer,15.998,17.0,-1.002,-5.894
1095,2019,Jackie Bradley Jr.,27.617,27.3,0.317,1.161
1096,2013,Denard Span,10.056,11.6,-1.544,-13.31
1097,2013,A.J. Pierzynski,12.283,14.4,-2.117,-14.701
1098,2017,Yolmer Sanchez,22.131,20.8,1.331,6.399
1099,2017,Jackie Bradley Jr.,23.398,22.9,0.498,2.175
1100,2016,Starlin Castro,19.863,19.3,0.563,2.917
1101,2014,Desmond Jennings,20.737,19.9,0.837,4.206
1102,2019,Willy Adames,25.125,26.2,-1.075,-4.103
1103,2010,Chase Headley,19.786,20.6,-0.814,-3.951
1104,2017,Miguel Cabrera,20.595,20.8,-0.205,-0.986
1105,2012,Danny Espinosa,27.003,28.7,-1.697,-5.913
1106,2017,Ian Kinsler,15.38,14.0,1.38,9.857
1107,2017,Evan Longoria,16.664,16.1,0.564,3.503
1108,2017,Jose Reyes,15.838,14.1,1.738,12.326
1109,2016,Zack Cozart,16.85,16.5,0.35,2.121
1110,2017,Dee Strange-Gordon,13.457,13.4,0.057,0.425
1111,2013,Alberto Callaspo,8.339,9.1,-0.761,-8.363
1112,2014,Dee Strange-Gordon,16.933,16.5,0.433,2.624
1113,2017,Chris Davis,32.977,37.2,-4.223,-11.352
1114,2011,Jason Bay,20.361,21.4,-1.039,-4.855
1115,2016,Chase Utley,19.532,20.4,-0.868,-4.255
1116,2018,Jonathan Villar,26.904,26.8,0.104,0.388
1117,2017,Byron Buxton,28.436,29.4,-0.964,-3.279
1118,2016,Denard Span,13.726,12.4,1.326,10.694
1119,2011,David DeJesus,16.465,17.0,-0.535,-3.147
1120,2013,Yunel Escobar,12.706,12.6,0.106,0.841
1121,2015,Billy Butler,17.582,16.8,0.782,4.655
1122,2017,Yangervis Solarte,11.81,11.9,-0.09,-0.756
1123,2018,Yoan Moncada,29.63,33.4,-3.77,-11.287
1124,2016,Maikel Franco,17.926,16.8,1.126,6.702
1125,2013,Ryan Doumit,19.671,18.4,1.271,6.908
1126,2015,Marcus Semien,21.09,22.0,-0.91,-4.136
1127,2015,Nick Castellanos,25.363,25.5,-0.137,-0.537
1128,2018,Jeimer Candelario,24.823,25.8,-0.977,-3.787
1129,2016,Chase Headley,21.574,22.3,-0.726,-3.256
1130,2017,Danny Valencia,24.772,24.4,0.372,1.525
1131,2015,Joe Mauer,17.448,16.8,0.648,3.857
1132,2014,Billy Butler,15.466,15.9,-0.434,-2.73
1133,2018,Jackie Bradley Jr.,25.932,25.6,0.332,1.297
1134,2013,Mark Reynolds,30.206,30.6,-0.394,-1.288
1135,2012,Omar Infante,10.345,11.1,-0.755,-6.802
1136,2014,Alejandro De Aza,23.105,22.5,0.605,2.689
1137,2012,Shane Victorino,12.155,12.0,0.155,1.292
1138,2015,Kevin Pillar,16.236,13.5,2.736,20.267
1139,2016,Travis Shaw,22.03,25.1,-3.07,-12.231
1140,2010,Carlos Lee,8.072,9.1,-1.028,-11.297
1141,2015,Kolten Wong,15.663,15.5,0.163,1.052
1142,2010,Adam Lind,21.238,23.5,-2.262,-9.626
1143,2018,Eric Hosmer,21.062,21.0,0.062,0.295
1144,2017,Manuel Margot,19.784,20.0,-0.216,-1.08
1145,2014,Brandon Crawford,24.052,22.9,1.152,5.031
1146,2017,Orlando Arcia,20.569,18.2,2.369,13.016
1147,2015,Kevin Kiermaier,17.007,17.8,-0.793,-4.455
1148,2017,Jorge Polanco,14.318,14.3,0.018,0.126
1149,2014,Alex Rios,16.186,17.9,-1.714,-9.575
1150,2011,Juan Rivera,12.551,14.6,-2.049,-14.034
1151,2019,Eric Hosmer,23.465,24.4,-0.935,-3.832
1152,2010,Jhonny Peralta,17.009,16.7,0.309,1.85
1153,2010,Rajai Davis,12.015,13.9,-1.885,-13.561
1154,2013,Trevor Plouffe,19.149,21.5,-2.351,-10.935
1155,2012,Carlos Pena,29.609,30.3,-0.691,-2.281
1156,2015,Jay Bruce,20.286,22.3,-2.014,-9.031
1157,2015,Derek Norris,22.622,23.5,-0.878,-3.736
1158,2015,Aramis Ramirez,13.603,13.2,0.403,3.053
1159,2012,Desmond Jennings,20.757,21.3,-0.543,-2.549
1160,2014,David Wright,16.809,19.3,-2.491,-12.907
1161,2018,Ender Inciarte,12.764,13.0,-0.236,-1.815
1162,2018,Jason Kipnis,19.34,18.6,0.74,3.978
1163,2016,Jacoby Ellsbury,15.263,13.4,1.863,13.903
1164,2017,Jordy Mercer,15.713,15.8,-0.087,-0.551
1165,2010,Michael Bourn,18.928,18.0,0.928,5.156
1166,2019,Albert Pujols,14.857,12.5,2.357,18.856
1167,2013,Leonys Martin,20.754,20.5,0.254,1.239
1168,2013,Nolan Arenado,14.193,14.0,0.193,1.379
1169,2019,Adam Jones,21.961,19.1,2.861,14.979
1170,2016,Adonis Garcia,16.76,16.5,0.26,1.576
1171,2014,Chris Davis,31.273,33.0,-1.727,-5.233
1172,2015,Brandon Moss,25.831,28.1,-2.269,-8.075
1173,2014,Erick Aybar,9.157,9.7,-0.543,-5.598
1174,2018,Trey Mancini,24.072,24.1,-0.028,-0.116
1175,2011,Drew Stubbs,26.586,30.1,-3.514,-11.674
1176,2012,Alberto Callaspo,8.96,11.3,-2.34,-20.708
1177,2019,Josh Reddick,11.479,12.0,-0.521,-4.342
1178,2015,Ryan Howard,25.323,27.4,-2.077,-7.58
1179,2016,Salvador Perez,18.786,21.8,-3.014,-13.826
1180,2014,Asdrubal Cabrera,17.276,17.5,-0.224,-1.28
1181,2010,Cliff Pennington,16.369,16.7,-0.331,-1.982
1182,2018,Marcus Semien,19.128,18.6,0.528,2.839
1183,2016,Mitch Moreland,22.915,23.5,-0.585,-2.489
1184,2014,Miguel Montero,17.653,17.3,0.353,2.04
1185,2019,Freddy Galvis,24.536,24.6,-0.064,-0.26
1186,2013,Gregor Blanco,16.489,18.6,-2.111,-11.349
1187,2018,Tucker Barnhart,16.252,18.4,-2.148,-11.674
1188,2011,Hideki Matsui,13.236,14.4,-1.164,-8.083
1189,2015,Cameron Maybin,18.795,18.4,0.395,2.147
1190,2013,Brandon Phillips,16.918,14.7,2.218,15.088
1191,2012,Carlos Lee,6.946,8.0,-1.054,-13.175
1192,2013,Asdrubal Cabrera,19.029,20.3,-1.271,-6.261
1193,2010,Denard Span,10.026,10.5,-0.474,-4.514
1194,2014,Nick Castellanos,24.534,24.2,0.334,1.38
1195,2014,Alcides Escobar,14.5,13.4,1.1,8.209
1196,2015,Melky Cabrera,12.679,12.9,-0.221,-1.713
1197,2019,Randal Grichuk,23.797,26.0,-2.203,-8.473
1198,2015,Chase Headley,20.407,21.0,-0.593,-2.824
1199,2019,Starlin Castro,15.654,16.4,-0.746,-4.549
1200,2011,Raul Ibanez,18.085,18.4,-0.315,-1.712
1201,2010,Miguel Tejada,8.435,9.8,-1.365,-13.929
1202,2010,Ian Desmond,18.365,19.0,-0.635,-3.342
1203,2014,Leonys Martin,20.064,19.6,0.464,2.367
1204,2019,Jose Iglesias,15.815,13.2,2.615,19.811
1205,2018,Brandon Crawford,23.17,20.5,2.67,13.024
1206,2014,Ryan Howard,27.84,29.3,-1.46,-4.983
1207,2010,Jorge Cantu,19.227,18.4,0.827,4.495
1208,2014,Brian McCann,13.22,14.3,-1.08,-7.552
1209,2011,Angel Pagan,8.909,11.7,-2.791,-23.855
1210,2011,Omar Infante,10.725,10.5,0.225,2.143
1211,2015,Brett Lawrie,23.018,23.9,-0.882,-3.69
1212,2017,Tommy Joseph,22.933,24.2,-1.267,-5.236
1213,2011,Austin Jackson,24.813,27.1,-2.287,-8.439
1214,2012,Mike Moustakas,20.098,20.2,-0.102,-0.505
1215,2012,Delmon Young,18.589,18.4,0.189,1.027
1216,2014,Dustin Ackley,15.509,16.6,-1.091,-6.572
1217,2011,Cliff Pennington,17.323,18.2,-0.877,-4.819
1218,2019,Miguel Rojas,13.07,11.8,1.27,10.763
1219,2018,Brett Gardner,15.842,17.6,-1.758,-9.989
1220,2011,Coco Crisp,9.609,11.1,-1.491,-13.432
1221,2016,Stephen Vogt,16.994,15.6,1.394,8.936
1222,2015,Austin Jackson,22.879,23.9,-1.021,-4.272
1223,2010,Matt Wieters,17.482,18.7,-1.218,-6.513
1224,2018,Alex Gordon,22.061,21.8,0.261,1.197
1225,2015,Gregory Polanco,16.914,18.6,-1.686,-9.065
1226,2013,Nick Markakis,11.194,10.9,0.294,2.697
1227,2012,Ruben Tejada,14.226,14.6,-0.374,-2.562
1228,2014,Ben Revere,6.69,7.8,-1.11,-14.231
1229,2018,Salvador Perez,19.152,19.9,-0.748,-3.759
1230,2013,Alexei Ramirez,9.401,10.1,-0.699,-6.921
1231,2015,Torii Hunter,18.881,18.5,0.381,2.059
1232,2015,Anthony Gose,24.68,27.1,-2.42,-8.93
1233,2010,Jason Bartlett,16.299,15.6,0.699,4.481
1234,2018,Brian Dozier,20.91,20.4,0.51,2.5
1235,2015,Addison Russell,28.419,28.5,-0.081,-0.284
1236,2011,Delmon Young,15.389,16.9,-1.511,-8.941
1237,2015,Wilmer Flores,13.413,12.4,1.013,8.169
1238,2016,Jordy Mercer,16.016,14.2,1.816,12.789
1239,2016,Howie Kendrick,18.669,17.7,0.969,5.475
1240,2014,Salvador Perez,12.825,14.0,-1.175,-8.393
1241,2011,Placido Polanco,8.079,8.4,-0.321,-3.821
1242,2015,Johnny Giavotella,11.765,11.8,-0.035,-0.297
1243,2013,Andrelton Simmons,9.383,8.4,0.983,11.702
1244,2017,Hunter Pence,20.411,18.9,1.511,7.995
1245,2013,Dan Uggla,31.023,31.8,-0.777,-2.443
1246,2015,Didi Gregorius,17.284,14.7,2.584,17.578
1247,2016,Alex Gordon,27.823,29.2,-1.377,-4.716
1248,2011,John Buck,20.567,21.7,-1.133,-5.221
1249,2014,J.J. Hardy,17.911,18.3,-0.389,-2.126
1250,2011,Colby Rasmus,21.577,22.1,-0.523,-2.367
1251,2011,Robert Andino,16.293,16.2,0.093,0.574
1252,2011,Martin Prado,8.127,8.8,-0.673,-7.648
1253,2017,Kevin Pillar,14.972,15.0,-0.028,-0.187
1254,2013,Matt Wieters,16.933,18.0,-1.067,-5.928
1255,2019,Lorenzo Cain,17.689,17.0,0.689,4.053
1256,2010,Yuniesky Betancourt,7.989,10.9,-2.911,-26.706
1257,2011,Kurt Suzuki,13.374,12.4,0.974,7.855
1258,2010,A.J. Pierzynski,8.799,7.8,0.999,12.808
1259,2010,Juan Pierre,8.618,6.4,2.218,34.656
1260,2011,Carl Crawford,18.265,19.3,-1.035,-5.363
1261,2018,Kevin Pillar,19.601,18.1,1.501,8.293
1262,2019,Rougned Odor,25.941,30.6,-4.659,-15.225
1263,2019,Jurickson Profar,17.412,14.5,2.912,20.083
1264,2019,Jason Kipnis,18.29,17.2,1.09,6.337
1265,2018,Jon Jay,19.069,16.2,2.869,17.71
1266,2017,Brandon Crawford,21.145,19.8,1.345,6.793
1267,2010,Yunel Escobar,10.008,10.1,-0.092,-0.911
1268,2013,Matt Dominguez,16.153,16.3,-0.147,-0.902
1269,2012,Jhonny Peralta,17.886,17.9,-0.014,-0.078
1270,2014,Dayan Viciedo,20.015,21.7,-1.685,-7.765
1271,2016,Josh Harrison,15.631,14.6,1.031,7.062
1272,2010,Skip Schumaker,10.957,12.1,-1.143,-9.446
1273,2013,Michael Bourn,22.386,23.0,-0.614,-2.67
1274,2015,Jose Reyes,12.759,11.9,0.859,7.218
1275,2015,Salvador Perez,13.031,14.8,-1.769,-11.953
1276,2014,Jed Lowrie,12.244,14.0,-1.756,-12.543
1277,2019,Elvis Andrus,17.387,14.8,2.587,17.48
1278,2016,Joe Panik,9.023,8.9,0.123,1.382
1279,2012,Ichiro Suzuki,6.726,9.2,-2.474,-26.891
1280,2010,Yadier Molina,10.091,9.8,0.291,2.969
1281,2018,Nick Ahmed,21.288,19.3,1.988,10.301
1282,2012,Ben Revere,7.58,9.8,-2.22,-22.653
1283,2012,Jamey Carroll,13.982,12.1,1.882,15.554
1284,2012,Kelly Johnson,27.562,27.4,0.162,0.591
1285,2014,Jordy Mercer,17.548,16.0,1.548,9.675
1286,2016,Yonder Alonso,12.546,13.9,-1.354,-9.741
1287,2013,Erick Aybar,10.789,10.0,0.789,7.89
1288,2014,Yunel Escobar,12.354,11.3,1.054,9.327
1289,2014,Gerardo Parra,14.808,17.4,-2.592,-14.897
1290,2016,Marwin Gonzalez,23.217,22.8,0.417,1.829
1291,2010,Elvis Andrus,15.973,14.2,1.773,12.486
1292,2013,Paul Konerko,15.51,14.2,1.31,9.225
1293,2011,Ryan Ludwick,21.987,22.2,-0.213,-0.959
1294,2012,Zack Cozart,18.358,18.8,-0.442,-2.351
1295,2010,Chone Figgins,16.145,16.2,-0.055,-0.34
1296,2012,Rafael Furcal,9.874,10.7,-0.826,-7.72
1297,2018,Ian Kinsler,12.547,12.0,0.547,4.558
1298,2015,Logan Morrison,16.269,15.9,0.369,2.321
1299,2016,Leonys Martin,25.669,25.9,-0.231,-0.892
1300,2019,Kevin Pillar,13.638,13.8,-0.162,-1.174
1301,2017,Freddy Galvis,16.882,16.7,0.182,1.09
1302,2012,Colby Rasmus,21.871,23.8,-1.929,-8.105
1303,2016,Melvin Upton Jr.,28.535,28.8,-0.265,-0.92
1304,2011,Danny Valencia,15.222,16.8,-1.578,-9.393
1305,2010,Kurt Suzuki,8.84,9.0,-0.16,-1.778
1306,2012,Michael Young,10.461,10.8,-0.339,-3.139
1307,2018,Yolmer Sanchez,21.915,20.8,1.115,5.361
1308,2013,Jose Altuve,9.843,12.6,-2.757,-21.881
1309,2010,Alberto Callaspo,3.478,7.0,-3.522,-50.314
1310,2011,Juan Pierre,6.137,5.8,0.337,5.81
1311,2010,Kevin Kouzmanoff,15.543,16.4,-0.857,-5.226
1312,2018,Ryon Healy,20.602,21.6,-0.998,-4.62
1313,2013,Brandon Crawford,19.833,17.5,2.333,13.331
1314,2013,Elvis Andrus,14.381,13.9,0.481,3.46
1315,2015,Avisail Garcia,24.402,23.5,0.902,3.838
1316,2012,Jesus Montero,17.086,17.9,-0.814,-4.547
1317,2011,Aubrey Huff,14.035,15.5,-1.465,-9.452
1318,2013,Jimmy Rollins,13.661,14.0,-0.339,-2.421
1319,2017,Mark Trumbo,24.581,24.7,-0.119,-0.482
1320,2010,Jeff Francoeur,16.371,16.1,0.271,1.683
1321,2018,Evan Longoria,18.674,19.7,-1.026,-5.208
1322,2016,Kevin Pillar,17.562,15.4,2.162,14.039
1323,2012,Gordon Beckham,17.212,15.3,1.912,12.497
1324,2017,Jose Bautista,25.68,24.8,0.88,3.548
1325,2010,Ronny Cedeno,20.256,21.1,-0.844,-4.0
1326,2019,Leury Garcia,20.618,22.5,-1.882,-8.364
1327,2018,Tim Anderson,23.721,24.6,-0.879,-3.573
1328,2015,Ian Desmond,25.494,29.2,-3.706,-12.692
1329,2011,Darwin Barney,12.139,11.7,0.439,3.752
1330,2015,Jacoby Ellsbury,15.742,17.2,-1.458,-8.477
1331,2018,Freddy Galvis,23.311,22.4,0.911,4.067
1332,2016,Danny Espinosa,28.463,29.0,-0.537,-1.852
1333,2014,Xander Bogaerts,24.041,23.2,0.841,3.625
1334,2010,Franklin Gutierrez,22.765,21.8,0.965,4.427
1335,2018,Dansby Swanson,24.576,22.9,1.676,7.319
1336,2010,Melky Cabrera,11.862,12.6,-0.738,-5.857
1337,2010,Aaron Hill,13.58,14.7,-1.12,-7.619
1338,2014,Austin Jackson,21.085,22.0,-0.915,-4.159
1339,2015,Elvis Andrus,12.612,11.8,0.812,6.881
1340,2018,Eduardo Nunez,11.529,13.7,-2.171,-15.847
1341,2010,Orlando Cabrera,7.281,9.9,-2.619,-26.455
1342,2017,Maikel Franco,16.765,15.2,1.565,10.296
1343,2014,DJ LeMahieu,16.046,18.0,-1.954,-10.856
1344,2012,Eric Hosmer,15.614,15.9,-0.286,-1.799
1345,2014,Jason Castro,25.716,29.5,-3.784,-12.827
1346,2014,Elvis Andrus,12.904,14.0,-1.096,-7.829
1347,2018,Amed Rosario,22.174,20.1,2.074,10.318
1348,2012,Cameron Maybin,18.564,19.6,-1.036,-5.286
1349,2012,J.J. Hardy,13.482,14.9,-1.418,-9.517
1350,2014,Adeiny Hechavarria,13.692,15.0,-1.308,-8.72
1351,2011,Aaron Hill,12.902,12.6,0.302,2.397
1352,2018,Jonathan Schoop,21.911,23.0,-1.089,-4.735
1353,2015,Andrelton Simmons,5.385,8.2,-2.815,-34.329
1354,2014,Aaron Hill,15.273,17.0,-1.727,-10.159
1355,2011,Ian Desmond,19.175,21.8,-2.625,-12.041
1356,2014,Jason Kipnis,18.692,18.0,0.692,3.844
1357,2019,Khris Davis,27.521,27.4,0.121,0.442
1358,2014,Chris Johnson,24.771,26.0,-1.229,-4.727
1359,2013,Zack Cozart,16.776,16.5,0.276,1.673
1360,2017,Tim Anderson,25.202,26.7,-1.498,-5.61
1361,2013,Eric Young Jr.,19.053,16.7,2.353,14.09
1362,2015,Starlin Castro,15.97,15.7,0.27,1.72
1363,2012,Justin Smoak,17.761,20.7,-2.939,-14.198
1364,2018,Manuel Margot,17.511,17.0,0.511,3.006
1365,2010,Nyjer Morgan,17.005,15.3,1.705,11.144
1366,2018,Kyle Seager,20.809,21.9,-1.091,-4.982
1367,2015,Pablo Sandoval,15.319,14.5,0.819,5.648
1368,2012,Brennan Boesch,17.416,20.7,-3.284,-15.865
1369,2014,Jay Bruce,25.285,27.3,-2.015,-7.381
1370,2012,Mike Aviles,15.068,14.1,0.968,6.865
1371,2013,Mike Moustakas,15.457,16.1,-0.643,-3.994
1372,2014,Billy Hamilton,19.013,19.1,-0.087,-0.455
1373,2012,Darwin Barney,9.547,9.9,-0.353,-3.566
1374,2015,Yadier Molina,10.221,11.1,-0.879,-7.919
1375,2015,Jace Peterson,20.977,20.1,0.877,4.363
1376,2010,Erick Aybar,14.445,13.8,0.645,4.674
1377,2010,Ryan Theriot,11.961,11.6,0.361,3.112
1378,2017,Albert Pujols,17.003,14.6,2.403,16.459
1379,2012,Jeff Francoeur,18.785,19.7,-0.915,-4.645
1380,2011,Vernon Wells,13.519,16.3,-2.781,-17.061
1381,2011,Gordon Beckham,20.32,19.9,0.42,2.111
1382,2016,Freddy Galvis,19.066,21.8,-2.734,-12.541
1383,2012,Yunel Escobar,10.382,11.5,-1.118,-9.722
1384,2018,Yangervis Solarte,12.685,14.2,-1.515,-10.669
1385,2015,Freddy Galvis,18.316,17.1,1.216,7.111
1386,2017,Carlos Beltran,18.519,20.0,-1.481,-7.405
1387,2018,Kole Calhoun,23.688,24.1,-0.412,-1.71
1388,2016,Jose Iglesias,12.645,9.7,2.945,30.361
1389,2015,Jimmy Rollins,14.649,15.3,-0.651,-4.255
1390,2012,Alexei Ramirez,12.513,12.4,0.113,0.911
1391,2011,Mark Ellis,15.916,14.5,1.416,9.766
1392,2016,Jason Heyward,13.717,15.7,-1.983,-12.631
1393,2018,Miguel Rojas,14.362,13.1,1.262,9.634
1394,2018,Victor Martinez,10.774,9.6,1.174,12.229
1395,2011,Alex Gonzalez,18.517,21.2,-2.683,-12.656
1396,2019,Yolmer Sanchez,22.199,21.1,1.099,5.209
1397,2013,Ichiro Suzuki,13.099,11.4,1.699,14.904
1398,2019,Brandon Crawford,22.531,20.9,1.631,7.804
1399,2011,Yuniesky Betancourt,9.136,10.8,-1.664,-15.407
1400,2011,Ichiro Suzuki,7.959,9.6,-1.641,-17.094
1401,2014,Mike Moustakas,15.015,14.8,0.215,1.453
1402,2015,Erick Aybar,10.283,11.4,-1.117,-9.798
1403,2015,Angel Pagan,12.459,16.9,-4.441,-26.278
1404,2013,Starlin Castro,17.66,18.3,-0.64,-3.497
1405,2014,Domonic Brown,17.251,17.8,-0.549,-3.084
1406,2014,Omar Infante,9.165,11.8,-2.635,-22.331
1407,2011,Alcides Escobar,14.973,12.2,2.773,22.73
1408,2011,Jason Bartlett,18.153,15.9,2.253,14.17
1409,2015,Alexei Ramirez,11.203,10.9,0.303,2.78
1410,2014,Derek Jeter,12.002,13.7,-1.698,-12.394
1411,2017,Billy Hamilton,18.871,21.0,-2.129,-10.138
1412,2019,Mallex Smith,24.433,24.9,-0.467,-1.876
1413,2016,Alcides Escobar,17.505,14.1,3.405,24.149
1414,2018,Billy Hamilton,21.675,23.7,-2.025,-8.544
1415,2014,Melvin Upton Jr.,28.451,29.7,-1.249,-4.205
1416,2018,Dee Strange-Gordon,13.346,13.6,-0.254,-1.868
1417,2011,Miguel Olivo,27.719,27.6,0.119,0.431
1418,2017,Dansby Swanson,22.018,21.8,0.218,1.0
1419,2012,Jemile Weeks,15.664,13.7,1.964,14.336
1420,2011,Casey McGehee,15.479,17.3,-1.821,-10.526
1421,2015,Michael A. Taylor,29.145,30.9,-1.755,-5.68
1422,2012,Dustin Ackley,15.858,18.6,-2.742,-14.742
1423,2014,Andrelton Simmons,8.867,10.4,-1.533,-14.74
1424,2017,Jose Peraza,14.423,13.5,0.923,6.837
1425,2017,Rougned Odor,22.145,24.9,-2.755,-11.064
1426,2014,Jean Segura,13.481,12.6,0.881,6.992
1427,2012,Casey Kotchman,10.252,9.8,0.452,4.612
1428,2012,Drew Stubbs,26.878,30.5,-3.622,-11.875
1429,2015,Alcides Escobar,14.311,11.3,3.011,26.646
1430,2010,Alcides Escobar,14.551,12.7,1.851,14.575
1431,2010,Jose Lopez,9.323,10.6,-1.277,-12.047
1432,2017,Alex Gordon,22.423,23.3,-0.877,-3.764
1433,2014,Allen Craig,20.258,22.4,-2.142,-9.562
1434,2019,Orlando Arcia,21.107,20.0,1.107,5.535
1435,2017,Alcides Escobar,16.554,16.2,0.354,2.185
1436,2015,Jean Segura,15.085,15.9,-0.815,-5.126
1437,2011,Alex Rios,10.474,11.9,-1.426,-11.983
1438,2015,Wilson Ramos,18.589,20.0,-1.411,-7.055
1439,2016,Alexei Ramirez,14.513,12.5,2.013,16.104
1440,2018,Alcides Escobar,17.039,13.9,3.139,22.583
1441,2014,Matt Dominguez,20.036,20.6,-0.564,-2.738
1442,2016,Adeiny Hechavarria,13.825,13.3,0.525,3.947
1443,2015,Chris Owings,24.444,26.1,-1.656,-6.345
1444,2014,Zack Cozart,14.554,14.5,0.054,0.372
1445,2013,Darwin Barney,12.597,11.5,1.097,9.539
1446,2013,Adeiny Hechavarria,14.474,16.6,-2.126,-12.807
1447,2010,Cesar Izturis,10.139,10.3,-0.161,-1.563
1448,2013,Alcides Escobar,14.223,13.1,1.123,8.573
1449,2018,Chris Davis,31.322,36.8,-5.478,-14.886
