Unnamed: 0,Season,Name,Team,Age,G,PA,AB,xAVG,xOBP,xSLG,xOPS,xHR,HBP,SF,xK%,xBB%,AVG-xAVG,OPS-xOPS,HR-xHR,xHR%,xBABIP,xISO,xK,xBB,xEvents,xBIP,xH,AVG,OBP,SLG,OPS,HR
0,2022,Aaron Judge,NYY,30,157,696,570,0.296,0.395,0.652,1.047,65,6,5,0.281,0.13,0.015,0.064,-3,0.933,0.312,0.356,196,90,399,334,169,0.311,0.425,0.686,1.111,62
1,2022,Yordan Alvarez,HOU,25,135,561,470,0.3,0.39,0.585,0.975,41,6,7,0.192,0.122,0.006,0.044,-4,0.735,0.303,0.285,108,68,372,331,141,0.306,0.406,0.613,1.019,37
2,2022,Paul Goldschmidt,STL,34,151,651,561,0.275,0.362,0.526,0.888,33,5,4,0.224,0.113,0.042,0.093,2,0.503,0.312,0.251,146,74,422,389,154,0.317,0.404,0.578,0.981,35
3,2022,Mike Trout,LAA,30,119,499,438,0.244,0.341,0.554,0.895,38,6,1,0.271,0.118,0.039,0.104,2,0.756,0.267,0.31,135,59,298,260,107,0.283,0.369,0.63,0.999,40
4,2022,Jose Altuve,HOU,32,141,604,527,0.269,0.361,0.474,0.835,19,10,1,0.146,0.109,0.031,0.086,9,0.308,0.293,0.205,88,66,439,420,142,0.3,0.387,0.533,0.921,28
5,2022,Joey Meneses,WSN,30,56,240,222,0.288,0.339,0.468,0.807,12,1,2,0.21,0.07,0.036,0.123,1,0.486,0.326,0.18,50,17,170,158,64,0.324,0.367,0.563,0.93,13
6,2022,Freddie Freeman,LAD,32,159,708,612,0.319,0.393,0.511,0.904,24,5,7,0.154,0.104,0.006,0.014,-3,0.337,0.349,0.192,109,74,513,489,195,0.325,0.407,0.511,0.918,21
7,2022,Manny Machado,SDP,29,150,644,578,0.285,0.347,0.508,0.855,32,1,2,0.194,0.086,0.013,0.043,0,0.497,0.309,0.223,125,55,461,429,165,0.298,0.366,0.531,0.898,32
8,2022,Nolan Arenado,STL,31,148,620,557,0.26,0.322,0.499,0.821,25,7,4,0.144,0.074,0.033,0.07,5,0.399,0.268,0.239,89,46,474,449,145,0.293,0.358,0.533,0.891,30
9,2022,Albert Pujols,STL,42,109,351,307,0.251,0.322,0.496,0.818,22,10,6,0.196,0.072,0.019,0.077,2,0.631,0.253,0.245,69,25,241,219,77,0.27,0.345,0.55,0.895,24
10,2022,Austin Riley,ATL,25,159,693,615,0.263,0.341,0.503,0.844,34,17,4,0.235,0.084,0.01,0.034,4,0.489,0.306,0.24,163,58,451,417,162,0.273,0.349,0.528,0.878,38
11,2022,Juan Soto,- - -,23,153,664,524,0.286,0.421,0.524,0.945,23,4,0,0.155,0.177,-0.044,-0.092,4,0.348,0.305,0.238,103,118,439,416,150,0.242,0.401,0.452,0.853,27
12,2022,Mookie Betts,LAD,29,142,639,572,0.276,0.354,0.517,0.871,29,8,4,0.152,0.098,-0.007,0.002,6,0.461,0.294,0.241,97,63,467,438,158,0.269,0.34,0.533,0.873,35
13,2022,Joc Pederson,SFG,30,134,433,380,0.263,0.344,0.517,0.861,24,7,4,0.218,0.097,0.011,0.013,-1,0.55,0.291,0.254,94,42,286,262,100,0.274,0.353,0.521,0.874,23
14,2022,Rafael Devers,BOS,25,141,614,555,0.279,0.334,0.498,0.832,26,7,3,0.197,0.065,0.016,0.047,1,0.418,0.309,0.219,121,40,443,417,155,0.295,0.358,0.521,0.879,27
15,2022,Trayce Thompson,- - -,31,80,255,219,0.205,0.31,0.462,0.772,8,2,2,0.368,0.127,0.051,0.088,5,0.319,0.314,0.257,94,32,125,117,45,0.256,0.353,0.507,0.86,13
16,2022,William Contreras,ATL,24,97,376,334,0.246,0.323,0.481,0.804,16,1,2,0.283,0.1,0.032,0.056,4,0.423,0.31,0.235,106,38,229,213,82,0.278,0.354,0.506,0.86,20
17,2022,Eloy Jimenez,CHW,25,84,327,292,0.277,0.336,0.527,0.863,17,3,4,0.213,0.076,0.018,-0.005,-1,0.506,0.308,0.25,70,25,225,208,81,0.295,0.358,0.5,0.858,16
18,2022,Shohei Ohtani,LAA,27,157,666,586,0.278,0.352,0.534,0.886,32,5,3,0.234,0.094,-0.005,-0.011,2,0.479,0.322,0.256,156,63,439,407,163,0.273,0.356,0.519,0.875,34
19,2022,Bryce Harper,PHI,29,99,426,370,0.278,0.34,0.496,0.836,16,3,7,0.231,0.082,0.008,0.041,2,0.382,0.324,0.218,98,35,283,267,103,0.286,0.364,0.514,0.877,18
20,2022,Nathaniel Lowe,TEX,26,157,645,593,0.277,0.332,0.46,0.792,27,4,0,0.214,0.07,0.025,0.059,0,0.412,0.319,0.183,138,45,458,431,164,0.302,0.358,0.492,0.851,27
21,2022,Michael Harris II,ATL,21,114,441,414,0.287,0.326,0.483,0.809,16,5,0,0.245,0.042,0.01,0.044,3,0.373,0.351,0.196,108,19,309,293,119,0.297,0.339,0.514,0.853,19
22,2022,Julio Rodriguez,SEA,21,132,560,511,0.264,0.33,0.485,0.815,30,8,1,0.252,0.076,0.02,0.038,-2,0.539,0.312,0.221,141,43,367,337,135,0.284,0.345,0.509,0.853,28
23,2022,Yandy Diaz,TBR,30,137,558,473,0.288,0.38,0.451,0.831,6,6,1,0.13,0.116,0.008,-0.007,3,0.116,0.319,0.163,73,65,413,407,136,0.296,0.401,0.423,0.824,9
24,2022,Pete Alonso,NYM,27,160,685,597,0.27,0.342,0.518,0.86,33,12,9,0.186,0.084,0.001,0.009,7,0.481,0.287,0.248,127,58,479,446,161,0.271,0.352,0.518,0.869,40
25,2022,Jeff McNeil,NYM,30,148,589,533,0.274,0.333,0.411,0.744,8,11,5,0.112,0.066,0.052,0.092,1,0.135,0.3,0.137,66,39,468,460,146,0.326,0.382,0.454,0.836,9
26,2022,Jazz Chisholm Jr.,MIA,24,60,241,213,0.268,0.338,0.542,0.88,14,3,3,0.275,0.088,-0.014,-0.02,0,0.598,0.323,0.274,66,21,148,134,57,0.254,0.325,0.535,0.86,14
27,2022,Vinnie Pasquantino,KCR,24,72,298,258,0.275,0.346,0.491,0.837,7,3,2,0.118,0.086,0.02,-0.005,3,0.227,0.283,0.216,35,26,232,225,71,0.295,0.383,0.45,0.832,10
28,2022,Andres Gimenez,CLE,23,146,557,491,0.251,0.327,0.411,0.738,15,25,3,0.233,0.057,0.046,0.099,2,0.273,0.307,0.16,130,32,367,352,123,0.297,0.371,0.466,0.837,17
29,2022,Danny Jansen,TOR,27,72,248,215,0.247,0.321,0.515,0.836,14,3,5,0.186,0.091,0.013,0.019,1,0.567,0.248,0.268,46,23,171,157,53,0.26,0.339,0.516,0.855,15
30,2022,Xander Bogaerts,BOS,29,150,631,557,0.259,0.326,0.426,0.752,15,10,7,0.213,0.078,0.048,0.081,0,0.245,0.31,0.167,134,49,431,416,144,0.307,0.377,0.456,0.833,15
31,2022,Jose Ramirez,CLE,29,157,685,601,0.256,0.33,0.463,0.793,27,6,9,0.129,0.095,0.024,0.076,2,0.388,0.26,0.207,88,65,517,490,154,0.28,0.355,0.514,0.869,29
32,2022,Carlos Correa,MIN,27,136,590,522,0.259,0.33,0.481,0.811,24,3,4,0.213,0.093,0.032,0.023,-2,0.399,0.293,0.222,126,55,402,378,135,0.291,0.366,0.467,0.834,22
33,2022,Taylor Ward,LAA,28,135,564,495,0.261,0.343,0.511,0.854,21,4,5,0.207,0.109,0.02,-0.021,2,0.37,0.303,0.25,117,61,377,356,129,0.281,0.36,0.473,0.833,23
34,2022,Jose Abreu,CHW,35,157,679,601,0.281,0.348,0.498,0.846,17,12,4,0.197,0.076,0.023,-0.022,-2,0.251,0.33,0.217,134,52,477,460,169,0.304,0.378,0.446,0.824,15
35,2022,Alex Bregman,HOU,28,155,656,548,0.224,0.342,0.436,0.778,11,11,10,0.116,0.141,0.035,0.042,12,0.17,0.246,0.212,76,92,467,456,123,0.259,0.366,0.454,0.82,23
36,2022,Willson Contreras,CHC,30,113,487,416,0.262,0.363,0.482,0.845,23,24,2,0.249,0.088,-0.019,-0.03,-1,0.477,0.315,0.22,121,43,297,274,109,0.243,0.349,0.466,0.815,22
37,2022,Byron Buxton,MIN,28,92,382,340,0.241,0.318,0.551,0.869,26,7,1,0.306,0.085,-0.017,-0.036,2,0.677,0.283,0.31,117,32,225,199,82,0.224,0.306,0.526,0.833,28
38,2022,Starling Marte,NYM,33,118,505,466,0.273,0.335,0.437,0.772,13,13,0,0.2,0.062,0.019,0.042,3,0.248,0.328,0.164,101,31,360,347,127,0.292,0.347,0.468,0.814,16
39,2022,Kyle Schwarber,PHI,29,155,669,577,0.25,0.353,0.569,0.922,52,4,2,0.288,0.133,-0.032,-0.095,-6,0.78,0.281,0.319,193,89,381,329,144,0.218,0.323,0.504,0.827,46
40,2022,J.T. Realmuto,PHI,31,139,562,504,0.27,0.337,0.481,0.818,21,12,5,0.219,0.075,0.006,0.002,1,0.38,0.319,0.211,123,42,380,359,136,0.276,0.342,0.478,0.82,22
41,2022,Adley Rutschman,BAL,24,113,470,398,0.264,0.358,0.466,0.824,9,4,3,0.187,0.12,-0.01,-0.018,4,0.188,0.309,0.202,88,56,319,310,105,0.254,0.362,0.445,0.806,13
42,2022,Brandon Nimmo,NYM,29,151,673,580,0.262,0.354,0.426,0.78,15,16,3,0.195,0.101,0.012,0.02,1,0.22,0.311,0.164,131,68,455,440,152,0.274,0.367,0.433,0.8,16
43,2022,Anthony Rizzo,NYY,32,130,548,465,0.258,0.355,0.507,0.862,30,23,2,0.205,0.087,-0.034,-0.045,2,0.554,0.269,0.249,112,48,363,333,120,0.224,0.338,0.48,0.817,32
44,2022,George Springer,TOR,32,133,583,513,0.277,0.347,0.49,0.837,22,7,5,0.187,0.087,-0.01,-0.023,3,0.379,0.308,0.213,109,51,411,389,142,0.267,0.342,0.472,0.814,25
45,2022,Jake Fraley,CIN,27,68,247,216,0.269,0.352,0.462,0.814,12,3,2,0.216,0.107,-0.01,-0.002,0,0.474,0.304,0.193,53,26,163,151,58,0.259,0.344,0.468,0.812,12
46,2022,Vladimir Guerrero Jr.,TOR,23,160,706,638,0.281,0.337,0.484,0.821,30,6,4,0.179,0.071,-0.007,-0.003,2,0.43,0.304,0.203,126,50,520,490,179,0.274,0.339,0.48,0.818,32
47,2022,Trea Turner,LAD,29,160,708,652,0.262,0.312,0.451,0.763,19,3,6,0.212,0.067,0.036,0.046,2,0.265,0.315,0.189,150,47,502,483,171,0.298,0.343,0.466,0.809,21
48,2022,Brandon Drury,- - -,29,138,568,518,0.255,0.321,0.476,0.797,23,8,4,0.196,0.078,0.008,0.016,5,0.404,0.289,0.221,111,44,401,378,132,0.263,0.32,0.492,0.813,28
49,2022,Luis Arraez,MIN,25,144,603,547,0.283,0.354,0.413,0.767,-1,3,3,0.064,0.096,0.033,0.028,9,-0.014,0.311,0.13,39,58,500,501,155,0.316,0.375,0.42,0.795,8
50,2022,Daniel Vogelbach,- - -,29,130,461,386,0.238,0.361,0.458,0.819,18,1,1,0.221,0.16,0,-0.026,0,0.39,0.279,0.22,102,74,283,265,92,0.238,0.36,0.433,0.793,18
51,2022,Bryan Reynolds,PIT,27,145,614,542,0.269,0.346,0.448,0.794,28,14,2,0.232,0.083,-0.007,0.013,-1,0.45,0.314,0.179,142,51,405,377,146,0.262,0.345,0.461,0.807,27
52,2022,Brendan Donovan,STL,25,126,468,391,0.292,0.395,0.436,0.831,3,14,2,0.171,0.116,-0.011,-0.058,2,0.07,0.353,0.144,80,54,318,315,114,0.281,0.394,0.379,0.773,5
53,2022,Will Smith,LAD,27,137,578,508,0.256,0.346,0.486,0.832,21,10,4,0.171,0.108,0.004,-0.025,3,0.359,0.286,0.23,99,62,403,382,130,0.26,0.343,0.465,0.807,24
54,2022,Teoscar Hernandez,TOR,29,131,535,499,0.269,0.319,0.525,0.844,27,2,0,0.279,0.066,-0.002,-0.037,-2,0.496,0.333,0.256,149,35,349,322,134,0.267,0.316,0.491,0.807,25
55,2022,Kyle Tucker,HOU,25,150,609,544,0.261,0.338,0.48,0.818,26,1,2,0.159,0.103,-0.004,-0.01,4,0.43,0.276,0.219,97,63,446,420,142,0.257,0.33,0.478,0.808,30
56,2022,Bo Bichette,TOR,24,159,697,652,0.275,0.319,0.472,0.791,7,2,2,0.193,0.059,0.015,0.011,17,0.098,0.338,0.197,135,41,517,510,179,0.29,0.333,0.469,0.802,24
57,2022,Alejandro Kirk,TOR,23,139,541,470,0.279,0.359,0.456,0.815,10,4,4,0.145,0.106,0.006,-0.029,4,0.192,0.313,0.177,78,57,398,388,131,0.285,0.372,0.415,0.786,14
58,2022,Hunter Renfroe,MIL,30,125,522,474,0.241,0.305,0.478,0.783,24,4,3,0.225,0.078,0.014,0.024,5,0.455,0.271,0.237,117,41,357,333,114,0.255,0.315,0.492,0.807,29
59,2022,Christian Walker,ARI,31,160,667,583,0.256,0.339,0.503,0.842,29,8,7,0.189,0.104,-0.014,-0.038,7,0.43,0.281,0.247,126,69,457,428,149,0.242,0.327,0.477,0.804,36
60,2022,Rhys Hoskins,PHI,29,156,672,589,0.246,0.336,0.483,0.819,31,6,4,0.253,0.113,0,-0.025,-1,0.456,0.296,0.237,170,76,416,385,145,0.246,0.332,0.462,0.794,30
61,2022,Michael Brantley,HOU,35,64,277,243,0.296,0.363,0.462,0.825,4,1,1,0.102,0.09,-0.008,-0.04,1,0.146,0.313,0.166,28,25,222,218,72,0.288,0.37,0.416,0.785,5
62,2022,Eugenio Suarez,SEA,30,150,629,543,0.227,0.325,0.486,0.811,36,8,5,0.306,0.118,0.009,-0.02,-5,0.571,0.277,0.259,192,74,350,314,123,0.236,0.332,0.459,0.791,31
63,2022,Austin Slater,SFG,29,125,325,277,0.242,0.344,0.422,0.766,5,6,2,0.303,0.118,0.022,0.008,2,0.152,0.35,0.18,98,38,181,176,67,0.264,0.366,0.408,0.774,7
64,2022,Matt Olson,ATL,28,162,699,616,0.24,0.325,0.482,0.807,37,4,4,0.251,0.108,0,-0.005,-3,0.531,0.275,0.242,175,75,441,404,148,0.24,0.325,0.477,0.802,34
65,2022,Josh Bell,- - -,29,156,647,552,0.272,0.358,0.437,0.795,18,5,6,0.167,0.113,-0.006,-0.011,-1,0.283,0.301,0.165,108,73,455,437,150,0.266,0.362,0.422,0.784,17
66,2022,Mark Canha,NYM,33,140,542,462,0.242,0.355,0.406,0.761,14,28,4,0.213,0.101,0.024,0.009,-1,0.261,0.301,0.164,115,55,340,326,112,0.266,0.367,0.403,0.77,13
67,2022,Travis d'Arnaud,ATL,33,107,426,396,0.25,0.309,0.448,0.757,18,11,0,0.233,0.054,0.018,0.034,0,0.413,0.295,0.198,99,23,293,275,99,0.268,0.319,0.472,0.791,18
68,2022,J.D. Martinez,BOS,34,139,596,533,0.236,0.308,0.456,0.764,17,5,5,0.26,0.088,0.038,0.026,-1,0.283,0.301,0.22,155,52,379,362,126,0.274,0.341,0.448,0.79,16
69,2022,Justin Turner,LAD,37,128,532,468,0.265,0.336,0.469,0.805,13,6,8,0.183,0.09,0.013,-0.017,0,0.242,0.308,0.204,97,48,373,360,124,0.278,0.35,0.438,0.788,13
70,2022,Lars Nootbaar,STL,24,108,347,290,0.272,0.368,0.511,0.879,15,1,5,0.205,0.132,-0.044,-0.091,-1,0.436,0.307,0.239,71,46,224,209,79,0.228,0.34,0.448,0.788,14
71,2022,Andrew Benintendi,- - -,27,126,521,461,0.271,0.343,0.428,0.771,5,2,5,0.145,0.097,0.033,0.001,0,0.096,0.313,0.157,76,51,387,382,125,0.304,0.373,0.399,0.772,5
72,2022,Francisco Lindor,NYM,28,161,706,630,0.265,0.336,0.47,0.806,26,10,7,0.199,0.086,0.005,-0.018,0,0.368,0.305,0.205,140,61,488,462,167,0.27,0.339,0.449,0.788,26
73,2022,Steven Kwan,CLE,24,147,638,563,0.282,0.354,0.4,0.754,3,7,4,0.113,0.091,0.016,0.018,3,0.045,0.315,0.118,72,58,497,494,159,0.298,0.373,0.4,0.772,6
74,2022,Oscar Gonzalez,CLE,24,91,382,362,0.249,0.283,0.426,0.709,10,3,2,0.222,0.038,0.047,0.08,1,0.263,0.299,0.177,85,15,277,267,90,0.296,0.327,0.461,0.789,11
75,2022,Ian Happ,CHC,27,158,641,573,0.244,0.317,0.423,0.74,18,6,4,0.235,0.089,0.027,0.041,-1,0.284,0.302,0.179,151,57,423,405,140,0.271,0.342,0.44,0.781,17
76,2022,Ty France,SEA,27,140,613,551,0.261,0.33,0.406,0.736,18,21,5,0.162,0.062,0.015,0.041,2,0.298,0.292,0.145,99,38,450,432,144,0.276,0.34,0.437,0.777,20
77,2022,Dylan Moore,SEA,29,104,255,205,0.2,0.358,0.452,0.81,7,13,1,0.307,0.15,0.024,-0.057,-1,0.274,0.291,0.252,78,38,125,118,41,0.224,0.368,0.385,0.753,6
78,2022,Dansby Swanson,ATL,28,162,696,640,0.244,0.311,0.459,0.77,26,3,4,0.261,0.087,0.033,0.006,-1,0.38,0.309,0.215,182,61,446,420,156,0.277,0.329,0.447,0.776,25
79,2022,Jake McCarthy,ARI,24,99,354,321,0.271,0.334,0.412,0.746,9,6,1,0.219,0.071,0.012,0.023,-1,0.241,0.334,0.141,78,25,244,235,87,0.283,0.342,0.427,0.769,8
80,2022,Kolten Wong,MIL,31,134,497,430,0.258,0.356,0.427,0.783,15,14,5,0.195,0.109,-0.007,-0.013,0,0.309,0.307,0.169,97,54,327,312,111,0.251,0.339,0.43,0.77,15
81,2022,Anthony Santander,BAL,27,152,647,574,0.246,0.322,0.507,0.829,30,13,5,0.207,0.083,-0.006,-0.056,3,0.456,0.27,0.261,134,54,441,411,141,0.24,0.318,0.455,0.773,33
82,2022,Randy Arozarena,TBR,27,153,645,586,0.237,0.312,0.41,0.722,20,11,2,0.237,0.084,0.026,0.051,0,0.31,0.295,0.173,153,54,425,405,139,0.263,0.327,0.445,0.773,20
83,2022,Ronald Acuna Jr.,ATL,24,119,533,467,0.253,0.348,0.495,0.843,16,10,3,0.24,0.113,0.013,-0.079,-1,0.297,0.324,0.242,128,60,332,316,118,0.266,0.351,0.413,0.764,15
84,2022,C.J. Cron,COL,32,150,632,575,0.245,0.308,0.467,0.775,22,8,5,0.236,0.072,0.012,0.008,7,0.353,0.296,0.222,149,46,424,402,141,0.257,0.315,0.468,0.783,29
85,2022,Seiya Suzuki,CHC,27,111,446,397,0.252,0.332,0.469,0.801,13,4,3,0.235,0.102,0.01,-0.031,1,0.297,0.316,0.217,105,45,289,276,100,0.262,0.336,0.433,0.77,14
86,2022,Keston Hiura,MIL,25,80,266,234,0.209,0.311,0.456,0.767,17,8,1,0.438,0.103,0.017,-0.002,-3,0.656,0.331,0.247,117,27,113,96,49,0.226,0.316,0.449,0.765,14
87,2022,J.D. Davis,- - -,29,115,365,318,0.23,0.32,0.482,0.802,17,6,2,0.357,0.102,0.018,-0.044,-5,0.454,0.324,0.252,130,37,190,173,73,0.248,0.34,0.418,0.758,12
88,2022,Jorge Polanco,MIN,28,104,445,375,0.24,0.334,0.468,0.802,17,2,4,0.239,0.118,-0.005,-0.051,-1,0.376,0.278,0.228,106,53,280,263,90,0.235,0.346,0.405,0.751,16
89,2022,Gio Urshela,MIN,30,144,551,501,0.275,0.314,0.451,0.765,11,2,7,0.172,0.053,0.01,0.002,2,0.207,0.311,0.176,95,29,418,407,138,0.285,0.338,0.429,0.767,13
90,2022,Josh Naylor,CLE,25,122,498,449,0.274,0.334,0.464,0.798,19,6,5,0.154,0.075,-0.018,-0.027,1,0.374,0.293,0.19,77,37,373,354,123,0.256,0.319,0.452,0.771,20
91,2022,Sean Murphy,OAK,27,148,612,537,0.259,0.334,0.479,0.813,18,13,5,0.206,0.082,-0.009,-0.054,0,0.301,0.303,0.22,126,50,418,400,139,0.25,0.332,0.426,0.759,18
92,2022,Corey Seager,TEX,28,151,663,593,0.278,0.34,0.499,0.839,23,7,5,0.155,0.077,-0.033,-0.067,10,0.354,0.299,0.221,103,51,497,474,165,0.245,0.317,0.455,0.772,33
93,2022,Matt Chapman,TOR,29,155,621,538,0.223,0.332,0.494,0.826,30,10,5,0.265,0.129,0.006,-0.069,-3,0.479,0.272,0.271,165,80,361,331,120,0.229,0.324,0.433,0.757,27
94,2022,Garrett Cooper,MIA,31,119,469,414,0.261,0.335,0.451,0.786,13,10,5,0.246,0.083,0,-0.034,-4,0.27,0.33,0.19,115,39,300,287,108,0.261,0.337,0.415,0.752,9
95,2022,Evan Longoria,SFG,36,89,298,266,0.252,0.327,0.503,0.83,15,2,3,0.253,0.097,-0.008,-0.063,-1,0.489,0.296,0.251,75,29,189,174,67,0.244,0.315,0.451,0.767,14
96,2022,Cal Raleigh,SEA,25,119,415,370,0.224,0.298,0.516,0.814,26,2,5,0.273,0.095,-0.013,-0.04,1,0.617,0.246,0.292,113,39,256,230,83,0.211,0.284,0.489,0.774,27
97,2022,DJ LeMahieu,NYY,33,125,541,467,0.291,0.363,0.441,0.804,-1,4,2,0.137,0.092,-0.03,-0.07,13,-0.016,0.332,0.15,74,50,411,412,136,0.261,0.357,0.377,0.734,12
98,2022,Jose Miranda,MIN,24,125,483,444,0.236,0.3,0.418,0.718,15,10,1,0.2,0.064,0.032,0.033,0,0.316,0.275,0.182,97,31,344,329,105,0.268,0.325,0.426,0.751,15
99,2022,Gleyber Torres,NYY,25,140,572,526,0.243,0.31,0.479,0.789,21,3,3,0.22,0.086,0.014,-0.028,3,0.36,0.289,0.236,126,49,391,370,128,0.257,0.31,0.451,0.761,24
100,2022,Gavin Lux,LAD,24,129,471,421,0.266,0.336,0.423,0.759,7,0,3,0.187,0.097,0.01,-0.014,-1,0.139,0.32,0.157,88,46,334,327,112,0.276,0.346,0.399,0.745,6
101,2022,Christian Yelich,MIL,30,154,671,575,0.273,0.364,0.441,0.805,13,5,2,0.242,0.116,-0.021,-0.067,1,0.193,0.35,0.168,162,78,424,411,157,0.252,0.355,0.383,0.738,14
102,2022,Harold Ramirez,TBR,27,120,435,403,0.238,0.282,0.396,0.678,0,9,4,0.199,0.039,0.062,0.069,6,-0.006,0.303,0.158,87,17,318,318,96,0.3,0.343,0.404,0.747,6
103,2022,Rowdy Tellez,MIL,27,153,599,529,0.251,0.326,0.505,0.831,32,5,3,0.202,0.091,-0.032,-0.064,3,0.538,0.263,0.254,121,55,415,383,133,0.219,0.306,0.461,0.767,35
104,2022,Giancarlo Stanton,NYY,32,110,452,398,0.241,0.319,0.512,0.831,28,0,3,0.291,0.104,-0.03,-0.072,3,0.626,0.282,0.271,132,47,270,242,96,0.211,0.297,0.462,0.759,31
105,2022,Luis Urias,MIL,25,119,472,406,0.232,0.331,0.45,0.781,14,11,5,0.219,0.11,0.007,-0.042,2,0.304,0.278,0.218,103,52,301,287,94,0.239,0.335,0.404,0.739,16
106,2022,Lourdes Gurriel Jr.,TOR,28,121,493,453,0.256,0.314,0.416,0.73,-1,6,2,0.177,0.067,0.035,0.013,6,-0.022,0.32,0.16,87,33,365,366,116,0.291,0.343,0.4,0.743,5
107,2022,Andrew Vaughn,CHW,24,134,555,510,0.253,0.305,0.428,0.733,17,9,5,0.181,0.056,0.018,0.017,0,0.3,0.284,0.175,100,31,410,393,129,0.271,0.321,0.429,0.75,17
108,2022,Chas McCormick,HOU,27,119,407,359,0.262,0.328,0.469,0.797,15,1,1,0.277,0.087,-0.017,-0.059,-1,0.364,0.327,0.207,113,35,257,242,94,0.245,0.332,0.407,0.738,14
109,2022,Josh Rojas,ARI,28,125,510,443,0.264,0.352,0.41,0.762,10,2,5,0.187,0.119,0.005,-0.023,-1,0.188,0.318,0.146,95,61,347,337,117,0.269,0.349,0.391,0.739,9
110,2022,Ryan McMahon,COL,27,153,597,529,0.263,0.345,0.46,0.805,24,5,3,0.271,0.105,-0.017,-0.064,-4,0.401,0.338,0.197,162,63,364,340,139,0.246,0.327,0.414,0.741,20
111,2022,Willy Adames,MIL,26,139,617,563,0.24,0.3,0.48,0.78,28,1,4,0.255,0.08,-0.002,-0.024,3,0.45,0.284,0.24,157,49,406,378,135,0.238,0.298,0.458,0.756,31
112,2022,Adolis Garcia,TEX,29,156,657,605,0.238,0.296,0.478,0.774,28,6,6,0.287,0.07,0.012,-0.018,-1,0.421,0.304,0.24,189,46,410,382,144,0.25,0.3,0.456,0.756,27
113,2022,Luis Robert,CHW,24,98,401,380,0.289,0.321,0.494,0.815,10,3,1,0.197,0.038,-0.005,-0.069,2,0.261,0.343,0.205,79,15,303,293,110,0.284,0.319,0.426,0.746,12
114,2022,Salvador Perez,KCR,32,114,473,445,0.243,0.292,0.5,0.792,21,7,3,0.224,0.052,0.011,-0.035,2,0.438,0.28,0.257,106,25,332,311,108,0.254,0.292,0.465,0.757,23
115,2022,Wander Franco,TBR,21,83,344,314,0.306,0.347,0.447,0.794,5,0,4,0.099,0.063,-0.029,-0.048,1,0.156,0.327,0.141,34,22,284,279,96,0.277,0.328,0.417,0.746,6
116,2022,Seby Zavala,CHW,28,61,205,178,0.174,0.259,0.39,0.649,2,3,2,0.35,0.089,0.096,0.08,0,0.089,0.267,0.216,72,18,110,108,31,0.27,0.347,0.382,0.729,2
117,2022,Seth Brown,OAK,29,150,555,500,0.242,0.309,0.487,0.796,21,3,1,0.264,0.083,-0.012,-0.047,4,0.371,0.296,0.245,147,46,358,337,121,0.23,0.305,0.444,0.749,25
118,2022,T.J. Friedl,CIN,26,72,258,225,0.236,0.321,0.429,0.75,8,7,6,0.18,0.094,0.004,0,0,0.318,0.269,0.193,46,24,175,167,53,0.24,0.314,0.436,0.75,8
119,2022,Yonathan Daza,COL,28,113,408,372,0.266,0.31,0.367,0.677,-5,4,5,0.162,0.053,0.035,0.056,7,-0.112,0.328,0.101,66,22,311,316,99,0.301,0.349,0.384,0.733,2
120,2022,Isaac Paredes,TBR,23,111,381,331,0.23,0.332,0.43,0.762,20,4,2,0.172,0.125,-0.025,-0.022,0,0.519,0.233,0.2,66,48,261,241,76,0.205,0.304,0.435,0.74,20
121,2022,Tim Anderson,CHW,29,79,351,332,0.301,0.335,0.442,0.777,2,5,0,0.15,0.033,0,-0.043,4,0.044,0.35,0.141,53,12,281,279,100,0.301,0.339,0.395,0.734,6
122,2022,Daulton Varsho,ARI,25,151,592,531,0.213,0.276,0.442,0.718,14,7,5,0.244,0.069,0.022,0.027,13,0.231,0.26,0.229,144,41,395,381,113,0.235,0.302,0.443,0.745,27
123,2022,Christopher Morel,CHC,23,113,425,379,0.237,0.314,0.473,0.787,19,3,2,0.33,0.094,-0.002,-0.046,-3,0.447,0.321,0.236,140,40,240,221,90,0.235,0.308,0.433,0.741,16
124,2022,Eric Haase,DET,29,110,351,323,0.232,0.285,0.45,0.735,14,1,3,0.289,0.069,0.022,0.013,0,0.4,0.291,0.218,101,24,222,208,75,0.254,0.305,0.443,0.748,14
125,2022,Ji-Man Choi,TBR,31,113,419,356,0.236,0.356,0.46,0.816,15,2,3,0.286,0.158,-0.003,-0.087,-4,0.368,0.324,0.224,120,66,228,213,84,0.233,0.341,0.388,0.729,11
126,2022,Nick Gordon,MIN,26,138,443,405,0.254,0.3,0.448,0.748,8,10,6,0.234,0.044,0.018,-0.005,1,0.185,0.322,0.194,104,19,304,296,103,0.272,0.316,0.427,0.743,9
127,2022,Brendan Rodgers,COL,25,137,581,527,0.275,0.327,0.417,0.744,10,3,5,0.176,0.069,-0.009,-0.011,3,0.175,0.32,0.142,102,40,431,421,145,0.266,0.325,0.408,0.733,13
128,2022,Orlando Arcia,ATL,27,68,234,209,0.234,0.305,0.43,0.735,9,2,2,0.231,0.087,0.01,-0.002,0,0.376,0.275,0.196,54,20,156,147,49,0.244,0.316,0.416,0.733,9
129,2022,Oneil Cruz,PIT,23,87,361,331,0.245,0.32,0.495,0.815,19,1,1,0.306,0.1,-0.012,-0.071,-2,0.53,0.319,0.25,110,36,213,194,81,0.233,0.294,0.45,0.744,17
130,2022,Jurickson Profar,SDP,29,152,658,575,0.257,0.339,0.418,0.757,11,4,3,0.181,0.105,-0.014,-0.034,4,0.162,0.302,0.161,119,69,463,452,148,0.243,0.331,0.391,0.723,15
131,2022,Jake Cronenworth,SDP,28,158,684,587,0.233,0.319,0.417,0.736,17,16,8,0.189,0.091,0.007,-0.009,0,0.248,0.266,0.184,129,62,469,452,137,0.24,0.333,0.394,0.727,17
132,2022,Sam Haggerty,SEA,28,83,201,176,0.239,0.32,0.365,0.685,5,4,2,0.264,0.088,0.017,0.053,0,0.268,0.314,0.126,53,18,124,119,42,0.256,0.335,0.403,0.738,5
133,2022,Jean Segura,PHI,32,98,387,354,0.268,0.325,0.4,0.725,4,7,1,0.151,0.06,0.009,-0.002,6,0.1,0.308,0.132,58,23,298,294,95,0.277,0.336,0.387,0.723,10
134,2022,Nico Hoerner,CHC,25,135,517,481,0.283,0.326,0.409,0.735,7,6,2,0.121,0.051,-0.002,0.001,3,0.14,0.312,0.126,63,26,420,413,136,0.281,0.327,0.41,0.736,10
135,2022,Juan Yepez,STL,24,76,274,253,0.217,0.26,0.46,0.72,10,1,4,0.223,0.054,0.036,0.022,2,0.37,0.248,0.243,61,15,193,183,55,0.253,0.296,0.447,0.742,12
136,2022,Alex Verdugo,BOS,26,152,644,593,0.28,0.331,0.456,0.787,8,3,6,0.137,0.07,0,-0.055,3,0.118,0.319,0.176,88,45,502,494,166,0.28,0.328,0.405,0.732,11
137,2022,Mitch Haniger,SEA,31,57,247,224,0.232,0.298,0.464,0.762,11,1,2,0.261,0.085,0.014,-0.026,0,0.432,0.278,0.232,64,21,159,148,52,0.246,0.308,0.429,0.736,11
138,2022,Donovan Solano,CIN,34,80,304,278,0.263,0.308,0.42,0.728,3,5,2,0.21,0.046,0.021,-0.004,1,0.111,0.326,0.157,64,14,219,216,73,0.284,0.339,0.385,0.724,4
139,2022,Christian Arroyo,BOS,27,87,300,280,0.296,0.334,0.456,0.79,6,3,2,0.15,0.045,-0.01,-0.054,0,0.196,0.336,0.16,45,14,236,230,83,0.286,0.322,0.414,0.736,6
140,2022,Thairo Estrada,SFG,26,140,541,488,0.256,0.322,0.402,0.724,10,14,5,0.171,0.066,0.004,0,4,0.183,0.3,0.146,93,36,393,383,125,0.26,0.322,0.402,0.724,14
141,2022,Max Muncy,LAD,31,136,565,464,0.213,0.333,0.477,0.81,19,5,6,0.264,0.143,-0.017,-0.097,2,0.336,0.261,0.264,149,81,324,305,99,0.196,0.329,0.384,0.713,21
142,2022,Tommy Edman,STL,27,153,630,577,0.284,0.34,0.443,0.783,13,5,1,0.17,0.07,-0.019,-0.058,0,0.204,0.328,0.159,107,44,473,460,164,0.265,0.324,0.4,0.725,13
143,2022,Marcus Semien,TEX,31,161,724,657,0.247,0.312,0.45,0.762,24,4,10,0.172,0.087,0.001,-0.029,2,0.338,0.278,0.203,125,63,522,498,162,0.248,0.304,0.429,0.733,26
144,2022,Ketel Marte,ARI,28,137,558,492,0.254,0.332,0.438,0.77,14,6,5,0.17,0.096,-0.014,-0.043,-2,0.244,0.29,0.184,95,54,398,384,125,0.24,0.321,0.407,0.727,12
145,2022,Charlie Blackmon,COL,35,135,577,530,0.268,0.319,0.415,0.734,15,8,3,0.17,0.057,-0.004,-0.001,1,0.252,0.303,0.147,98,33,435,420,142,0.264,0.314,0.419,0.733,16
146,2022,Patrick Wisdom,CHC,30,134,534,469,0.205,0.302,0.485,0.787,29,9,2,0.353,0.106,0.002,-0.062,-4,0.538,0.271,0.28,189,57,277,248,96,0.207,0.298,0.426,0.725,25
147,2022,Trevor Story,BOS,29,94,396,357,0.221,0.288,0.449,0.737,15,3,4,0.291,0.082,0.017,0,1,0.373,0.282,0.228,115,32,242,227,79,0.238,0.303,0.434,0.737,16
148,2022,Ryan Mountcastle,BAL,25,145,609,555,0.245,0.3,0.482,0.782,22,4,7,0.259,0.07,0.005,-0.053,0,0.357,0.304,0.237,158,43,397,375,136,0.25,0.305,0.423,0.729,22
149,2022,Nolan Gorman,STL,22,89,313,283,0.219,0.303,0.487,0.79,14,2,0,0.329,0.101,0.007,-0.069,0,0.453,0.297,0.268,103,32,176,162,62,0.226,0.3,0.42,0.721,14
150,2022,Rodolfo Castro,PIT,23,71,278,253,0.245,0.302,0.414,0.716,11,2,1,0.264,0.07,-0.012,0.009,0,0.394,0.296,0.169,73,19,183,172,62,0.233,0.299,0.427,0.725,11
151,2022,Cedric Mullins II,BAL,27,156,672,608,0.263,0.32,0.452,0.772,17,9,5,0.177,0.066,-0.005,-0.051,-1,0.256,0.299,0.189,119,44,495,478,160,0.258,0.318,0.403,0.721,16
152,2022,Yadiel Hernandez,WSN,34,94,327,305,0.259,0.311,0.436,0.747,8,1,2,0.239,0.069,0.01,-0.025,1,0.237,0.33,0.177,78,23,223,215,79,0.269,0.312,0.41,0.722,9
153,2022,Austin Barnes,LAD,32,62,212,179,0.251,0.354,0.433,0.787,9,3,1,0.187,0.121,-0.039,-0.083,-1,0.404,0.274,0.182,40,26,142,133,45,0.212,0.324,0.38,0.704,8
154,2022,David Peralta,- - -,34,134,490,439,0.246,0.298,0.443,0.741,14,4,6,0.23,0.064,0.005,-0.01,-2,0.287,0.291,0.197,113,31,336,322,108,0.251,0.316,0.415,0.731,12
155,2022,Randal Grichuk,COL,30,141,538,506,0.249,0.297,0.443,0.74,12,6,2,0.216,0.053,0.01,-0.016,7,0.225,0.305,0.194,116,29,385,373,126,0.259,0.299,0.425,0.724,19
156,2022,Tyrone Taylor,MIL,28,120,405,373,0.228,0.283,0.443,0.726,16,7,3,0.245,0.058,0.005,0.003,1,0.394,0.269,0.215,99,23,273,257,85,0.233,0.286,0.442,0.729,17
157,2022,Austin Hays,BAL,26,145,582,535,0.258,0.309,0.446,0.755,16,10,3,0.187,0.053,-0.008,-0.036,0,0.281,0.295,0.188,109,31,429,413,138,0.25,0.306,0.413,0.719,16
158,2022,Jonathan India,CIN,25,103,431,386,0.231,0.314,0.396,0.71,5,14,0,0.222,0.077,0.018,-0.005,5,0.115,0.298,0.165,96,33,288,283,89,0.249,0.327,0.378,0.705,10
159,2022,Connor Joe,COL,29,111,467,404,0.25,0.341,0.399,0.74,5,7,1,0.21,0.104,-0.012,-0.043,2,0.113,0.314,0.149,98,49,312,307,101,0.238,0.338,0.359,0.697,7
160,2022,Luis Rengifo,LAA,25,127,511,489,0.256,0.296,0.436,0.732,12,4,0,0.158,0.046,0.008,-0.008,5,0.234,0.29,0.18,81,24,402,390,125,0.264,0.294,0.429,0.724,17
161,2022,Bryan De La Cruz,MIA,25,115,355,329,0.264,0.32,0.466,0.786,14,2,4,0.253,0.075,-0.012,-0.061,-1,0.391,0.335,0.202,90,27,232,218,87,0.252,0.294,0.432,0.725,13
162,2022,Ramon Urias,BAL,28,118,445,403,0.228,0.291,0.438,0.729,3,5,4,0.221,0.073,0.02,-0.009,13,0.067,0.294,0.21,98,32,306,303,92,0.248,0.305,0.414,0.72,16
163,2022,Eric Hosmer,- - -,32,104,419,380,0.279,0.331,0.447,0.778,5,1,1,0.154,0.07,-0.011,-0.062,3,0.124,0.317,0.168,65,29,323,318,106,0.268,0.334,0.382,0.716,8
164,2022,Ha-seong Kim,SDP,26,150,582,517,0.246,0.32,0.425,0.745,10,7,4,0.179,0.087,0.005,-0.037,1,0.179,0.288,0.179,104,51,416,406,127,0.251,0.325,0.383,0.708,11
165,2022,Jesse Winker,SEA,28,136,547,456,0.224,0.34,0.399,0.739,7,4,3,0.181,0.142,-0.005,-0.051,7,0.124,0.266,0.175,99,78,363,356,102,0.219,0.344,0.344,0.688,14
166,2022,Wilmer Flores,SFG,30,151,602,525,0.217,0.301,0.416,0.717,11,11,7,0.193,0.091,0.012,-0.007,8,0.18,0.255,0.199,116,55,413,402,114,0.229,0.316,0.394,0.71,19
167,2022,Trey Mancini,- - -,30,143,587,519,0.227,0.302,0.432,0.734,18,10,5,0.251,0.081,0.012,-0.024,0,0.315,0.278,0.205,147,48,377,359,118,0.239,0.319,0.391,0.71,18
168,2022,Christian Vazquez,- - -,31,119,426,398,0.271,0.32,0.418,0.738,9,3,3,0.15,0.063,0.003,-0.024,0,0.2,0.309,0.147,64,27,329,320,108,0.274,0.315,0.399,0.714,9
169,2022,Jose Iglesias,COL,32,118,467,439,0.255,0.302,0.359,0.661,1,8,3,0.121,0.049,0.037,0.047,2,0.03,0.296,0.104,57,23,376,375,112,0.292,0.328,0.38,0.708,3
170,2022,Luis Guillorme,NYM,27,102,335,297,0.279,0.352,0.356,0.708,1,2,0,0.141,0.093,-0.006,-0.017,1,0.022,0.324,0.077,47,31,255,254,83,0.273,0.351,0.34,0.691,2
171,2022,Luke Voit,- - -,31,135,568,500,0.212,0.304,0.45,0.754,27,7,6,0.32,0.109,0.014,-0.044,-5,0.473,0.278,0.238,182,62,311,284,106,0.226,0.308,0.402,0.71,22
172,2022,Eduardo Escobar,NYM,33,136,542,495,0.232,0.283,0.466,0.749,14,1,6,0.239,0.066,0.008,-0.023,6,0.255,0.285,0.234,130,36,369,355,115,0.24,0.295,0.43,0.726,20
173,2022,Jack Suwinski,PIT,23,106,372,326,0.233,0.314,0.475,0.789,22,4,1,0.312,0.095,-0.031,-0.08,-3,0.578,0.279,0.242,116,35,216,194,76,0.202,0.298,0.411,0.709,19
174,2022,Amed Rosario,CLE,26,153,670,637,0.278,0.312,0.428,0.74,-8,4,4,0.16,0.043,0.005,-0.025,19,-0.125,0.347,0.15,107,29,526,534,177,0.283,0.312,0.403,0.715,11
175,2022,Bobby Witt Jr.,KCR,22,150,632,591,0.249,0.295,0.47,0.765,17,6,5,0.205,0.056,0.005,-0.043,3,0.271,0.295,0.221,130,35,456,439,147,0.254,0.294,0.428,0.722,20
176,2022,Wil Myers,SDP,31,77,286,261,0.218,0.286,0.408,0.694,7,1,3,0.287,0.086,0.043,0.019,0,0.261,0.3,0.19,82,25,175,168,57,0.261,0.315,0.398,0.713,7
177,2022,MJ Melendez,KCR,23,129,534,460,0.248,0.329,0.471,0.8,21,1,7,0.24,0.109,-0.031,-0.094,-3,0.391,0.293,0.223,128,58,340,319,114,0.217,0.313,0.393,0.706,18
178,2022,Elvis Andrus,- - -,33,149,577,535,0.254,0.313,0.412,0.725,16,3,0,0.169,0.074,-0.005,-0.018,1,0.283,0.288,0.158,98,43,433,417,136,0.249,0.303,0.404,0.707,17
179,2022,Alec Bohm,PHI,25,152,631,586,0.275,0.32,0.416,0.736,11,4,10,0.158,0.064,0.005,-0.023,2,0.171,0.321,0.141,100,40,477,466,161,0.28,0.315,0.398,0.713,13
180,2022,Joey Votto,CIN,38,91,376,322,0.23,0.337,0.45,0.787,12,10,0,0.249,0.113,-0.025,-0.098,-1,0.318,0.286,0.22,94,42,230,218,74,0.205,0.319,0.37,0.689,11
181,2022,Jeremy Pena,HOU,24,136,558,521,0.25,0.297,0.446,0.743,17,6,5,0.249,0.055,0.003,-0.028,5,0.3,0.314,0.196,139,31,377,360,130,0.253,0.289,0.426,0.715,22
182,2022,Andrew McCutchen,MIL,35,134,580,515,0.247,0.328,0.451,0.779,18,4,4,0.215,0.103,-0.01,-0.079,-1,0.303,0.296,0.204,125,60,387,369,127,0.237,0.316,0.384,0.7,17
183,2022,Kyle Farmer,CIN,31,145,583,526,0.264,0.32,0.411,0.731,13,16,6,0.175,0.052,-0.009,-0.03,1,0.228,0.303,0.147,102,30,429,416,139,0.255,0.315,0.386,0.701,14
184,2022,Mitch Garver,TEX,31,54,215,188,0.207,0.301,0.444,0.745,9,2,2,0.25,0.11,0,-0.043,1,0.434,0.243,0.237,54,24,133,124,39,0.207,0.298,0.404,0.702,10
185,2022,Manuel Margot,TBR,27,89,363,336,0.259,0.311,0.406,0.717,4,2,1,0.208,0.067,0.015,-0.017,0,0.102,0.325,0.147,76,24,260,256,87,0.274,0.325,0.375,0.7,4
186,2022,Carlos Santana,- - -,36,131,506,431,0.241,0.335,0.469,0.804,20,2,2,0.197,0.119,-0.039,-0.112,-1,0.39,0.262,0.228,100,60,342,322,104,0.202,0.316,0.376,0.692,19
187,2022,Nick Fortes,MIA,25,72,240,217,0.263,0.336,0.456,0.792,9,5,0,0.163,0.079,-0.033,-0.096,0,0.374,0.284,0.193,39,19,177,168,57,0.23,0.304,0.392,0.696,9
188,2022,Gavin Sheets,CHW,26,124,410,377,0.218,0.28,0.412,0.692,15,3,3,0.202,0.075,0.023,0.014,0,0.355,0.245,0.194,83,31,290,275,82,0.241,0.295,0.411,0.706,15
189,2022,Lane Thomas,WSN,26,146,548,498,0.243,0.304,0.427,0.731,18,4,5,0.215,0.077,-0.002,-0.026,-1,0.321,0.286,0.184,118,42,379,361,121,0.241,0.301,0.404,0.705,17
190,2022,Ben Gamel,PIT,30,115,423,371,0.243,0.336,0.418,0.754,10,3,1,0.218,0.118,-0.011,-0.061,-1,0.229,0.3,0.175,92,50,277,267,90,0.232,0.324,0.369,0.693,9
191,2022,Tyler O'Neill,STL,27,96,383,334,0.243,0.321,0.47,0.791,15,4,7,0.277,0.098,-0.015,-0.091,-1,0.383,0.311,0.227,106,38,228,213,81,0.228,0.308,0.392,0.7,14
192,2022,Mike Yastrzemski,SFG,31,148,558,485,0.233,0.323,0.478,0.801,17,5,6,0.238,0.112,-0.019,-0.104,0,0.305,0.286,0.245,133,62,352,335,113,0.214,0.305,0.392,0.697,17
193,2022,P.J. Higgins,CHC,29,74,229,201,0.244,0.329,0.376,0.705,7,2,1,0.25,0.103,-0.015,-0.012,-1,0.303,0.301,0.132,57,24,145,138,49,0.229,0.31,0.383,0.693,6
194,2022,Dylan Carlson,STL,23,128,488,432,0.245,0.324,0.409,0.733,6,7,4,0.214,0.093,-0.009,-0.038,2,0.117,0.311,0.164,104,45,328,322,106,0.236,0.316,0.38,0.695,8
195,2022,Emmanuel Rivera,- - -,26,102,359,330,0.245,0.306,0.443,0.749,12,5,1,0.229,0.067,-0.012,-0.047,0,0.324,0.292,0.198,82,24,247,235,81,0.233,0.292,0.409,0.702,12
196,2022,Brandon Lowe,TBR,27,65,266,235,0.247,0.318,0.465,0.783,9,3,1,0.256,0.082,-0.026,-0.092,-1,0.336,0.299,0.218,68,22,172,163,58,0.221,0.308,0.383,0.691,8
197,2022,Jace Peterson,MIL,32,113,328,288,0.253,0.323,0.447,0.77,6,2,3,0.28,0.088,-0.017,-0.072,2,0.19,0.343,0.194,92,29,202,196,73,0.236,0.316,0.382,0.698,8
198,2022,J.P. Crawford,SEA,27,145,603,518,0.263,0.357,0.383,0.74,5,10,5,0.139,0.114,-0.02,-0.065,1,0.086,0.305,0.12,84,69,435,430,136,0.243,0.339,0.336,0.675,6
199,2022,Jonah Heim,TEX,27,127,450,406,0.234,0.298,0.444,0.742,13,1,2,0.194,0.082,-0.007,-0.045,3,0.285,0.266,0.21,87,37,323,310,95,0.227,0.298,0.399,0.697,16
200,2022,Santiago Espinal,TOR,27,135,491,449,0.252,0.312,0.388,0.7,7,2,3,0.152,0.08,0.015,-0.008,0,0.146,0.291,0.136,75,39,372,365,113,0.267,0.322,0.37,0.692,7
201,2022,Josh Harrison,CHW,34,119,425,386,0.251,0.31,0.43,0.74,5,14,2,0.173,0.047,0.005,-0.053,2,0.118,0.298,0.179,74,20,315,310,97,0.256,0.317,0.37,0.687,7
202,2022,Jorge Soler,MIA,30,72,306,270,0.226,0.32,0.463,0.783,16,3,1,0.277,0.115,-0.019,-0.088,-3,0.515,0.271,0.237,85,35,182,166,61,0.207,0.295,0.4,0.695,13
203,2022,Rafael Ortega,CHC,31,118,371,316,0.241,0.327,0.424,0.751,7,2,7,0.197,0.112,0,-0.063,0,0.196,0.288,0.183,73,42,247,240,76,0.241,0.331,0.358,0.688,7
204,2022,Ozzie Albies,ATL,25,64,269,247,0.227,0.28,0.428,0.708,6,2,4,0.189,0.066,0.02,-0.005,2,0.234,0.264,0.201,51,18,194,188,56,0.247,0.294,0.409,0.703,8
205,2022,Franchy Cordero,BOS,27,84,275,242,0.227,0.3,0.455,0.755,10,1,2,0.341,0.091,-0.008,-0.058,-2,0.366,0.315,0.228,94,25,153,143,55,0.219,0.3,0.397,0.697,8
206,2022,Nick Castellanos,PHI,30,136,558,524,0.223,0.27,0.417,0.687,4,3,2,0.256,0.055,0.04,0.007,9,0.073,0.301,0.194,143,31,379,375,117,0.263,0.305,0.389,0.694,13
207,2022,Tommy Pham,- - -,34,144,622,554,0.245,0.321,0.439,0.76,13,7,5,0.249,0.092,-0.009,-0.074,4,0.201,0.319,0.194,155,57,398,385,136,0.236,0.312,0.374,0.686,17
208,2022,Tyler Naquin,- - -,31,105,334,310,0.245,0.299,0.448,0.747,11,4,0,0.276,0.059,-0.016,-0.042,0,0.32,0.315,0.203,92,20,218,207,76,0.229,0.282,0.423,0.705,11
209,2022,Brandon Belt,SFG,34,78,298,254,0.205,0.328,0.445,0.773,7,6,1,0.27,0.136,0.008,-0.097,1,0.242,0.278,0.24,80,41,170,163,52,0.213,0.326,0.35,0.676,8
210,2022,Luis Garcia,WSN,22,93,377,360,0.25,0.283,0.414,0.697,5,1,4,0.214,0.046,0.025,0.007,2,0.124,0.317,0.164,81,17,274,269,90,0.275,0.295,0.408,0.704,7
211,2022,Riley Greene,DET,21,93,418,376,0.247,0.319,0.409,0.728,6,3,3,0.248,0.091,0.006,-0.046,-1,0.138,0.331,0.162,104,38,270,264,93,0.253,0.321,0.362,0.682,5
212,2022,Corey Dickerson,STL,33,97,297,281,0.253,0.284,0.388,0.672,5,2,2,0.171,0.037,0.014,0.026,1,0.172,0.293,0.135,51,11,231,226,71,0.267,0.3,0.399,0.698,6
213,2022,Kevin Newman,PIT,28,78,309,288,0.281,0.327,0.411,0.738,2,2,1,0.126,0.057,-0.007,-0.051,0,0.05,0.319,0.13,39,18,249,247,81,0.274,0.316,0.372,0.687,2
214,2022,Luis Gonzalez,SFG,26,98,350,311,0.235,0.312,0.38,0.692,4,4,5,0.236,0.093,0.019,-0.009,0,0.123,0.312,0.145,83,33,225,221,73,0.254,0.323,0.36,0.683,4
215,2022,Cavan Biggio,TOR,27,97,303,257,0.21,0.325,0.417,0.742,5,6,1,0.281,0.124,-0.008,-0.074,1,0.155,0.292,0.207,85,38,173,168,54,0.202,0.318,0.35,0.668,6
216,2022,Ildemaro Vargas,- - -,30,63,222,209,0.268,0.319,0.389,0.708,4,3,1,0.101,0.059,-0.005,-0.017,0,0.163,0.288,0.121,22,13,183,179,56,0.263,0.299,0.392,0.691,4
217,2022,Josh Donaldson,NYY,36,132,546,478,0.218,0.3,0.436,0.736,15,8,6,0.284,0.094,0.004,-0.054,0,0.276,0.285,0.218,155,51,326,311,104,0.222,0.308,0.374,0.682,15
218,2022,Aledmys Diaz,HOU,31,92,327,305,0.259,0.307,0.438,0.745,11,2,2,0.157,0.061,-0.016,-0.054,1,0.322,0.281,0.179,51,20,252,241,79,0.243,0.287,0.403,0.691,12
219,2022,Christian Bethancourt,- - -,30,101,333,318,0.255,0.284,0.476,0.76,11,2,0,0.238,0.033,-0.003,-0.068,0,0.344,0.306,0.221,79,11,241,230,81,0.252,0.283,0.409,0.692,11
220,2022,Keibert Ruiz,WSN,23,112,433,394,0.261,0.317,0.426,0.743,6,6,2,0.116,0.062,-0.01,-0.07,1,0.133,0.285,0.165,50,27,348,342,103,0.251,0.313,0.36,0.673,7
221,2022,Max Kepler,MIN,29,115,446,388,0.265,0.346,0.447,0.793,8,5,4,0.147,0.101,-0.038,-0.127,1,0.188,0.299,0.182,66,45,326,318,103,0.227,0.318,0.348,0.666,9
222,2022,Jon Berti,MIA,32,102,404,358,0.249,0.323,0.413,0.736,-6,3,1,0.207,0.092,-0.009,-0.074,10,-0.148,0.334,0.164,84,37,279,285,89,0.24,0.324,0.338,0.662,4
223,2022,Chris Taylor,LAD,31,118,454,402,0.194,0.281,0.404,0.685,11,5,3,0.386,0.099,0.027,-0.008,-1,0.246,0.31,0.21,175,45,226,215,78,0.221,0.304,0.373,0.677,10
224,2022,Jesus Sanchez,MIA,24,98,343,313,0.24,0.311,0.46,0.771,12,3,1,0.262,0.088,-0.026,-0.089,1,0.338,0.306,0.22,90,30,219,207,75,0.214,0.28,0.403,0.682,13
225,2022,Marcell Ozuna,ATL,31,124,507,470,0.232,0.286,0.476,0.762,22,2,4,0.251,0.07,-0.006,-0.075,1,0.428,0.276,0.244,127,35,339,317,109,0.226,0.274,0.413,0.687,23
226,2022,LaMonte Wade Jr.,SFG,28,77,251,217,0.23,0.323,0.458,0.781,7,5,1,0.192,0.099,-0.023,-0.116,1,0.284,0.261,0.228,48,25,172,165,50,0.207,0.305,0.359,0.665,8
227,2022,Hunter Dozier,KCR,30,129,500,462,0.229,0.292,0.417,0.709,10,3,1,0.249,0.077,0.007,-0.03,2,0.207,0.297,0.188,124,38,334,324,106,0.236,0.292,0.387,0.679,12
228,2022,A.J. Pollock,CHW,34,138,527,489,0.264,0.304,0.464,0.768,15,2,4,0.176,0.054,-0.019,-0.087,-1,0.283,0.297,0.2,93,28,400,385,129,0.245,0.292,0.389,0.681,14
229,2022,Michael A. Taylor,KCR,31,124,456,414,0.22,0.284,0.406,0.69,9,2,3,0.246,0.08,0.034,-0.02,0,0.199,0.278,0.186,112,36,303,294,91,0.254,0.313,0.357,0.67,9
230,2022,Leody Taveras,TEX,23,99,341,314,0.232,0.295,0.389,0.684,3,2,3,0.247,0.079,0.029,-0.009,2,0.099,0.314,0.157,84,27,225,222,73,0.261,0.309,0.366,0.675,5
231,2022,Reese McGuire,- - -,27,89,274,249,0.245,0.287,0.397,0.684,2,3,3,0.19,0.049,0.024,-0.007,1,0.056,0.292,0.152,52,13,203,201,61,0.269,0.307,0.369,0.677,3
232,2022,Harold Castro,DET,28,120,443,420,0.281,0.314,0.432,0.746,7,1,2,0.171,0.046,-0.01,-0.065,0,0.16,0.328,0.151,76,20,344,337,118,0.271,0.3,0.381,0.681,7
233,2022,Brandon Marsh,- - -,24,134,461,424,0.236,0.294,0.414,0.708,11,3,3,0.307,0.071,0.009,-0.029,0,0.234,0.331,0.178,142,33,280,269,100,0.245,0.295,0.384,0.679,11
234,2022,Adam Duvall,ATL,33,86,315,287,0.199,0.266,0.47,0.736,7,5,2,0.286,0.069,0.014,-0.059,5,0.229,0.263,0.271,90,22,196,189,57,0.213,0.276,0.401,0.677,12
235,2022,Ke'Bryan Hayes,PIT,25,136,560,505,0.277,0.346,0.416,0.762,6,5,2,0.199,0.088,-0.033,-0.103,1,0.111,0.346,0.139,111,49,393,387,140,0.244,0.314,0.345,0.659,7
236,2022,Whit Merrifield,- - -,33,139,550,504,0.256,0.296,0.398,0.694,11,0,8,0.155,0.059,-0.006,-0.021,0,0.193,0.286,0.142,85,32,425,414,129,0.25,0.298,0.375,0.673,11
237,2022,Joey Bart,SFG,25,97,291,261,0.211,0.29,0.43,0.72,15,4,0,0.388,0.085,0.004,-0.06,-4,0.504,0.297,0.219,113,25,149,134,55,0.215,0.296,0.364,0.66,11
238,2022,Ramon Laureano,OAK,27,94,383,346,0.223,0.303,0.456,0.759,8,12,0,0.28,0.072,-0.012,-0.096,5,0.209,0.302,0.233,107,28,236,228,77,0.211,0.287,0.376,0.663,13
239,2022,Pavin Smith,ARI,26,75,277,245,0.216,0.299,0.425,0.724,8,1,3,0.205,0.106,0.004,-0.057,1,0.303,0.25,0.209,57,29,187,179,53,0.22,0.3,0.367,0.667,9
240,2022,Brian Anderson,MIA,29,98,383,338,0.237,0.317,0.428,0.745,10,7,1,0.278,0.087,-0.015,-0.088,-2,0.253,0.309,0.191,106,33,236,226,80,0.222,0.311,0.346,0.657,8
241,2022,Matt Reynolds,- - -,31,93,272,244,0.254,0.317,0.386,0.703,3,1,1,0.284,0.082,-0.008,-0.051,0,0.114,0.352,0.132,77,22,171,168,62,0.246,0.32,0.332,0.652,3
242,2022,Jose Trevino,NYY,29,115,353,335,0.251,0.288,0.425,0.713,10,2,1,0.166,0.045,-0.003,-0.042,1,0.289,0.279,0.174,59,16,275,265,84,0.248,0.283,0.388,0.671,11
243,2022,Raimel Tapia,TOR,28,128,433,411,0.285,0.311,0.433,0.744,6,0,1,0.177,0.038,-0.02,-0.072,1,0.142,0.334,0.148,77,16,339,333,117,0.265,0.292,0.38,0.672,7
244,2022,Aaron Hicks,NYY,32,130,453,384,0.219,0.323,0.406,0.729,8,3,2,0.266,0.126,-0.003,-0.087,0,0.184,0.29,0.187,120,57,271,263,84,0.216,0.33,0.313,0.642,8
245,2022,Nelson Cruz,WSN,41,124,507,448,0.25,0.321,0.425,0.746,13,4,3,0.264,0.086,-0.016,-0.095,-3,0.252,0.322,0.175,134,44,322,309,112,0.234,0.313,0.337,0.651,10
246,2022,Nelson Velazquez,CHC,23,77,206,185,0.227,0.319,0.47,0.789,7,2,0,0.287,0.112,-0.022,-0.13,-1,0.334,0.302,0.243,59,23,122,115,42,0.205,0.286,0.373,0.659,6
247,2022,Darin Ruf,- - -,35,119,388,334,0.219,0.309,0.441,0.75,6,6,3,0.274,0.1,-0.015,-0.105,5,0.142,0.295,0.222,106,39,234,228,73,0.204,0.307,0.338,0.645,11
248,2022,Javier Baez,DET,29,144,590,555,0.231,0.272,0.428,0.7,7,6,3,0.266,0.045,0.007,-0.029,10,0.124,0.311,0.197,157,27,397,390,128,0.238,0.278,0.393,0.671,17
249,2022,Jorge Alfaro,SDP,29,82,274,256,0.215,0.258,0.407,0.665,7,4,3,0.377,0.044,0.031,0.002,0,0.249,0.331,0.192,103,12,152,145,55,0.246,0.285,0.383,0.667,7
250,2022,Gary Sanchez,MIN,29,128,471,419,0.215,0.289,0.48,0.769,15,7,5,0.283,0.082,-0.01,-0.11,1,0.31,0.274,0.265,133,39,287,272,90,0.205,0.282,0.377,0.659,16
251,2022,Austin Nola,SDP,32,110,397,347,0.245,0.316,0.403,0.719,3,6,9,0.138,0.086,0.006,-0.07,1,0.088,0.284,0.158,55,34,293,290,85,0.251,0.321,0.329,0.649,4
252,2022,Bryson Stott,PHI,24,127,466,427,0.265,0.321,0.433,0.754,5,1,1,0.17,0.076,-0.031,-0.101,5,0.106,0.314,0.168,79,35,350,345,113,0.234,0.295,0.358,0.653,10
253,2022,Brandon Crawford,SFG,35,118,458,407,0.236,0.312,0.405,0.717,10,8,4,0.218,0.086,-0.005,-0.065,-1,0.217,0.29,0.169,100,39,307,297,96,0.231,0.308,0.344,0.652,9
254,2022,Victor Caratini,MIL,28,96,314,272,0.257,0.349,0.429,0.778,10,9,1,0.211,0.095,-0.058,-0.136,-1,0.315,0.301,0.172,66,30,208,198,70,0.199,0.3,0.342,0.642,9
255,2022,Joey Wendle,MIA,32,101,371,347,0.268,0.307,0.391,0.698,2,5,3,0.131,0.043,-0.009,-0.04,1,0.051,0.306,0.123,49,16,298,296,93,0.259,0.297,0.36,0.658,3
256,2022,Jesus Aguilar,- - -,32,129,507,464,0.226,0.281,0.42,0.701,14,4,5,0.251,0.065,0.009,-0.04,2,0.285,0.28,0.194,127,33,338,324,105,0.235,0.281,0.379,0.661,16
257,2022,Tony Kemp,OAK,30,147,558,497,0.237,0.298,0.348,0.646,4,8,3,0.127,0.065,-0.002,-0.005,3,0.075,0.262,0.111,71,36,440,436,118,0.235,0.307,0.334,0.641,7
258,2022,Ryan Jeffers,MIN,25,67,236,212,0.236,0.311,0.489,0.8,8,0,0,0.235,0.098,-0.028,-0.152,-1,0.338,0.281,0.253,55,23,158,150,50,0.208,0.285,0.363,0.648,7
259,2022,Bobby Dalbec,BOS,27,117,353,317,0.215,0.289,0.437,0.726,14,3,4,0.347,0.091,0,-0.074,-2,0.403,0.302,0.222,122,32,192,178,68,0.215,0.283,0.369,0.652,12
260,2022,Owen Miller,CLE,25,130,472,424,0.257,0.315,0.411,0.726,5,7,9,0.173,0.069,-0.014,-0.074,1,0.111,0.309,0.154,82,33,341,336,109,0.243,0.301,0.351,0.652,6
261,2022,Harrison Bader,- - -,28,86,313,292,0.199,0.26,0.346,0.606,-2,4,2,0.192,0.067,0.051,0.044,7,-0.077,0.265,0.147,60,21,226,228,58,0.25,0.294,0.356,0.65,5
262,2022,Kevin Kiermaier,TBR,32,63,221,206,0.262,0.321,0.416,0.737,7,1,0,0.252,0.077,-0.034,-0.088,0,0.324,0.336,0.154,56,17,147,140,54,0.228,0.281,0.369,0.649,7
263,2022,Joey Gallo,- - -,28,126,410,350,0.183,0.288,0.483,0.771,17,3,1,0.41,0.119,-0.023,-0.133,2,0.403,0.271,0.3,168,49,189,172,64,0.16,0.28,0.357,0.638,19
264,2022,Mike Moustakas,CIN,33,78,285,252,0.198,0.268,0.4,0.668,7,6,3,0.268,0.068,0.016,-0.028,0,0.24,0.245,0.202,76,19,181,174,50,0.214,0.295,0.345,0.64,7
265,2022,Willi Castro,DET,25,112,392,365,0.241,0.288,0.389,0.677,4,8,3,0.239,0.043,0,-0.026,4,0.105,0.316,0.148,94,17,270,266,88,0.241,0.284,0.367,0.651,8
266,2022,Isiah Kiner-Falefa,NYY,27,142,531,483,0.302,0.35,0.432,0.782,-12,5,5,0.107,0.063,-0.041,-0.14,16,-0.235,0.356,0.13,57,33,431,443,146,0.261,0.314,0.327,0.642,4
267,2022,Matt Vierling,PHI,25,117,357,325,0.274,0.324,0.43,0.754,6,3,6,0.187,0.068,-0.028,-0.106,0,0.174,0.33,0.156,67,24,257,251,89,0.246,0.297,0.351,0.648,6
268,2022,Alfonso Rivas,CHC,25,101,287,251,0.239,0.323,0.371,0.694,3,4,2,0.297,0.098,-0.004,-0.066,0,0.101,0.347,0.132,85,28,168,165,60,0.235,0.322,0.307,0.628,3
269,2022,Yuli Gurriel,HOU,38,146,584,545,0.253,0.303,0.399,0.702,9,6,3,0.118,0.058,-0.011,-0.055,-1,0.153,0.279,0.146,69,34,472,463,138,0.242,0.288,0.36,0.647,8
270,2022,Elias Diaz,COL,31,105,381,351,0.239,0.295,0.414,0.709,9,2,3,0.2,0.07,-0.011,-0.061,0,0.232,0.285,0.175,76,27,273,264,84,0.228,0.281,0.368,0.648,9
271,2022,Cody Bellinger,LAD,26,144,550,504,0.228,0.291,0.449,0.74,18,2,6,0.242,0.081,-0.018,-0.086,1,0.33,0.28,0.221,133,45,364,346,115,0.21,0.265,0.389,0.654,19
272,2022,Victor Reyes,DET,27,92,336,315,0.248,0.289,0.403,0.692,2,4,4,0.227,0.047,0.006,-0.041,1,0.057,0.323,0.155,76,16,236,234,78,0.254,0.289,0.362,0.651,3
273,2022,Jarren Duran,BOS,25,58,223,204,0.235,0.299,0.411,0.71,4,4,1,0.274,0.067,-0.014,-0.065,-1,0.165,0.317,0.176,61,15,142,138,48,0.221,0.283,0.363,0.645,3
274,2022,Robbie Grossman,- - -,32,129,477,411,0.202,0.3,0.383,0.683,6,6,4,0.258,0.111,0.007,-0.061,1,0.123,0.269,0.181,123,53,291,285,83,0.209,0.31,0.311,0.622,7
275,2022,Cesar Hernandez,WSN,32,147,617,560,0.229,0.309,0.343,0.652,-12,7,2,0.177,0.095,0.019,-0.023,13,-0.189,0.309,0.114,109,59,440,452,128,0.248,0.311,0.318,0.629,1
276,2022,Kyle Higashioka,NYY,32,83,248,229,0.249,0.296,0.482,0.778,10,1,4,0.195,0.065,-0.022,-0.125,0,0.393,0.278,0.233,48,16,179,169,57,0.227,0.264,0.389,0.653,10
277,2022,Michael Chavis,PIT,26,129,426,401,0.214,0.256,0.402,0.658,15,2,4,0.279,0.051,0.015,-0.004,-1,0.345,0.269,0.188,119,22,279,264,86,0.229,0.265,0.389,0.654,14
278,2022,Ezequiel Duran,TEX,23,58,220,208,0.24,0.282,0.404,0.686,2,0,0,0.22,0.056,-0.004,-0.043,3,0.079,0.303,0.164,48,12,160,158,50,0.236,0.277,0.365,0.643,5
279,2022,Luke Maile,CLE,31,76,206,181,0.193,0.27,0.381,0.651,3,3,3,0.268,0.081,0.028,-0.024,0,0.13,0.255,0.188,55,17,128,125,35,0.221,0.301,0.326,0.627,3
280,2022,Jorge Mateo,BAL,27,150,533,494,0.245,0.295,0.422,0.717,14,5,2,0.275,0.058,-0.024,-0.071,-1,0.266,0.319,0.177,147,31,348,334,121,0.221,0.267,0.379,0.646,13
281,2022,Calvin Mitchell,PIT,23,69,232,212,0.25,0.298,0.403,0.701,5,0,1,0.219,0.064,-0.024,-0.066,0,0.203,0.299,0.153,51,15,165,160,53,0.226,0.286,0.349,0.635,5
282,2022,Jordan Luplow,ARI,28,83,234,205,0.22,0.306,0.433,0.739,12,3,1,0.274,0.099,-0.044,-0.105,-1,0.505,0.253,0.213,64,23,143,131,45,0.176,0.274,0.361,0.634,11
283,2022,Chad Pinder,OAK,30,111,379,361,0.233,0.275,0.406,0.681,13,0,2,0.291,0.059,0.002,-0.033,-1,0.336,0.306,0.173,110,22,245,232,84,0.235,0.263,0.385,0.648,12
284,2022,Trent Grisham,SDP,25,152,524,451,0.211,0.327,0.417,0.744,21,7,2,0.269,0.138,-0.027,-0.118,-4,0.392,0.264,0.206,141,72,302,281,95,0.184,0.284,0.341,0.626,17
285,2022,Enrique Hernandez,BOS,30,93,402,361,0.222,0.289,0.413,0.702,6,3,4,0.173,0.083,0,-0.073,0,0.143,0.258,0.191,70,33,292,286,80,0.222,0.291,0.338,0.629,6
286,2022,Franmil Reyes,- - -,26,118,473,438,0.224,0.282,0.436,0.718,17,2,3,0.322,0.073,-0.003,-0.08,-3,0.369,0.305,0.212,152,35,281,264,98,0.221,0.273,0.365,0.638,14
287,2022,Gilberto Celestino,MIN,23,122,347,311,0.248,0.324,0.36,0.684,-11,2,0,0.215,0.095,-0.01,-0.069,13,-0.305,0.354,0.112,75,33,237,248,77,0.238,0.313,0.302,0.615,2
288,2022,Francisco Mejia,TBR,26,93,299,289,0.221,0.249,0.378,0.627,3,2,1,0.214,0.03,0.021,0.018,3,0.095,0.277,0.157,64,9,223,220,64,0.242,0.264,0.381,0.645,6
289,2022,Matt Duffy,LAA,31,77,247,228,0.237,0.298,0.364,0.662,-1,2,0,0.183,0.072,0.013,-0.043,3,-0.058,0.301,0.127,45,18,182,183,54,0.25,0.308,0.311,0.619,2
290,2022,Albert Almora Jr.,CIN,28,64,235,215,0.26,0.298,0.376,0.674,3,1,1,0.193,0.048,-0.037,-0.043,2,0.14,0.303,0.116,45,11,177,174,56,0.223,0.282,0.349,0.631,5
291,2022,Rougned Odor,BAL,28,135,472,426,0.209,0.284,0.407,0.691,12,10,4,0.226,0.077,-0.002,-0.059,1,0.26,0.253,0.198,107,36,315,303,89,0.207,0.275,0.357,0.632,13
292,2022,Jared Walsh,LAA,28,118,454,423,0.234,0.289,0.447,0.736,16,4,0,0.269,0.063,-0.019,-0.094,-1,0.36,0.295,0.213,122,29,299,283,99,0.215,0.269,0.374,0.642,15
293,2022,Jose Azocar,SDP,26,98,216,202,0.243,0.287,0.352,0.639,-6,0,1,0.187,0.062,0.014,-0.01,6,-0.256,0.329,0.109,40,13,162,168,49,0.257,0.298,0.332,0.629,0
294,2022,Jo Adell,LAA,23,88,285,268,0.19,0.253,0.408,0.661,9,4,1,0.374,0.067,0.034,-0.024,-1,0.322,0.291,0.218,107,19,154,145,51,0.224,0.264,0.373,0.637,8
295,2022,Frank Schwindel,CHC,30,75,292,271,0.232,0.273,0.409,0.682,5,0,2,0.216,0.056,-0.003,-0.047,3,0.174,0.28,0.177,63,16,211,206,63,0.229,0.277,0.358,0.635,8
296,2022,Jeimer Candelario,DET,28,124,467,429,0.24,0.299,0.445,0.744,12,6,4,0.211,0.069,-0.023,-0.111,1,0.254,0.29,0.205,99,32,326,314,103,0.217,0.272,0.361,0.633,13
297,2022,Miguel Cabrera,DET,39,112,433,397,0.249,0.307,0.399,0.706,-1,3,5,0.214,0.074,0.005,-0.084,6,-0.024,0.331,0.15,93,32,300,301,99,0.254,0.305,0.317,0.622,5
298,2022,Andrew Knizner,STL,27,97,293,260,0.227,0.295,0.395,0.69,2,6,0,0.213,0.066,-0.012,-0.089,2,0.057,0.277,0.168,62,19,206,204,59,0.215,0.301,0.3,0.601,4
299,2022,David Fletcher,LAA,28,61,228,216,0.259,0.289,0.357,0.646,2,3,0,0.092,0.025,-0.004,-0.025,0,0.079,0.277,0.098,21,6,198,196,56,0.255,0.288,0.333,0.621,2
300,2022,Yoan Moncada,CHW,27,104,433,397,0.212,0.276,0.423,0.699,11,2,1,0.256,0.078,0,-0.073,1,0.258,0.268,0.211,111,34,285,274,84,0.212,0.273,0.353,0.626,12
301,2022,Carson Kelly,ARI,27,104,354,317,0.24,0.308,0.407,0.715,8,4,4,0.199,0.083,-0.029,-0.098,-1,0.218,0.286,0.167,70,29,247,239,76,0.211,0.282,0.334,0.617,7
302,2022,Adam Frazier,SEA,30,156,602,541,0.275,0.327,0.407,0.734,2,5,6,0.127,0.065,-0.037,-0.122,1,0.036,0.31,0.132,76,39,476,474,149,0.238,0.301,0.311,0.612,3
303,2022,Diego Castillo,PIT,24,96,283,262,0.233,0.286,0.457,0.743,9,3,4,0.256,0.065,-0.027,-0.11,2,0.31,0.296,0.224,72,18,186,177,61,0.206,0.251,0.382,0.633,11
304,2022,Spencer Torkelson,DET,22,110,404,360,0.231,0.308,0.441,0.749,9,5,2,0.239,0.088,-0.028,-0.145,-1,0.232,0.291,0.21,97,36,264,255,83,0.203,0.285,0.319,0.604,8
305,2022,Alek Thomas,ARI,22,113,411,381,0.26,0.297,0.386,0.683,4,3,5,0.185,0.047,-0.029,-0.064,4,0.105,0.314,0.126,76,19,308,304,99,0.231,0.275,0.344,0.619,8
306,2022,Nick Senzel,CIN,27,110,420,373,0.263,0.327,0.409,0.736,2,5,1,0.171,0.074,-0.032,-0.135,3,0.058,0.311,0.146,72,31,311,309,98,0.231,0.296,0.306,0.601,5
307,2022,Yan Gomes,CHC,34,86,293,277,0.242,0.275,0.373,0.648,5,3,4,0.149,0.036,-0.007,-0.023,3,0.169,0.273,0.131,44,11,231,226,67,0.235,0.26,0.365,0.625,8
308,2022,Omar Narvaez,MIL,30,84,296,262,0.214,0.296,0.379,0.675,4,3,1,0.197,0.094,-0.008,-0.078,0,0.139,0.258,0.165,58,28,206,202,56,0.206,0.292,0.305,0.597,4
309,2022,Sergio Alcantara,- - -,25,93,224,205,0.234,0.294,0.383,0.677,7,1,4,0.246,0.08,-0.014,-0.06,-1,0.3,0.297,0.149,55,18,146,139,48,0.22,0.261,0.356,0.617,6
310,2022,Jose Siri,- - -,26,104,325,301,0.223,0.279,0.401,0.68,8,3,1,0.349,0.066,-0.01,-0.073,-1,0.239,0.328,0.178,113,21,187,179,67,0.213,0.268,0.339,0.607,7
311,2022,Miguel Rojas,MIA,33,140,507,471,0.272,0.32,0.386,0.706,6,6,3,0.127,0.057,-0.036,-0.101,0,0.114,0.306,0.114,64,29,405,399,128,0.236,0.283,0.323,0.605,6
312,2022,Vimael Machin,OAK,28,73,253,223,0.251,0.325,0.389,0.714,1,2,3,0.176,0.094,-0.031,-0.127,0,0.022,0.311,0.138,45,24,179,178,56,0.22,0.3,0.287,0.587,1
313,2022,Nick Madrigal,CHC,25,59,228,209,0.278,0.338,0.374,0.712,-7,3,0,0.113,0.068,-0.029,-0.124,7,-0.323,0.344,0.096,26,16,183,190,58,0.249,0.305,0.282,0.588,0
314,2022,CJ Abrams,- - -,21,90,302,284,0.257,0.302,0.406,0.708,-1,9,2,0.165,0.034,-0.011,-0.104,3,-0.024,0.319,0.149,50,10,231,232,73,0.246,0.28,0.324,0.604,2
315,2022,Garrett Hampson,COL,27,90,226,199,0.226,0.3,0.368,0.668,2,1,2,0.27,0.093,-0.015,-0.074,0,0.094,0.311,0.142,61,21,141,139,45,0.211,0.287,0.307,0.594,2
316,2022,Aristides Aquino,CIN,28,80,276,259,0.189,0.236,0.41,0.646,8,0,0,0.363,0.057,0.008,-0.037,2,0.294,0.272,0.221,100,16,160,152,49,0.197,0.246,0.363,0.609,10
317,2022,J.J. Bleday,MIA,24,65,238,204,0.201,0.307,0.422,0.729,6,2,2,0.269,0.126,-0.034,-0.143,-1,0.242,0.264,0.221,64,30,140,134,41,0.167,0.277,0.309,0.586,5
318,2022,Jacob Stallings,MIA,32,114,384,346,0.231,0.302,0.394,0.696,4,6,2,0.203,0.079,-0.008,-0.112,0,0.112,0.289,0.163,78,30,268,264,80,0.223,0.292,0.292,0.584,4
319,2022,Kyle Isbel,KCR,25,106,278,256,0.246,0.309,0.429,0.738,6,3,2,0.219,0.074,-0.035,-0.135,-1,0.223,0.309,0.183,61,21,191,185,63,0.211,0.264,0.34,0.603,5
320,2022,Tomas Nido,NYM,28,98,313,284,0.232,0.276,0.385,0.661,2,1,2,0.272,0.054,0.007,-0.061,1,0.077,0.309,0.153,85,17,208,206,66,0.239,0.276,0.324,0.6,3
321,2022,Martin Maldonado,HOU,35,113,379,344,0.215,0.282,0.415,0.697,17,7,2,0.312,0.069,-0.029,-0.097,-2,0.455,0.273,0.2,118,26,226,209,74,0.186,0.248,0.352,0.6,15
322,2022,Yasmani Grandal,CHW,33,99,376,327,0.242,0.332,0.406,0.738,6,2,2,0.208,0.114,-0.04,-0.168,-1,0.159,0.296,0.164,78,43,251,245,79,0.202,0.301,0.269,0.57,5
323,2022,Brad Miller,TEX,32,81,241,222,0.234,0.278,0.452,0.73,7,0,1,0.306,0.059,-0.022,-0.14,0,0.273,0.31,0.218,74,14,152,145,52,0.212,0.27,0.32,0.59,7
324,2022,Brian Serven,COL,27,62,205,187,0.241,0.285,0.392,0.677,6,2,1,0.245,0.051,-0.038,-0.084,0,0.315,0.286,0.151,50,10,142,136,45,0.203,0.261,0.332,0.593,6
325,2022,Cooper Hummel,ARI,27,66,201,176,0.21,0.303,0.388,0.691,3,1,1,0.278,0.114,-0.034,-0.111,0,0.132,0.291,0.178,56,23,120,117,37,0.176,0.274,0.307,0.58,3
326,2022,Josh Smith,TEX,24,73,253,213,0.221,0.335,0.374,0.709,2,7,3,0.215,0.124,-0.024,-0.153,0,0.098,0.286,0.153,54,31,158,156,47,0.197,0.307,0.249,0.556,2
327,2022,Maikel Franco,WSN,29,103,388,371,0.243,0.272,0.425,0.697,8,2,3,0.209,0.036,-0.014,-0.1,1,0.214,0.293,0.182,81,14,288,280,90,0.229,0.255,0.342,0.597,9
328,2022,Kole Calhoun,TEX,34,125,424,388,0.209,0.279,0.412,0.691,15,6,3,0.343,0.079,-0.013,-0.104,-3,0.348,0.297,0.203,145,33,237,222,81,0.196,0.257,0.33,0.587,12
329,2022,Victor Robles,WSN,25,132,407,366,0.227,0.295,0.379,0.674,7,9,4,0.25,0.069,-0.003,-0.09,-1,0.172,0.295,0.152,102,28,264,257,83,0.224,0.273,0.311,0.584,6
330,2022,Avisail Garcia,MIA,31,98,380,357,0.238,0.286,0.411,0.697,5,4,2,0.284,0.056,-0.014,-0.115,3,0.123,0.333,0.173,108,21,245,240,85,0.224,0.266,0.317,0.582,8
331,2022,Eddie Rosario,ATL,30,80,270,250,0.224,0.265,0.418,0.683,5,0,3,0.268,0.056,-0.012,-0.096,0,0.182,0.289,0.194,72,15,180,175,56,0.212,0.259,0.328,0.587,5
332,2022,Max Stassi,LAA,31,102,375,333,0.201,0.288,0.412,0.7,5,2,1,0.26,0.104,-0.021,-0.129,4,0.131,0.269,0.211,98,39,235,230,67,0.18,0.267,0.303,0.571,9
333,2022,Myles Straw,CLE,27,152,596,535,0.265,0.329,0.372,0.701,0,1,4,0.143,0.087,-0.044,-0.137,0,0.003,0.312,0.107,85,52,454,454,142,0.221,0.291,0.273,0.564,0
334,2022,Marwin Gonzalez,NYY,33,86,207,184,0.25,0.307,0.439,0.746,6,4,2,0.25,0.058,-0.065,-0.17,0,0.302,0.302,0.189,52,12,137,131,46,0.185,0.255,0.321,0.576,6
335,2022,Akil Baddoo,DET,23,73,225,201,0.214,0.295,0.35,0.645,2,0,0,0.26,0.102,-0.01,-0.087,0,0.106,0.291,0.136,58,23,144,142,43,0.204,0.289,0.269,0.558,2
336,2022,Adam Engel,CHW,30,119,260,245,0.22,0.293,0.368,0.661,3,4,0,0.261,0.079,0.004,-0.082,-1,0.097,0.311,0.148,68,21,167,164,54,0.224,0.269,0.31,0.579,2
337,2022,Sheldon Neuse,OAK,27,89,293,271,0.251,0.3,0.363,0.663,0,2,0,0.274,0.059,-0.037,-0.102,4,-0.007,0.351,0.112,80,17,194,194,68,0.214,0.273,0.288,0.561,4
338,2022,Tucker Barnhart,DET,31,94,308,281,0.21,0.284,0.34,0.624,0,1,0,0.202,0.092,0.011,-0.07,1,0.004,0.271,0.13,62,28,217,217,59,0.221,0.287,0.267,0.554,1
339,2022,Geraldo Perdomo,ARI,22,148,500,431,0.251,0.342,0.381,0.723,6,5,2,0.209,0.113,-0.056,-0.176,-1,0.119,0.312,0.13,104,56,333,327,108,0.195,0.285,0.262,0.547,5
340,2022,Taylor Walls,TBR,25,142,466,407,0.236,0.324,0.414,0.738,9,2,2,0.247,0.112,-0.064,-0.185,-1,0.191,0.303,0.178,115,52,295,286,96,0.172,0.268,0.285,0.553,8
341,2022,Jackie Bradley Jr.,- - -,32,132,370,344,0.238,0.282,0.407,0.689,3,0,0,0.226,0.056,-0.035,-0.123,1,0.083,0.3,0.169,84,21,265,262,82,0.203,0.255,0.311,0.566,4
342,2022,Didi Gregorius,PHI,32,63,232,214,0.238,0.279,0.393,0.672,0,3,2,0.173,0.043,-0.028,-0.105,1,-0.017,0.287,0.155,40,10,177,177,51,0.21,0.263,0.304,0.567,1
343,2022,Robinson Chirinos,BAL,38,67,220,195,0.195,0.279,0.392,0.671,6,4,1,0.31,0.086,-0.016,-0.119,-2,0.257,0.259,0.197,68,19,128,122,38,0.179,0.265,0.287,0.552,4
344,2022,Sam Hilliard,COL,28,70,200,174,0.218,0.31,0.431,0.741,3,1,2,0.299,0.115,-0.034,-0.197,-1,0.129,0.315,0.213,60,23,114,111,38,0.184,0.28,0.264,0.544,2
345,2022,Nicky Lopez,KCR,27,142,480,436,0.28,0.334,0.384,0.718,-5,4,1,0.136,0.067,-0.053,-0.164,5,-0.102,0.331,0.104,65,32,378,383,122,0.227,0.281,0.273,0.554,0
346,2022,Jonathan Villar,- - -,31,59,220,202,0.233,0.305,0.363,0.668,-4,0,2,0.252,0.1,-0.025,-0.106,7,-0.201,0.351,0.13,55,22,141,145,47,0.208,0.26,0.302,0.562,3
347,2022,Mauricio Dubon,- - -,27,104,265,243,0.247,0.282,0.405,0.687,4,1,5,0.118,0.048,-0.033,-0.122,1,0.147,0.266,0.158,31,13,215,211,60,0.214,0.252,0.313,0.565,5
348,2022,Abraham Toro,SEA,25,109,352,324,0.219,0.27,0.419,0.689,9,2,4,0.181,0.062,-0.034,-0.126,1,0.247,0.248,0.2,64,22,260,251,71,0.185,0.239,0.324,0.563,10
349,2022,Jonathan Schoop,DET,30,131,510,481,0.249,0.287,0.426,0.713,10,6,4,0.209,0.041,-0.047,-0.152,1,0.201,0.303,0.177,107,21,372,362,120,0.202,0.239,0.322,0.561,11
350,2022,Nick Allen,OAK,23,100,326,299,0.241,0.292,0.347,0.639,2,1,1,0.197,0.064,-0.034,-0.092,2,0.06,0.296,0.106,64,21,239,237,72,0.207,0.256,0.291,0.547,4
351,2022,Paul DeJong,STL,28,77,237,210,0.181,0.269,0.42,0.689,6,4,2,0.344,0.094,-0.024,-0.159,0,0.251,0.268,0.239,82,22,127,121,38,0.157,0.245,0.286,0.53,6
352,2022,Andrew Velazquez,LAA,27,125,349,322,0.217,0.282,0.384,0.666,11,3,3,0.33,0.076,-0.021,-0.126,-2,0.314,0.312,0.167,115,27,201,190,70,0.196,0.236,0.304,0.54,9
353,2022,Yadier Molina,STL,39,80,270,262,0.233,0.265,0.38,0.645,4,2,1,0.149,0.038,-0.019,-0.11,1,0.166,0.269,0.147,40,10,217,213,61,0.214,0.233,0.302,0.535,5
354,2022,Austin Hedges,CLE,29,105,338,294,0.211,0.296,0.38,0.676,8,6,3,0.235,0.091,-0.048,-0.187,-1,0.238,0.258,0.169,79,31,219,211,62,0.163,0.241,0.248,0.489,7
355,2022,Leury Garcia,CHW,31,97,315,300,0.25,0.288,0.381,0.669,3,3,3,0.203,0.044,-0.04,-0.169,0,0.083,0.316,0.131,64,14,231,228,75,0.21,0.233,0.267,0.5,3
356,2022,Brett Phillips,- - -,28,83,225,201,0.184,0.286,0.385,0.671,7,3,1,0.401,0.115,-0.04,-0.205,-2,0.314,0.303,0.201,90,26,105,98,37,0.144,0.217,0.249,0.466,5
357,2022,Cristian Pache,OAK,23,91,260,241,0.228,0.287,0.369,0.656,0,1,0,0.23,0.074,-0.062,-0.197,3,0.016,0.305,0.141,60,19,180,180,55,0.166,0.218,0.241,0.459,3