,Season,Name,Age,Team,G,PA,AB,HR,BB%,K%,ISO,BABIP,HR%,O-Swing%,Z-Swing%,O-Contact%,Z-Contact%,Zone%,F-Strike%,SwStr%,CSW%,Fair/Foul ratio,Barrel%,HardHit%,LD%,GB%,FB%,HR/FB,Pull%,Cent%,Oppo%,Spd,SweetSpot%,M-Swing%,Meat%,Edge%,LDFB_EV,EV95+%
0,2022,Marcus Semien,31,TEX,123,555,501,20,0.076,0.159,0.174,0.246,0.36036,0.292,0.758,0.653,0.906,0.388,0.598,0.09,0.244,1.073791349,0.064,0.325,0.18,0.339,0.481,0.099,0.443,0.315,0.242,6.2,0.318,0.813,0.071,0.438,0.4555,0.246846847
1,2022,Matt Olson,28,ATL,126,554,488,27,0.108,0.235,0.246,0.284,0.48736,0.313,0.755,0.677,0.794,0.397,0.617,0.123,0.254,0.762711864,0.13,0.504,0.189,0.4,0.411,0.182,0.393,0.388,0.219,1.1,0.332,0.799,0.065,0.417,0.481,0.328519856
2,2022,Francisco Lindor,28,NYM,125,550,484,21,0.095,0.187,0.182,0.301,0.38182,0.328,0.685,0.67,0.885,0.391,0.564,0.097,0.251,0.873303167,0.08,0.401,0.176,0.425,0.399,0.136,0.442,0.313,0.245,6,0.287,0.764,0.063,0.431,0.466,0.283636364
3,2022,Freddie Freeman,32,LAD,123,548,479,16,0.106,0.148,0.194,0.361,0.29197,0.324,0.759,0.763,0.872,0.401,0.597,0.085,0.206,0.845188285,0.097,0.473,0.287,0.374,0.339,0.117,0.344,0.339,0.317,4.8,0.448,0.885,0.065,0.438,0.473,0.348540146
4,2022,Trea Turner,29,LAD,123,544,499,18,0.064,0.18,0.182,0.352,0.33088,0.364,0.743,0.627,0.851,0.393,0.616,0.126,0.267,0.992682927,0.086,0.425,0.226,0.432,0.342,0.129,0.447,0.332,0.221,5.8,0.364,0.806,0.066,0.414,0.462,0.319852941
5,2022,Austin Riley,25,ATL,124,541,486,31,0.072,0.24,0.27,0.326,0.57301,0.363,0.778,0.571,0.864,0.407,0.625,0.135,0.251,0.789010989,0.162,0.521,0.245,0.343,0.412,0.209,0.409,0.345,0.245,3.4,0.396,0.844,0.072,0.414,0.4865,0.345656192
6,2022,Jake Cronenworth,28,SDP,123,541,459,12,0.109,0.192,0.144,0.282,0.22181,0.239,0.601,0.696,0.923,0.452,0.619,0.061,0.28,0.986225895,0.058,0.336,0.168,0.338,0.494,0.068,0.342,0.367,0.292,4.3,0.317,0.706,0.076,0.433,0.4565,0.225508318
7,2022,Dansby Swanson,28,ATL,126,537,491,16,0.074,0.257,0.159,0.374,0.29795,0.31,0.748,0.561,0.797,0.41,0.676,0.143,0.288,0.908163265,0.104,0.447,0.219,0.379,0.402,0.112,0.374,0.354,0.272,5.1,0.371,0.828,0.078,0.435,0.4675,0.296089385
8,2022,Pete Alonso,27,NYM,125,535,467,31,0.093,0.194,0.248,0.282,0.57944,0.365,0.744,0.658,0.88,0.358,0.555,0.112,0.242,0.946428571,0.127,0.466,0.213,0.35,0.437,0.191,0.466,0.305,0.229,2.5,0.358,0.837,0.053,0.436,0.476,0.325233645
9,2022,Aaron Judge,30,NYY,121,534,452,48,0.131,0.253,0.363,0.315,0.89888,0.274,0.67,0.529,0.861,0.391,0.592,0.115,0.291,0.8359375,0.253,0.602,0.165,0.396,0.439,0.34,0.455,0.34,0.206,4.6,0.371,0.753,0.067,0.424,0.5,0.365168539
10,2022,Jose Abreu,35,CHW,123,534,471,14,0.099,0.163,0.151,0.354,0.26217,0.325,0.653,0.665,0.88,0.412,0.575,0.096,0.268,0.960297767,0.09,0.509,0.199,0.473,0.328,0.11,0.372,0.362,0.266,1.3,0.346,0.718,0.082,0.426,0.4725,0.368913858
11,2022,Cesar Hernandez,32,WSN,124,531,485,0,0.068,0.183,0.064,0.306,0,0.299,0.706,0.663,0.894,0.422,0.646,0.09,0.246,0.966836735,0.023,0.286,0.235,0.459,0.306,0,0.344,0.339,0.316,4.7,0.344,0.792,0.071,0.455,0.4385,0.210922787
12,2022,Vladimir Guerrero Jr,23,TOR,122,531,476,26,0.089,0.162,0.221,0.297,0.48964,0.324,0.735,0.655,0.882,0.391,0.58,0.102,0.249,1.070844687,0.12,0.527,0.191,0.504,0.305,0.217,0.382,0.384,0.234,2.7,0.305,0.817,0.064,0.415,0.4915,0.389830508
13,2022,Rhys Hoskins,29,PHI,124,530,462,26,0.117,0.245,0.225,0.282,0.49057,0.244,0.634,0.579,0.859,0.42,0.574,0.097,0.288,0.885941645,0.12,0.449,0.21,0.359,0.431,0.181,0.461,0.335,0.204,3.1,0.374,0.748,0.071,0.437,0.473,0.283018868
14,2022,Bo Bichette,24,TOR,121,529,498,17,0.055,0.25,0.163,0.322,0.32136,0.389,0.807,0.643,0.878,0.415,0.652,0.122,0.235,0.766666667,0.095,0.492,0.19,0.467,0.342,0.135,0.299,0.394,0.307,3.3,0.323,0.848,0.079,0.424,0.4735,0.342155009
15,2022,Cedric Mullins II,27,BAL,120,524,472,11,0.073,0.176,0.14,0.307,0.20992,0.34,0.729,0.73,0.866,0.445,0.601,0.094,0.237,0.901204819,0.049,0.367,0.179,0.39,0.43,0.068,0.459,0.321,0.22,5.8,0.285,0.837,0.091,0.436,0.513,0.007633588
16,2022,Brandon Nimmo,29,NYM,117,523,453,11,0.096,0.168,0.148,0.305,0.21033,0.262,0.682,0.698,0.882,0.447,0.595,0.08,0.251,0.848484848,0.073,0.389,0.184,0.497,0.319,0.095,0.324,0.397,0.278,4,0.281,0.814,0.078,0.438,0.46,0.275334608
17,2022,Eugenio Suarez,30,SEA,124,522,444,23,0.126,0.318,0.214,0.301,0.44061,0.249,0.656,0.494,0.788,0.408,0.6,0.131,0.313,0.841791045,0.135,0.408,0.195,0.358,0.447,0.183,0.454,0.309,0.238,2.1,0.369,0.727,0.076,0.42,0.4705,0.220306513
18,2022,Josh Bell,29,- - -,123,521,447,16,0.117,0.15,0.181,0.301,0.3071,0.305,0.718,0.713,0.862,0.396,0.536,0.092,0.23,1.065340909,0.077,0.411,0.189,0.501,0.309,0.138,0.408,0.349,0.243,2.7,0.312,0.821,0.061,0.457,0.462,0.297504798
19,2022,Corey Seager,28,TEX,118,520,460,26,0.094,0.152,0.211,0.256,0.5,0.344,0.823,0.548,0.886,0.412,0.646,0.13,0.218,1.109195402,0.109,0.464,0.228,0.394,0.378,0.178,0.417,0.355,0.228,3.5,0.404,0.932,0.074,0.431,0.4745,0.344230769
20,2022,Juan Soto,23,- - -,119,517,405,23,0.209,0.141,0.23,0.256,0.44487,0.207,0.576,0.719,0.884,0.381,0.52,0.061,0.26,1.14532872,0.126,0.471,0.154,0.468,0.378,0.184,0.358,0.389,0.253,4,0.289,0.728,0.063,0.41,0.4855,0.303675048
21,2022,Nick Castellanos,30,PHI,124,517,485,12,0.052,0.234,0.128,0.331,0.23211,0.441,0.782,0.551,0.835,0.394,0.677,0.171,0.278,0.901477833,0.066,0.35,0.205,0.413,0.383,0.086,0.374,0.317,0.309,3.5,0.372,0.84,0.065,0.424,0.4615,0.251450677
22,2022,Paul Goldschmidt,34,STL,118,516,446,33,0.12,0.207,0.298,0.382,0.63953,0.283,0.623,0.669,0.845,0.413,0.61,0.095,0.289,0.957983193,0.128,0.468,0.193,0.383,0.424,0.228,0.374,0.371,0.254,3.5,0.325,0.646,0.069,0.428,0.4795,0.313953488
23,2022,Christian Yelich,30,MIL,118,515,441,9,0.13,0.239,0.122,0.331,0.17476,0.262,0.662,0.595,0.882,0.406,0.557,0.095,0.274,0.825974026,0.087,0.48,0.192,0.575,0.233,0.122,0.343,0.368,0.29,6.7,0.324,0.706,0.072,0.409,0.476,0.302912621
24,2022,Jurickson Profar,29,SDP,118,515,444,12,0.122,0.148,0.149,0.268,0.23301,0.258,0.648,0.74,0.889,0.408,0.59,0.069,0.256,0.913366337,0.04,0.339,0.217,0.444,0.339,0.096,0.462,0.301,0.237,4.2,0.336,0.761,0.062,0.435,0.45,0.244660194
25,2022,Adolis Garcia,29,TEX,120,514,477,20,0.056,0.282,0.195,0.323,0.38911,0.408,0.759,0.591,0.768,0.374,0.632,0.17,0.296,0.861182519,0.116,0.476,0.209,0.418,0.373,0.16,0.432,0.378,0.19,6.8,0.384,0.748,0.067,0.411,0.4825,0.311284047
26,2022,Alex Bregman,28,HOU,121,514,434,19,0.13,0.123,0.21,0.271,0.36965,0.212,0.687,0.734,0.914,0.391,0.568,0.057,0.231,1.309027778,0.08,0.387,0.186,0.342,0.472,0.107,0.48,0.324,0.196,2.3,0.355,0.76,0.066,0.42,0.466,0.285992218
27,2022,Jose Ramirez,29,CLE,119,514,455,25,0.095,0.101,0.264,0.271,0.48638,0.321,0.679,0.816,0.918,0.388,0.523,0.058,0.214,0.944572748,0.066,0.379,0.164,0.32,0.516,0.118,0.469,0.34,0.191,5.4,0.337,0.705,0.063,0.428,0.458,0.305447471
28,2022,Shohei Ohtani,27,LAA,121,514,446,27,0.119,0.243,0.247,0.303,0.52529,0.302,0.733,0.61,0.816,0.406,0.593,0.125,0.268,0.851851852,0.173,0.478,0.202,0.41,0.388,0.216,0.373,0.355,0.272,5.2,0.336,0.867,0.068,0.441,0.4855,0.30155642
29,2022,Kyle Schwarber,29,PHI,119,510,442,35,0.124,0.31,0.281,0.235,0.68627,0.247,0.614,0.584,0.799,0.414,0.602,0.111,0.313,0.801699717,0.217,0.528,0.141,0.346,0.512,0.241,0.423,0.385,0.192,4.5,0.346,0.686,0.063,0.437,0.4985,0.296078431
30,2022,Amed Rosario,26,CLE,117,509,481,8,0.045,0.153,0.123,0.325,0.15717,0.411,0.674,0.747,0.892,0.402,0.629,0.091,0.262,1.060209424,0.044,0.385,0.198,0.523,0.279,0.071,0.346,0.405,0.249,6.4,0.306,0.667,0.073,0.428,0.4625,0.304518664
31,2022,C.J. Cron,32,COL,119,506,462,24,0.065,0.259,0.225,0.318,0.47431,0.358,0.64,0.66,0.869,0.419,0.621,0.106,0.288,0.809178744,0.107,0.408,0.203,0.397,0.4,0.179,0.343,0.394,0.263,2.7,0.376,0.77,0.073,0.455,0.4665,0.270750988
32,2022,Tommy Edman,27,STL,121,505,461,9,0.077,0.178,0.121,0.3,0.17822,0.337,0.635,0.688,0.907,0.427,0.606,0.085,0.265,1.120481928,0.059,0.375,0.191,0.508,0.301,0.08,0.394,0.375,0.231,7.6,0.298,0.694,0.065,0.449,0.4625,0.279207921
33,2022,Christian Walker,31,ARI,121,502,432,30,0.116,0.187,0.255,0.217,0.59761,0.26,0.71,0.563,0.889,0.402,0.614,0.099,0.255,1.092063492,0.137,0.439,0.154,0.392,0.453,0.192,0.433,0.34,0.227,1.9,0.32,0.804,0.079,0.419,0.472,0.300796813
34,2022,Randy Arozarena,27,TBR,119,499,451,17,0.076,0.244,0.184,0.319,0.34068,0.318,0.659,0.624,0.804,0.385,0.581,0.123,0.304,1.050955414,0.076,0.412,0.176,0.521,0.303,0.17,0.382,0.376,0.242,5.3,0.273,0.764,0.064,0.419,0.4785,0.274549098
35,2022,Ian Happ,27,CHC,122,498,443,13,0.094,0.235,0.172,0.348,0.26104,0.31,0.736,0.61,0.841,0.41,0.564,0.119,0.261,0.814356436,0.07,0.401,0.201,0.489,0.31,0.127,0.435,0.334,0.231,4.1,0.292,0.821,0.071,0.457,0.47,0.265060241
36,2022,Andrew Benintendi,27,- - -,119,495,435,4,0.105,0.145,0.092,0.357,0.08081,0.273,0.741,0.746,0.858,0.428,0.572,0.085,0.219,1.03988604,0.051,0.382,0.211,0.447,0.342,0.032,0.301,0.409,0.29,4.1,0.379,0.82,0.081,0.419,0.459,0.286868687
37,2022,Anthony Santander,27,BAL,116,495,438,22,0.083,0.182,0.196,0.279,0.44444,0.356,0.687,0.719,0.889,0.382,0.6,0.091,0.256,0.845783133,0.102,0.426,0.217,0.316,0.467,0.134,0.42,0.369,0.21,1.5,0.349,0.709,0.069,0.429,0.469,0.303030303
38,2022,Xander Bogaerts,29,BOS,118,495,437,10,0.091,0.196,0.142,0.361,0.20202,0.312,0.658,0.647,0.855,0.403,0.606,0.104,0.293,1.039156627,0.058,0.388,0.232,0.443,0.325,0.089,0.4,0.365,0.235,3.8,0.307,0.699,0.079,0.434,0.4615,0.270707071
39,2022,Manny Machado,29,SDP,115,494,441,22,0.101,0.196,0.224,0.336,0.44534,0.336,0.762,0.659,0.864,0.384,0.64,0.111,0.24,0.947945205,0.095,0.483,0.194,0.399,0.408,0.156,0.425,0.335,0.24,4.4,0.35,0.85,0.07,0.434,0.4745,0.33805668
40,2022,Adam Frazier,30,SEA,123,491,440,3,0.081,0.118,0.07,0.272,0.0611,0.328,0.702,0.792,0.932,0.423,0.613,0.06,0.227,1.032258065,0.013,0.244,0.24,0.419,0.341,0.023,0.393,0.344,0.262,4.4,0.38,0.779,0.087,0.43,0.446,0.199592668
41,2022,Nolan Arenado,31,STL,116,491,440,26,0.086,0.126,0.257,0.298,0.52953,0.359,0.661,0.717,0.901,0.387,0.607,0.088,0.252,1.133531157,0.086,0.395,0.217,0.288,0.495,0.138,0.479,0.317,0.204,2.5,0.359,0.708,0.065,0.411,0.4635,0.307535642
42,2022,Alex Verdugo,26,BOS,118,490,454,7,0.059,0.114,0.112,0.304,0.14286,0.298,0.66,0.745,0.929,0.455,0.592,0.063,0.247,1.210843373,0.057,0.381,0.204,0.46,0.336,0.052,0.316,0.425,0.259,1.8,0.378,0.766,0.077,0.454,0.4655,0.316326531
43,2022,Brendan Rodgers,25,COL,113,488,445,11,0.074,0.168,0.144,0.322,0.22541,0.329,0.749,0.658,0.874,0.421,0.621,0.105,0.25,1.085545723,0.073,0.459,0.217,0.516,0.266,0.112,0.299,0.38,0.321,2.3,0.321,0.814,0.073,0.421,0.4695,0.346311475
44,2022,Nathaniel Lowe,26,TEX,119,488,454,20,0.066,0.232,0.189,0.355,0.40984,0.356,0.745,0.658,0.863,0.433,0.633,0.113,0.244,0.775,0.094,0.431,0.238,0.455,0.308,0.19,0.343,0.375,0.282,3.2,0.352,0.841,0.069,0.457,0.4635,0.301229508
45,2022,Mookie Betts,29,LAD,105,485,433,27,0.089,0.163,0.256,0.276,0.5567,0.256,0.683,0.698,0.939,0.417,0.623,0.062,0.24,1.088414634,0.098,0.445,0.176,0.359,0.465,0.163,0.468,0.314,0.218,6.5,0.342,0.746,0.073,0.435,0.472,0.329896907
46,2022,DJ LeMahieu,33,NYY,111,484,417,12,0.126,0.132,0.129,0.303,0.24793,0.27,0.544,0.797,0.924,0.433,0.638,0.049,0.29,1.131410256,0.059,0.428,0.193,0.527,0.28,0.121,0.239,0.389,0.372,2.9,0.344,0.607,0.077,0.423,0.4725,0.316115702
47,2022,Charlie Blackmon,35,COL,111,482,441,16,0.056,0.18,0.17,0.299,0.33195,0.357,0.717,0.715,0.89,0.435,0.61,0.092,0.245,0.956873315,0.053,0.307,0.231,0.434,0.335,0.134,0.404,0.374,0.222,4.3,0.363,0.816,0.079,0.434,0.452,0.230290456
48,2022,J.P. Crawford,27,SEA,113,478,421,5,0.096,0.121,0.095,0.285,0.1046,0.258,0.629,0.764,0.936,0.437,0.573,0.052,0.237,1.096385542,0.022,0.277,0.242,0.434,0.324,0.042,0.364,0.37,0.266,3.5,0.337,0.731,0.069,0.43,0.444,0.217573222
49,2022,Alec Bohm,25,PHI,116,476,442,10,0.048,0.189,0.12,0.34,0.21008,0.359,0.745,0.716,0.859,0.407,0.616,0.103,0.244,0.989010989,0.067,0.436,0.269,0.442,0.289,0.096,0.325,0.356,0.319,3.3,0.428,0.815,0.077,0.442,0.4635,0.329831933
50,2022,Bobby Witt Jr,22,KCR,115,476,444,18,0.046,0.223,0.196,0.29,0.37815,0.376,0.737,0.679,0.854,0.4,0.634,0.115,0.27,0.914438503,0.088,0.404,0.173,0.351,0.477,0.11,0.348,0.404,0.249,7.7,0.33,0.799,0.076,0.427,0.463,0.289915966
51,2022,Anthony Rizzo,32,NYY,112,473,401,28,0.112,0.19,0.262,0.218,0.59197,0.319,0.644,0.654,0.882,0.409,0.55,0.096,0.267,0.920353982,0.112,0.419,0.179,0.321,0.5,0.179,0.47,0.316,0.214,4.1,0.351,0.686,0.075,0.413,0.467,0.279069767
52,2022,Rafael Devers,25,BOS,108,473,433,25,0.068,0.178,0.254,0.323,0.52854,0.418,0.78,0.666,0.79,0.387,0.628,0.149,0.253,1.04491018,0.12,0.517,0.201,0.424,0.375,0.191,0.357,0.391,0.251,3,0.323,0.891,0.077,0.424,0.485,0.382663848
53,2022,Patrick Wisdom,30,CHC,117,471,411,22,0.108,0.335,0.221,0.288,0.46709,0.306,0.732,0.478,0.777,0.413,0.654,0.161,0.305,0.669291339,0.148,0.465,0.176,0.341,0.482,0.179,0.508,0.297,0.195,3.5,0.313,0.836,0.081,0.439,0.489,0.252653928
54,2022,Sean Murphy,27,OAK,115,471,415,16,0.087,0.204,0.193,0.293,0.3397,0.349,0.712,0.676,0.856,0.4,0.622,0.109,0.26,0.887362637,0.114,0.404,0.204,0.406,0.39,0.127,0.409,0.362,0.229,2.6,0.353,0.797,0.075,0.45,0.478,0.280254777
55,2022,Ryan McMahon,27,COL,119,470,412,13,0.109,0.257,0.155,0.317,0.2766,0.286,0.649,0.603,0.837,0.441,0.638,0.11,0.284,0.723880597,0.092,0.452,0.247,0.43,0.323,0.138,0.371,0.316,0.313,4.6,0.384,0.76,0.071,0.451,0.474,0.285106383
56,2022,Starling Marte,33,NYM,108,470,435,14,0.053,0.196,0.168,0.343,0.29787,0.362,0.687,0.653,0.875,0.409,0.628,0.109,0.277,0.982758621,0.067,0.332,0.219,0.494,0.287,0.143,0.429,0.335,0.236,6.5,0.388,0.791,0.064,0.451,0.4575,0.242553191
57,2022,Tommy Pham,34,- - -,110,470,420,14,0.096,0.268,0.15,0.31,0.29787,0.263,0.64,0.554,0.861,0.439,0.623,0.105,0.306,0.955128205,0.077,0.493,0.188,0.47,0.342,0.137,0.369,0.393,0.238,4.7,0.322,0.759,0.075,0.444,0.475,0.314893617
58,2022,Whit Merrifield,33,- - -,110,469,427,7,0.075,0.149,0.108,0.269,0.14925,0.347,0.716,0.739,0.887,0.421,0.586,0.086,0.238,0.991712707,0.038,0.299,0.203,0.398,0.398,0.049,0.343,0.374,0.283,5.6,0.393,0.779,0.084,0.439,0.452,0.234541578
59,2022,Kyle Tucker,25,HOU,115,468,415,22,0.107,0.158,0.217,0.268,0.47009,0.302,0.838,0.665,0.879,0.41,0.6,0.101,0.197,0.846534653,0.105,0.404,0.193,0.325,0.482,0.133,0.397,0.356,0.248,5,0.353,0.897,0.06,0.434,0.465,0.299145299
60,2022,Luis Arraez,25,MIN,111,467,419,7,0.094,0.075,0.11,0.338,0.14989,0.284,0.616,0.908,0.956,0.411,0.512,0.027,0.218,1.081232493,0.036,0.308,0.259,0.433,0.308,0.059,0.313,0.383,0.303,3.4,0.368,0.635,0.067,0.442,0.4545,0.254817987
61,2022,Myles Straw,27,CLE,116,466,417,0,0.094,0.144,0.053,0.241,0,0.234,0.606,0.785,0.939,0.469,0.624,0.044,0.271,1.117088608,0.006,0.268,0.181,0.49,0.329,0,0.232,0.393,0.376,6.3,0.331,0.672,0.098,0.423,0.4415,0.203862661
62,2022,Ty France,27,SEA,105,466,415,14,0.062,0.148,0.147,0.301,0.30043,0.347,0.784,0.684,0.934,0.387,0.577,0.087,0.215,0.925925926,0.054,0.356,0.206,0.494,0.3,0.133,0.386,0.334,0.28,1,0.349,0.809,0.065,0.408,0.4575,0.270386266
63,2022,Jose Altuve,32,HOU,108,465,406,21,0.108,0.144,0.224,0.298,0.45161,0.308,0.664,0.776,0.905,0.376,0.609,0.067,0.234,0.994029851,0.079,0.3,0.198,0.408,0.393,0.16,0.541,0.315,0.144,4.6,0.356,0.667,0.084,0.383,0.455,0.221505376
64,2022,J.D. Martinez,34,BOS,107,464,413,9,0.088,0.241,0.153,0.354,0.19397,0.348,0.776,0.577,0.808,0.396,0.634,0.148,0.267,0.782608696,0.124,0.431,0.245,0.382,0.373,0.079,0.317,0.382,0.301,1.6,0.428,0.893,0.064,0.411,0.4725,0.286637931
65,2022,Steven Kwan,24,CLE,110,464,410,3,0.097,0.093,0.095,0.324,0.06466,0.227,0.541,0.854,0.955,0.452,0.584,0.029,0.283,1.29122807,0.011,0.208,0.212,0.446,0.342,0.024,0.302,0.372,0.326,6,0.332,0.658,0.081,0.424,0.438,0.165948276
66,2022,Trey Mancini,30,- - -,110,464,414,16,0.08,0.224,0.164,0.312,0.34483,0.324,0.695,0.584,0.858,0.415,0.638,0.12,0.282,0.892045455,0.102,0.42,0.213,0.389,0.398,0.128,0.436,0.334,0.229,1.6,0.417,0.759,0.078,0.42,0.469,0.286637931
67,2022,Brandon Drury,29,- - -,112,463,422,23,0.071,0.22,0.232,0.293,0.49676,0.322,0.638,0.715,0.895,0.415,0.611,0.082,0.266,0.897222222,0.105,0.412,0.183,0.406,0.412,0.173,0.474,0.294,0.232,3.9,0.337,0.762,0.066,0.416,0.4615,0.291576674
68,2022,Matt Chapman,29,TOR,117,463,412,24,0.089,0.276,0.228,0.278,0.51836,0.237,0.674,0.609,0.799,0.424,0.572,0.111,0.3,0.894080997,0.143,0.523,0.181,0.324,0.495,0.169,0.47,0.345,0.185,3.4,0.366,0.769,0.082,0.432,0.482,0.328293737
69,2022,Ryan Mountcastle,25,BAL,109,463,427,18,0.063,0.248,0.183,0.298,0.38877,0.432,0.83,0.615,0.806,0.373,0.654,0.164,0.261,0.745882353,0.129,0.435,0.227,0.382,0.391,0.145,0.341,0.375,0.284,3,0.382,0.912,0.063,0.419,0.469,0.30237581
70,2022,Andrew McCutchen,35,MIL,106,462,415,14,0.087,0.19,0.152,0.274,0.30303,0.253,0.725,0.623,0.874,0.437,0.587,0.094,0.256,0.945714286,0.082,0.399,0.184,0.423,0.393,0.108,0.432,0.366,0.202,3.5,0.35,0.807,0.081,0.455,0.4665,0.285714286
71,2022,Jesse Winker,28,SEA,112,462,387,13,0.154,0.177,0.137,0.258,0.28139,0.227,0.739,0.659,0.878,0.424,0.548,0.083,0.227,0.818666667,0.084,0.328,0.199,0.388,0.414,0.102,0.39,0.36,0.25,0.8,0.321,0.823,0.069,0.445,0.4535,0.218614719
72,2022,Yandy Diaz,30,TBR,111,460,389,7,0.141,0.104,0.123,0.299,0.15217,0.231,0.659,0.744,0.938,0.426,0.509,0.051,0.227,1.114006515,0.041,0.459,0.184,0.506,0.31,0.066,0.307,0.377,0.316,1.9,0.287,0.722,0.08,0.421,0.4755,0.345652174
73,2022,Austin Hays,26,BAL,112,459,421,14,0.057,0.205,0.173,0.295,0.30501,0.403,0.716,0.618,0.902,0.397,0.667,0.121,0.265,0.996960486,0.064,0.407,0.204,0.43,0.366,0.117,0.438,0.34,0.222,3.1,0.343,0.786,0.061,0.412,0.4655,0.291938998
74,2022,Julio Rodriguez,21,SEA,108,458,420,20,0.066,0.269,0.202,0.335,0.43668,0.379,0.739,0.566,0.811,0.385,0.629,0.155,0.292,0.922600619,0.138,0.503,0.181,0.456,0.362,0.185,0.406,0.356,0.238,6.7,0.332,0.791,0.064,0.439,0.4805,0.327510917
75,2022,Rowdy Tellez,27,MIL,117,457,404,26,0.103,0.201,0.245,0.233,0.56893,0.312,0.611,0.689,0.871,0.416,0.56,0.089,0.281,0.972049689,0.137,0.46,0.153,0.387,0.46,0.181,0.403,0.393,0.204,1.6,0.319,0.679,0.073,0.419,0.473,0.315098468
76,2022,Jesus Aguilar,32,MIA,113,456,415,15,0.059,0.232,0.152,0.278,0.32895,0.386,0.651,0.645,0.837,0.384,0.614,0.125,0.301,0.839572193,0.072,0.354,0.232,0.312,0.455,0.105,0.373,0.369,0.258,1.6,0.395,0.669,0.064,0.43,0.4545,0.247807018
77,2022,Yuli Gurriel,38,HOU,114,456,423,7,0.055,0.127,0.13,0.271,0.15351,0.375,0.651,0.784,0.931,0.39,0.627,0.067,0.252,1.135802469,0.022,0.342,0.177,0.399,0.424,0.045,0.345,0.375,0.28,4.3,0.304,0.775,0.067,0.463,0.454,0.278508772
78,2022,Wilmer Flores,30,SFG,116,455,399,16,0.095,0.163,0.188,0.268,0.35165,0.295,0.679,0.709,0.904,0.402,0.613,0.078,0.263,0.942857143,0.067,0.352,0.2,0.339,0.461,0.105,0.492,0.289,0.219,2.1,0.345,0.735,0.072,0.405,0.4545,0.257142857
79,2022,Jared Walsh,28,LAA,118,454,423,15,0.059,0.304,0.158,0.281,0.3304,0.334,0.675,0.601,0.829,0.458,0.61,0.125,0.294,0.794366197,0.095,0.425,0.181,0.454,0.365,0.146,0.421,0.354,0.225,3.2,0.34,0.752,0.083,0.438,0.4705,0.266519824
80,2022,Nelson Cruz,41,WSN,111,454,403,10,0.097,0.24,0.114,0.297,0.22026,0.354,0.752,0.57,0.796,0.388,0.615,0.153,0.279,0.848137536,0.101,0.463,0.189,0.524,0.287,0.118,0.361,0.355,0.284,3.2,0.284,0.805,0.062,0.443,0.4715,0.303964758
81,2022,Trent Grisham,25,SDP,122,454,387,15,0.117,0.258,0.165,0.233,0.3304,0.227,0.583,0.66,0.833,0.421,0.577,0.086,0.297,0.868686869,0.079,0.337,0.124,0.45,0.426,0.136,0.459,0.29,0.251,4.7,0.251,0.642,0.079,0.447,0.469,0.207048458
82,2022,Daulton Varsho,25,ARI,114,453,404,17,0.084,0.236,0.186,0.271,0.37528,0.332,0.684,0.682,0.843,0.449,0.607,0.107,0.27,0.736180905,0.096,0.373,0.167,0.396,0.437,0.133,0.561,0.29,0.149,5.1,0.353,0.764,0.071,0.438,0.4725,0.251655629
83,2022,Lourdes Gurriel Jr,28,TOR,111,453,417,5,0.062,0.161,0.106,0.346,0.11038,0.333,0.697,0.689,0.876,0.421,0.642,0.096,0.269,1.130718954,0.04,0.455,0.234,0.442,0.324,0.045,0.379,0.338,0.283,2.3,0.35,0.746,0.075,0.428,0.4665,0.350993377
84,2022,Bryan Reynolds,27,PIT,108,451,398,20,0.098,0.233,0.201,0.295,0.44346,0.352,0.742,0.553,0.874,0.389,0.625,0.132,0.267,0.87020649,0.071,0.424,0.207,0.444,0.349,0.194,0.393,0.366,0.241,4.4,0.353,0.829,0.069,0.431,0.4615,0.277161863
85,2022,Marcell Ozuna,31,ATL,108,450,417,20,0.06,0.242,0.177,0.236,0.44444,0.366,0.7,0.58,0.866,0.388,0.64,0.13,0.286,0.923076923,0.135,0.433,0.17,0.388,0.442,0.145,0.433,0.356,0.212,2.6,0.298,0.817,0.058,0.391,0.4745,0.3
86,2022,Gleyber Torres,25,NYY,112,447,413,18,0.063,0.219,0.186,0.281,0.40268,0.317,0.745,0.619,0.804,0.419,0.64,0.131,0.271,0.996845426,0.094,0.44,0.184,0.342,0.475,0.12,0.371,0.336,0.292,3.9,0.362,0.761,0.077,0.407,0.471,0.315436242
87,2022,Javier Baez,29,DET,109,447,419,11,0.045,0.246,0.146,0.276,0.24609,0.476,0.685,0.554,0.806,0.347,0.644,0.185,0.321,1.142857143,0.077,0.356,0.17,0.513,0.317,0.111,0.439,0.311,0.25,5.2,0.282,0.708,0.066,0.399,0.464,0.248322148
88,2022,Jonathan Schoop,30,DET,115,447,425,9,0.034,0.221,0.115,0.241,0.20134,0.409,0.772,0.621,0.852,0.403,0.644,0.139,0.272,0.990963855,0.049,0.395,0.198,0.471,0.331,0.083,0.398,0.395,0.207,4.5,0.295,0.745,0.069,0.42,0.4605,0.29082774
89,2022,Willson Contreras,30,CHC,102,446,379,20,0.094,0.209,0.224,0.276,0.44843,0.355,0.739,0.58,0.825,0.387,0.646,0.142,0.267,0.883435583,0.101,0.472,0.163,0.5,0.337,0.206,0.441,0.316,0.243,4.3,0.295,0.78,0.071,0.418,0.484,0.304932735
90,2022,Yordan Alvarez,25,HOU,107,445,371,31,0.142,0.198,0.307,0.302,0.69663,0.266,0.671,0.638,0.889,0.385,0.542,0.088,0.256,0.947540984,0.201,0.609,0.215,0.394,0.391,0.274,0.388,0.401,0.211,3.2,0.401,0.769,0.066,0.41,0.4915,0.395505618
91,2022,Willy Adames,26,MIL,101,444,402,25,0.083,0.266,0.234,0.251,0.56306,0.321,0.72,0.574,0.832,0.412,0.597,0.13,0.28,0.847058824,0.128,0.417,0.163,0.344,0.493,0.176,0.41,0.323,0.267,3.6,0.326,0.798,0.073,0.425,0.473,0.272522523
92,2022,Connor Joe,29,COL,103,442,382,6,0.12,0.206,0.118,0.304,0.13575,0.257,0.595,0.649,0.901,0.434,0.64,0.077,0.292,0.983164983,0.045,0.339,0.212,0.455,0.332,0.062,0.346,0.39,0.264,5.3,0.356,0.697,0.079,0.419,0.4455,0.2239819
93,2022,Ke'Bryan Hayes,25,PIT,105,442,399,6,0.088,0.217,0.108,0.315,0.13575,0.29,0.631,0.665,0.917,0.397,0.595,0.079,0.276,0.980645161,0.039,0.487,0.207,0.487,0.306,0.065,0.293,0.401,0.306,5.4,0.309,0.726,0.07,0.417,0.4675,0.334841629
94,2022,Will Smith,27,LAD,105,442,385,18,0.104,0.158,0.2,0.286,0.40724,0.249,0.657,0.753,0.874,0.422,0.593,0.07,0.254,0.984567901,0.11,0.439,0.238,0.304,0.458,0.123,0.386,0.345,0.27,2.5,0.395,0.748,0.087,0.406,0.4695,0.316742081
95,2022,Ketel Marte,28,ARI,107,441,386,10,0.104,0.179,0.171,0.292,0.22676,0.309,0.679,0.733,0.862,0.402,0.592,0.087,0.245,0.945121951,0.058,0.405,0.203,0.416,0.381,0.085,0.435,0.368,0.197,4.4,0.322,0.784,0.064,0.436,0.457,0.285714286
96,2022,Cody Bellinger,26,LAD,111,440,403,17,0.07,0.273,0.196,0.248,0.38636,0.338,0.705,0.674,0.815,0.419,0.589,0.119,0.261,0.713930348,0.084,0.387,0.167,0.352,0.481,0.123,0.463,0.331,0.206,6.6,0.334,0.859,0.073,0.451,0.4645,0.252272727
97,2022,Jorge Polanco,28,MIN,102,438,370,16,0.144,0.21,0.173,0.271,0.3653,0.281,0.638,0.653,0.857,0.391,0.516,0.095,0.276,0.842900302,0.103,0.383,0.222,0.301,0.477,0.12,0.493,0.298,0.209,2.2,0.379,0.667,0.061,0.44,0.465,0.248858447
98,2022,Ha-seong Kim,26,SDP,115,437,388,6,0.094,0.176,0.121,0.302,0.1373,0.277,0.635,0.749,0.88,0.439,0.611,0.072,0.269,0.907246377,0.045,0.299,0.214,0.403,0.383,0.05,0.49,0.347,0.162,5,0.35,0.757,0.081,0.431,0.4545,0.215102975
99,2022,Jeff McNeil,30,NYM,112,436,400,7,0.062,0.124,0.143,0.355,0.16055,0.345,0.786,0.778,0.897,0.42,0.587,0.078,0.197,0.963687151,0.026,0.307,0.241,0.409,0.351,0.058,0.349,0.401,0.251,3.3,0.391,0.858,0.068,0.424,0.4495,0.245412844
100,2022,J.T. Realmuto,31,PHI,106,431,385,14,0.074,0.209,0.19,0.319,0.32483,0.338,0.69,0.683,0.835,0.418,0.566,0.11,0.269,0.90060241,0.097,0.452,0.187,0.435,0.378,0.124,0.381,0.324,0.294,7.3,0.341,0.792,0.074,0.433,0.4715,0.315545244
101,2022,Tony Kemp,30,OAK,114,428,377,4,0.086,0.138,0.082,0.252,0.09346,0.324,0.684,0.784,0.93,0.443,0.612,0.06,0.227,0.816976127,0.015,0.135,0.185,0.393,0.422,0.031,0.423,0.347,0.23,3.9,0.325,0.752,0.087,0.438,0.443,0.102803738
102,2022,Carlos Correa,27,MIN,99,427,375,14,0.108,0.208,0.157,0.308,0.32787,0.304,0.64,0.674,0.872,0.401,0.585,0.092,0.279,0.932475884,0.107,0.428,0.183,0.445,0.372,0.13,0.428,0.386,0.186,1.7,0.352,0.683,0.069,0.431,0.4735,0.290398126
103,2022,Santiago Espinal,27,TOR,114,427,392,7,0.07,0.15,0.112,0.306,0.16393,0.293,0.686,0.743,0.909,0.428,0.595,0.07,0.248,1.050955414,0.039,0.319,0.233,0.421,0.345,0.061,0.407,0.346,0.247,2.8,0.358,0.744,0.081,0.42,0.4425,0.25058548
104,2022,Taylor Ward,28,LAA,101,427,371,17,0.115,0.23,0.186,0.309,0.39813,0.24,0.626,0.626,0.88,0.416,0.593,0.084,0.29,0.985714286,0.12,0.409,0.185,0.373,0.442,0.139,0.395,0.355,0.25,3.3,0.399,0.741,0.064,0.448,0.4675,0.264637002
105,2022,Andrew Vaughn,24,CHW,101,426,390,14,0.056,0.157,0.172,0.323,0.32864,0.349,0.623,0.714,0.903,0.418,0.627,0.083,0.29,1.131487889,0.076,0.489,0.183,0.477,0.339,0.126,0.358,0.373,0.269,1.8,0.336,0.661,0.067,0.444,0.473,0.375586854
106,2022,Kyle Farmer,31,CIN,106,426,381,7,0.061,0.164,0.11,0.302,0.16432,0.381,0.656,0.721,0.907,0.405,0.624,0.088,0.26,0.969230769,0.041,0.335,0.27,0.441,0.289,0.077,0.434,0.316,0.25,2.9,0.402,0.675,0.075,0.432,0.4525,0.248826291
107,2022,Jose Iglesias,32,COL,106,420,394,3,0.038,0.114,0.096,0.344,0.07143,0.43,0.648,0.807,0.937,0.413,0.664,0.066,0.259,0.997142857,0.006,0.272,0.223,0.521,0.255,0.034,0.415,0.358,0.226,2.3,0.309,0.633,0.071,0.431,0.422,0.228571429
108,2022,Josh Donaldson,36,NYY,102,420,370,12,0.095,0.279,0.165,0.29,0.28571,0.329,0.684,0.599,0.752,0.409,0.631,0.147,0.308,0.877133106,0.105,0.444,0.206,0.405,0.389,0.12,0.482,0.362,0.156,2.3,0.37,0.761,0.067,0.439,0.478,0.271428571
109,2022,Jeremy Pena,24,HOU,102,419,389,16,0.045,0.248,0.17,0.292,0.38186,0.397,0.76,0.516,0.863,0.385,0.692,0.158,0.293,0.993055556,0.093,0.354,0.199,0.462,0.339,0.165,0.483,0.303,0.214,4.6,0.328,0.825,0.068,0.417,0.466,0.248210024
110,2022,Max Muncy,31,LAD,102,419,342,16,0.165,0.253,0.19,0.212,0.38186,0.21,0.608,0.575,0.835,0.424,0.601,0.094,0.298,0.876363636,0.14,0.43,0.183,0.32,0.498,0.133,0.488,0.322,0.19,3.5,0.335,0.683,0.091,0.395,0.478,0.252983294
111,2022,Mike Yastrzemski,31,SFG,111,419,361,12,0.119,0.236,0.166,0.252,0.2864,0.243,0.636,0.623,0.881,0.425,0.589,0.085,0.274,0.834394904,0.105,0.406,0.176,0.374,0.45,0.102,0.455,0.316,0.229,4.6,0.346,0.669,0.073,0.433,0.465,0.257756563
112,2022,Randal Grichuk,30,COL,110,419,393,13,0.048,0.241,0.158,0.335,0.31026,0.358,0.705,0.624,0.891,0.399,0.597,0.111,0.273,0.98989899,0.058,0.442,0.139,0.537,0.323,0.137,0.361,0.398,0.241,4.2,0.276,0.738,0.07,0.416,0.466,0.31026253
113,2022,George Springer,32,TOR,97,418,366,18,0.096,0.177,0.21,0.299,0.43062,0.286,0.781,0.58,0.814,0.429,0.61,0.131,0.25,1.04964539,0.081,0.409,0.182,0.459,0.358,0.17,0.485,0.288,0.227,6.2,0.324,0.851,0.072,0.405,0.464,0.291866029
114,2022,Nico Hoerner,25,CHC,110,418,388,7,0.057,0.112,0.116,0.316,0.16746,0.345,0.691,0.77,0.933,0.411,0.634,0.066,0.239,1.209219858,0.023,0.333,0.217,0.469,0.314,0.065,0.377,0.339,0.284,5.6,0.33,0.714,0.072,0.43,0.4525,0.275119617
115,2022,Jorge Mateo,27,BAL,116,417,386,12,0.05,0.281,0.174,0.298,0.28777,0.396,0.733,0.545,0.833,0.407,0.698,0.157,0.299,0.856230032,0.069,0.325,0.22,0.377,0.403,0.111,0.357,0.368,0.276,8.7,0.382,0.805,0.076,0.413,0.4555,0.213429257
116,2022,Alejandro Kirk,23,TOR,110,415,361,12,0.111,0.106,0.147,0.314,0.28916,0.266,0.629,0.78,0.905,0.406,0.586,0.059,0.253,1.146428571,0.075,0.445,0.199,0.495,0.305,0.122,0.374,0.318,0.308,1.2,0.327,0.741,0.066,0.421,0.473,0.34939759
117,2022,Dylan Carlson,23,STL,104,415,370,8,0.084,0.186,0.151,0.284,0.19277,0.279,0.71,0.647,0.835,0.417,0.557,0.106,0.27,1.017301038,0.044,0.263,0.204,0.442,0.354,0.077,0.374,0.384,0.242,5.4,0.347,0.823,0.079,0.451,0.455,0.187951807
118,2022,Eric Hosmer,32,- - -,102,414,375,8,0.089,0.155,0.115,0.303,0.19324,0.37,0.677,0.714,0.933,0.385,0.577,0.083,0.238,0.928571429,0.058,0.394,0.179,0.564,0.256,0.1,0.391,0.346,0.263,1,0.295,0.681,0.071,0.413,0.4565,0.297101449
119,2022,Seth Brown,29,OAK,115,414,376,17,0.082,0.251,0.202,0.262,0.41063,0.333,0.692,0.547,0.858,0.407,0.621,0.129,0.289,0.944444444,0.117,0.396,0.21,0.353,0.438,0.143,0.425,0.322,0.253,4.5,0.352,0.776,0.072,0.43,0.473,0.265700483
120,2022,Isiah Kiner-Falefa,27,NYY,112,413,377,1,0.058,0.143,0.053,0.311,0.02421,0.339,0.607,0.808,0.953,0.443,0.637,0.049,0.257,1.059800664,0.009,0.283,0.223,0.524,0.254,0.012,0.357,0.351,0.292,5.1,0.298,0.698,0.092,0.441,0.4475,0.225181598
121,2022,Elvis Andrus,33,- - -,112,412,379,8,0.075,0.165,0.129,0.267,0.19417,0.327,0.63,0.713,0.871,0.414,0.614,0.088,0.277,1.135531136,0.032,0.331,0.158,0.455,0.387,0.067,0.383,0.36,0.257,3.6,0.277,0.649,0.082,0.427,0.4525,0.25
122,2022,Hunter Dozier,30,KCR,102,411,376,10,0.075,0.238,0.154,0.294,0.24331,0.361,0.727,0.532,0.88,0.382,0.645,0.138,0.275,0.926666667,0.075,0.373,0.187,0.435,0.378,0.095,0.437,0.323,0.24,3.5,0.319,0.819,0.066,0.413,0.4645,0.255474453
123,2022,Justin Turner,37,LAD,99,411,362,9,0.09,0.17,0.144,0.293,0.21898,0.306,0.699,0.731,0.868,0.401,0.55,0.086,0.243,0.892537313,0.07,0.395,0.241,0.338,0.421,0.071,0.371,0.334,0.294,3.2,0.395,0.736,0.077,0.441,0.4595,0.287104623
124,2022,Luke Voit,31,- - -,98,410,356,16,0.107,0.327,0.185,0.3,0.39024,0.339,0.812,0.436,0.75,0.377,0.644,0.195,0.296,0.731391586,0.159,0.456,0.248,0.336,0.416,0.17,0.509,0.31,0.181,1.8,0.319,0.926,0.057,0.415,0.48,0.251219512
125,2022,Eduardo Escobar,33,NYM,102,409,375,12,0.068,0.247,0.168,0.258,0.2934,0.377,0.748,0.644,0.843,0.393,0.631,0.128,0.277,0.804034582,0.079,0.358,0.219,0.301,0.48,0.09,0.416,0.358,0.226,3.3,0.362,0.766,0.059,0.423,0.459,0.246943765
126,2022,Andres Gimenez,23,CLE,110,408,363,15,0.056,0.201,0.19,0.358,0.36765,0.403,0.698,0.641,0.84,0.412,0.63,0.131,0.28,0.88961039,0.077,0.387,0.219,0.427,0.354,0.155,0.397,0.38,0.223,5.6,0.331,0.691,0.074,0.413,0.4595,0.274509804
127,2022,Miguel Rojas,33,MIA,109,407,376,6,0.057,0.118,0.098,0.249,0.14742,0.341,0.671,0.718,0.957,0.405,0.634,0.069,0.246,1.244360902,0.021,0.256,0.199,0.459,0.341,0.053,0.355,0.334,0.31,4.7,0.334,0.706,0.081,0.44,0.446,0.211302211
128,2022,Nicky Lopez,27,KCR,118,407,368,0,0.061,0.143,0.046,0.28,0,0.335,0.677,0.77,0.883,0.429,0.629,0.078,0.252,1.065972222,0.016,0.234,0.221,0.541,0.238,0,0.284,0.388,0.328,6,0.322,0.792,0.068,0.438,0.4445,0.186732187
129,2022,Ronald Acuna Jr,24,ATL,90,405,348,10,0.111,0.232,0.135,0.344,0.24691,0.27,0.762,0.664,0.821,0.399,0.57,0.109,0.248,0.771771772,0.128,0.51,0.175,0.494,0.331,0.118,0.459,0.346,0.195,5,0.327,0.845,0.07,0.429,0.481,0.32345679
130,2022,Max Kepler,29,MIN,102,404,351,9,0.109,0.151,0.128,0.246,0.22277,0.277,0.719,0.654,0.905,0.416,0.587,0.084,0.231,1.057553957,0.071,0.398,0.207,0.452,0.34,0.09,0.452,0.34,0.207,3.3,0.32,0.842,0.075,0.443,0.4625,0.28960396
131,2022,Teoscar Hernandez,29,TOR,99,404,376,18,0.064,0.287,0.213,0.331,0.44554,0.333,0.702,0.49,0.802,0.409,0.567,0.157,0.321,1.031746032,0.138,0.515,0.215,0.431,0.354,0.196,0.454,0.296,0.25,4.2,0.335,0.789,0.073,0.413,0.4905,0.336633663
132,2022,Thairo Estrada,26,SFG,105,403,368,11,0.05,0.156,0.149,0.281,0.27295,0.35,0.685,0.695,0.898,0.405,0.638,0.092,0.263,1.196850394,0.042,0.315,0.211,0.507,0.283,0.128,0.447,0.328,0.225,6.6,0.318,0.865,0.073,0.452,0.4595,0.248138958
133,2022,Gavin Lux,24,LAD,110,400,353,6,0.11,0.188,0.142,0.36,0.15,0.247,0.648,0.667,0.877,0.418,0.568,0.081,0.271,1.133064516,0.068,0.406,0.221,0.473,0.306,0.07,0.409,0.381,0.21,6.5,0.352,0.744,0.074,0.437,0.468,0.285
134,2022,Mark Canha,33,NYM,105,397,340,10,0.101,0.181,0.135,0.319,0.25189,0.271,0.635,0.718,0.844,0.422,0.627,0.086,0.291,0.912162162,0.037,0.378,0.211,0.47,0.319,0.116,0.411,0.307,0.281,2.8,0.307,0.612,0.072,0.424,0.457,0.256926952
135,2022,Owen Miller,25,CLE,108,396,355,5,0.063,0.197,0.115,0.285,0.12626,0.382,0.635,0.774,0.9,0.403,0.636,0.077,0.269,0.851190476,0.035,0.325,0.238,0.441,0.322,0.054,0.374,0.385,0.241,3.4,0.353,0.662,0.085,0.43,0.4535,0.234848485
136,2022,Gio Urshela,30,MIN,105,390,360,11,0.062,0.167,0.161,0.297,0.28205,0.397,0.726,0.712,0.877,0.413,0.638,0.104,0.252,1.027303754,0.08,0.415,0.233,0.415,0.352,0.104,0.365,0.389,0.246,2.8,0.405,0.793,0.084,0.413,0.4655,0.320512821
137,2022,Keibert Ruiz,23,WSN,100,390,353,6,0.072,0.126,0.11,0.27,0.15385,0.36,0.725,0.765,0.921,0.401,0.605,0.074,0.215,1.023411371,0.039,0.309,0.232,0.418,0.35,0.056,0.502,0.339,0.16,3.1,0.358,0.684,0.07,0.416,0.454,0.243589744
138,2022,A.J. Pollock,34,CHW,103,389,360,7,0.062,0.193,0.119,0.278,0.17995,0.384,0.767,0.615,0.876,0.411,0.656,0.126,0.255,1.003496503,0.09,0.413,0.209,0.439,0.352,0.069,0.455,0.319,0.226,2.8,0.337,0.829,0.076,0.42,0.473,0.305912596
139,2022,Maikel Franco,29,WSN,103,388,371,9,0.031,0.193,0.113,0.262,0.23196,0.425,0.691,0.624,0.846,0.417,0.649,0.138,0.298,1.12406015,0.047,0.344,0.197,0.445,0.358,0.084,0.468,0.318,0.214,2,0.331,0.77,0.071,0.429,0.455,0.265463918
140,2022,Lane Thomas,26,WSN,110,387,358,12,0.057,0.245,0.159,0.29,0.31008,0.309,0.635,0.687,0.883,0.431,0.594,0.087,0.294,0.978021978,0.067,0.352,0.176,0.431,0.393,0.114,0.404,0.363,0.232,3.9,0.318,0.759,0.075,0.427,0.469,0.245478036
141,2022,Geraldo Perdomo,22,ARI,111,386,333,4,0.104,0.207,0.075,0.237,0.10363,0.236,0.615,0.704,0.872,0.449,0.614,0.074,0.274,0.852631579,0.023,0.267,0.222,0.477,0.3,0.055,0.408,0.351,0.24,5.5,0.275,0.729,0.084,0.426,0.447,0.183937824
142,2022,David Peralta,34,- - -,105,385,349,12,0.081,0.236,0.183,0.297,0.31169,0.363,0.709,0.575,0.872,0.419,0.621,0.128,0.279,0.935483871,0.1,0.441,0.23,0.337,0.433,0.106,0.402,0.395,0.203,2.8,0.349,0.703,0.071,0.44,0.4685,0.298701299
143,2022,MJ Melendez,23,KCR,95,383,328,14,0.125,0.253,0.186,0.269,0.36554,0.287,0.687,0.615,0.822,0.409,0.569,0.115,0.283,0.825783972,0.11,0.443,0.211,0.392,0.397,0.149,0.435,0.329,0.236,2.4,0.321,0.789,0.073,0.407,0.4725,0.274151436
144,2022,Rougned Odor,28,BAL,111,383,347,11,0.068,0.238,0.159,0.237,0.28721,0.359,0.727,0.618,0.839,0.407,0.621,0.129,0.269,0.858585859,0.069,0.338,0.184,0.31,0.506,0.085,0.446,0.346,0.208,4.8,0.3,0.827,0.056,0.425,0.466,0.229765013
145,2022,Byron Buxton,28,MIN,92,382,340,28,0.089,0.304,0.303,0.244,0.73298,0.311,0.678,0.496,0.806,0.427,0.56,0.146,0.305,0.842696629,0.164,0.502,0.182,0.307,0.511,0.243,0.582,0.249,0.169,6.5,0.342,0.832,0.082,0.414,0.487,0.295811518
146,2022,Carlos Santana,36,- - -,97,379,317,11,0.153,0.145,0.151,0.206,0.29024,0.247,0.664,0.737,0.862,0.416,0.58,0.076,0.254,0.970479705,0.083,0.439,0.16,0.388,0.452,0.092,0.473,0.341,0.186,0.8,0.303,0.763,0.073,0.435,0.4665,0.306068602
147,2022,Kolten Wong,31,MIL,100,379,328,8,0.087,0.179,0.152,0.276,0.21108,0.245,0.655,0.664,0.88,0.436,0.541,0.081,0.262,0.931899642,0.037,0.352,0.215,0.435,0.35,0.088,0.457,0.277,0.266,7,0.33,0.727,0.081,0.402,0.4465,0.248021108
148,2022,Miguel Cabrera,39,DET,98,379,346,4,0.066,0.243,0.061,0.337,0.10554,0.338,0.728,0.639,0.813,0.402,0.623,0.128,0.285,1,0.05,0.39,0.239,0.533,0.228,0.068,0.347,0.367,0.286,1.5,0.355,0.796,0.07,0.428,0.4605,0.266490765
149,2022,Josh Rojas,28,ARI,92,378,330,7,0.106,0.18,0.127,0.336,0.18519,0.233,0.664,0.714,0.859,0.433,0.595,0.078,0.267,1.056680162,0.037,0.375,0.245,0.414,0.341,0.079,0.342,0.357,0.301,5.9,0.349,0.774,0.077,0.423,0.462,0.267195767
150,2022,Luis Robert,24,CHW,88,378,357,12,0.045,0.183,0.151,0.343,0.31746,0.485,0.848,0.627,0.878,0.371,0.675,0.152,0.24,0.941368078,0.093,0.426,0.228,0.457,0.315,0.132,0.388,0.346,0.266,4.6,0.329,0.904,0.057,0.431,0.468,0.328042328
151,2022,Luis Urias,25,MIL,91,378,326,14,0.106,0.225,0.166,0.246,0.37037,0.273,0.646,0.749,0.833,0.431,0.606,0.086,0.283,0.801302932,0.081,0.354,0.183,0.354,0.463,0.123,0.463,0.313,0.224,2.7,0.337,0.73,0.077,0.44,0.454,0.232804233
152,2022,Daniel Vogelbach,29,- - -,103,377,318,16,0.151,0.252,0.211,0.284,0.4244,0.22,0.466,0.695,0.896,0.405,0.515,0.06,0.326,0.995555556,0.112,0.433,0.205,0.348,0.446,0.16,0.397,0.357,0.246,1.5,0.384,0.45,0.07,0.434,0.4675,0.25729443
153,2022,Joey Votto,38,CIN,91,376,322,11,0.117,0.258,0.165,0.257,0.29255,0.288,0.713,0.609,0.799,0.417,0.577,0.126,0.266,0.786713287,0.111,0.404,0.182,0.444,0.373,0.131,0.4,0.36,0.24,1.5,0.329,0.843,0.077,0.425,0.479,0.242021277
154,2022,Robbie Grossman,32,- - -,100,376,323,4,0.117,0.282,0.09,0.301,0.10638,0.238,0.635,0.611,0.86,0.428,0.622,0.091,0.3,0.826415094,0.036,0.314,0.237,0.324,0.438,0.042,0.491,0.314,0.195,3.6,0.386,0.742,0.079,0.422,0.456,0.186170213
155,2022,Aaron Hicks,32,NYY,105,372,313,6,0.145,0.223,0.086,0.271,0.16129,0.223,0.651,0.581,0.838,0.421,0.546,0.098,0.287,0.864661654,0.047,0.332,0.161,0.439,0.4,0.065,0.457,0.267,0.276,5,0.246,0.729,0.073,0.438,0.459,0.206989247
156,2022,Taylor Walls,25,TBR,110,369,323,6,0.111,0.252,0.115,0.23,0.1626,0.235,0.663,0.684,0.824,0.442,0.599,0.093,0.281,0.891472868,0.056,0.288,0.187,0.391,0.422,0.062,0.373,0.33,0.296,5.3,0.305,0.778,0.079,0.437,0.4535,0.184281843
157,2022,Garrett Cooper,31,MIA,94,368,323,7,0.087,0.25,0.146,0.349,0.19022,0.315,0.628,0.672,0.882,0.411,0.63,0.091,0.292,0.830985915,0.102,0.424,0.271,0.449,0.28,0.106,0.369,0.352,0.28,1.4,0.39,0.778,0.073,0.408,0.469,0.274456522
158,2022,Jeimer Candelario,28,DET,99,368,339,10,0.06,0.245,0.133,0.233,0.27174,0.373,0.743,0.639,0.865,0.397,0.603,0.121,0.255,0.833333333,0.08,0.34,0.188,0.416,0.396,0.101,0.412,0.348,0.24,3.2,0.364,0.874,0.063,0.425,0.4645,0.233695652
159,2022,Hunter Renfroe,30,MIL,88,364,329,23,0.074,0.242,0.261,0.262,0.63187,0.347,0.651,0.626,0.832,0.403,0.593,0.121,0.3,0.94921875,0.127,0.449,0.152,0.399,0.449,0.211,0.445,0.351,0.204,2.5,0.318,0.685,0.064,0.42,0.476,0.304945055
160,2022,Jonah Heim,27,TEX,99,364,324,13,0.104,0.201,0.188,0.279,0.35714,0.312,0.768,0.664,0.873,0.408,0.64,0.102,0.235,0.794952681,0.067,0.419,0.171,0.385,0.444,0.116,0.51,0.336,0.154,3.7,0.296,0.786,0.072,0.422,0.462,0.291208791
161,2022,Kole Calhoun,34,TEX,100,361,332,11,0.061,0.302,0.148,0.271,0.30471,0.37,0.808,0.516,0.746,0.39,0.601,0.189,0.298,0.815217391,0.102,0.489,0.244,0.378,0.378,0.129,0.48,0.32,0.2,3.2,0.413,0.897,0.068,0.407,0.478,0.304709141
162,2022,Brandon Marsh,24,- - -,105,357,324,8,0.067,0.356,0.12,0.344,0.22409,0.327,0.666,0.598,0.8,0.419,0.599,0.132,0.32,0.725274725,0.074,0.374,0.232,0.439,0.328,0.123,0.31,0.404,0.286,5.6,0.389,0.757,0.076,0.433,0.462,0.212885154
163,2022,Christian Vazquez,31,- - -,97,355,329,8,0.056,0.161,0.134,0.33,0.22535,0.358,0.681,0.774,0.896,0.412,0.645,0.077,0.243,0.941780822,0.058,0.36,0.236,0.444,0.32,0.091,0.335,0.385,0.28,1.9,0.375,0.745,0.072,0.432,0.458,0.278873239
164,2022,Josh Naylor,25,CLE,89,355,323,15,0.07,0.158,0.195,0.277,0.42254,0.38,0.743,0.733,0.89,0.373,0.6,0.094,0.222,1.022641509,0.092,0.421,0.177,0.476,0.347,0.16,0.443,0.343,0.214,3.2,0.288,0.747,0.065,0.427,0.472,0.321126761
165,2022,Ramon Urias,28,BAL,93,352,324,13,0.054,0.219,0.167,0.282,0.36932,0.347,0.734,0.655,0.82,0.416,0.679,0.125,0.283,1.05907173,0.091,0.474,0.191,0.474,0.335,0.155,0.419,0.344,0.237,2.5,0.328,0.818,0.069,0.431,0.47,0.340909091
166,2022,Tim Anderson,29,CHW,79,351,332,6,0.04,0.157,0.093,0.347,0.17094,0.444,0.773,0.694,0.881,0.408,0.65,0.118,0.24,1.108,0.058,0.412,0.242,0.549,0.209,0.103,0.357,0.339,0.303,5.6,0.375,0.774,0.073,0.44,0.4635,0.324786325
167,2022,Luis Rengifo,25,LAA,90,350,333,9,0.037,0.157,0.156,0.297,0.25714,0.39,0.787,0.682,0.873,0.42,0.64,0.114,0.234,0.978798587,0.043,0.341,0.188,0.437,0.375,0.087,0.391,0.416,0.194,4.7,0.33,0.869,0.078,0.407,0.4545,0.274285714
168,2022,Michael A Taylor,31,KCR,97,350,315,6,0.086,0.251,0.092,0.341,0.17143,0.343,0.722,0.531,0.851,0.397,0.674,0.14,0.284,0.899193548,0.061,0.3,0.184,0.39,0.426,0.063,0.409,0.33,0.261,3.7,0.339,0.873,0.077,0.436,0.452,0.202857143
169,2022,Mike Trout,30,LAA,85,350,305,26,0.114,0.294,0.325,0.324,0.74286,0.259,0.671,0.593,0.779,0.408,0.54,0.123,0.303,0.821138211,0.203,0.525,0.188,0.243,0.569,0.226,0.441,0.287,0.272,4,0.376,0.706,0.069,0.452,0.478,0.308571429
170,2022,Nick Senzel,27,CIN,91,350,310,4,0.066,0.191,0.074,0.3,0.11429,0.322,0.675,0.658,0.91,0.419,0.68,0.089,0.275,1.099547511,0.035,0.306,0.243,0.449,0.309,0.053,0.358,0.386,0.256,3.8,0.374,0.773,0.08,0.417,0.454,0.225714286
171,2022,Salvador Perez,32,KCR,84,348,328,17,0.037,0.273,0.21,0.261,0.48851,0.449,0.773,0.576,0.779,0.358,0.592,0.184,0.285,0.959183673,0.115,0.494,0.157,0.366,0.477,0.152,0.472,0.332,0.196,1.9,0.34,0.884,0.055,0.386,0.481,0.333333333
172,2022,Franmil Reyes,26,- - -,86,346,327,11,0.043,0.35,0.153,0.323,0.31792,0.338,0.697,0.481,0.777,0.409,0.613,0.167,0.331,0.945701357,0.129,0.445,0.182,0.455,0.364,0.145,0.435,0.287,0.278,3.8,0.297,0.773,0.072,0.426,0.482,0.268786127
173,2022,Chris Taylor,31,LAD,89,344,305,8,0.102,0.363,0.17,0.356,0.23256,0.272,0.801,0.405,0.72,0.44,0.634,0.189,0.308,0.6,0.11,0.407,0.256,0.333,0.411,0.108,0.484,0.286,0.231,6.2,0.374,0.909,0.08,0.442,0.461,0.215116279
174,2022,Darin Ruf,35,- - -,102,343,294,11,0.122,0.268,0.153,0.275,0.3207,0.26,0.585,0.586,0.856,0.422,0.595,0.098,0.321,0.910714286,0.093,0.417,0.176,0.412,0.412,0.131,0.49,0.27,0.24,3.5,0.358,0.723,0.078,0.43,0.4725,0.247813411
175,2022,Gary Sanchez,29,MIN,92,343,311,11,0.076,0.277,0.17,0.271,0.3207,0.344,0.613,0.565,0.867,0.405,0.601,0.122,0.318,0.939655172,0.142,0.472,0.151,0.427,0.422,0.12,0.491,0.298,0.211,2.7,0.312,0.667,0.093,0.413,0.4755,0.300291545
176,2022,Ji-Man Choi,31,TBR,89,343,292,8,0.14,0.294,0.14,0.328,0.23324,0.228,0.71,0.553,0.779,0.389,0.563,0.123,0.289,0.797520661,0.093,0.464,0.238,0.472,0.29,0.143,0.433,0.345,0.222,0.7,0.356,0.816,0.069,0.442,0.4695,0.262390671
177,2022,Ramon Laureano,27,OAK,84,343,309,12,0.073,0.259,0.172,0.274,0.34985,0.314,0.636,0.568,0.845,0.421,0.615,0.12,0.312,0.944206009,0.118,0.382,0.159,0.441,0.4,0.136,0.427,0.3,0.273,4.5,0.268,0.692,0.087,0.436,0.4685,0.244897959
178,2022,Avisail Garcia,31,MIA,88,342,323,7,0.038,0.278,0.09,0.305,0.20468,0.461,0.846,0.469,0.831,0.368,0.664,0.208,0.294,0.93877551,0.065,0.448,0.178,0.557,0.265,0.115,0.361,0.387,0.252,3.5,0.274,0.885,0.065,0.438,0.471,0.301169591
179,2022,Trevor Story,29,BOS,81,342,307,15,0.082,0.307,0.202,0.277,0.4386,0.361,0.71,0.626,0.825,0.388,0.635,0.131,0.282,0.700680272,0.117,0.393,0.165,0.35,0.485,0.15,0.442,0.301,0.257,5.6,0.345,0.75,0.067,0.455,0.4625,0.236842105
180,2022,Bryson Stott,24,PHI,94,341,314,8,0.076,0.167,0.134,0.257,0.2346,0.283,0.641,0.825,0.902,0.453,0.589,0.056,0.259,0.920863309,0.047,0.366,0.172,0.434,0.395,0.079,0.377,0.319,0.304,5.5,0.296,0.728,0.083,0.442,0.4565,0.278592375
181,2022,Seiya Suzuki,27,CHC,85,341,304,10,0.091,0.255,0.164,0.314,0.29326,0.269,0.583,0.656,0.866,0.426,0.581,0.087,0.309,0.973451327,0.1,0.395,0.191,0.382,0.427,0.106,0.309,0.368,0.323,4.6,0.368,0.648,0.065,0.445,0.4605,0.258064516
182,2022,Brandon Crawford,35,SFG,87,339,301,7,0.083,0.212,0.126,0.263,0.20649,0.301,0.766,0.521,0.775,0.43,0.617,0.156,0.281,1.191709845,0.078,0.307,0.161,0.448,0.391,0.078,0.355,0.39,0.255,3.6,0.299,0.828,0.08,0.409,0.4575,0.215339233
183,2022,Michael Chavis,26,PIT,105,338,320,13,0.038,0.287,0.175,0.31,0.38462,0.445,0.789,0.578,0.831,0.409,0.707,0.165,0.283,0.818181818,0.084,0.398,0.178,0.422,0.4,0.144,0.416,0.363,0.221,2.9,0.354,0.844,0.076,0.437,0.466,0.269230769
184,2022,Josh Harrison,34,CHW,94,337,306,6,0.053,0.163,0.121,0.28,0.17804,0.39,0.751,0.726,0.875,0.43,0.593,0.101,0.238,0.875,0.039,0.307,0.171,0.437,0.393,0.061,0.362,0.358,0.28,3.9,0.319,0.752,0.083,0.434,0.4495,0.231454006
185,2022,Alek Thomas,22,ARI,90,335,310,8,0.063,0.185,0.129,0.286,0.23881,0.353,0.635,0.623,0.857,0.448,0.636,0.114,0.299,1.251256281,0.044,0.353,0.185,0.586,0.229,0.14,0.365,0.369,0.265,3.9,0.285,0.747,0.071,0.422,0.46,0.262686567
186,2022,Joc Pederson,30,SFG,103,334,296,18,0.087,0.21,0.24,0.275,0.53892,0.321,0.685,0.647,0.895,0.395,0.569,0.097,0.255,0.90438247,0.148,0.533,0.172,0.379,0.449,0.176,0.38,0.367,0.253,2.6,0.319,0.789,0.073,0.416,0.482,0.365269461
187,2022,Rafael Ortega,31,CHC,106,334,284,6,0.12,0.192,0.12,0.273,0.17964,0.289,0.695,0.707,0.894,0.398,0.605,0.08,0.241,0.788732394,0.044,0.333,0.205,0.344,0.451,0.059,0.419,0.335,0.247,3.9,0.361,0.802,0.07,0.424,0.45,0.22754491
188,2022,Giancarlo Stanton,32,NYY,81,333,293,24,0.108,0.282,0.266,0.242,0.72072,0.297,0.628,0.572,0.757,0.393,0.55,0.137,0.319,1.068783069,0.207,0.537,0.168,0.455,0.376,0.316,0.381,0.371,0.248,0.8,0.282,0.762,0.075,0.435,0.492,0.327327327
189,2022,Ben Gamel,30,PIT,89,332,293,5,0.105,0.241,0.126,0.325,0.1506,0.281,0.642,0.562,0.891,0.418,0.584,0.101,0.276,0.913419913,0.065,0.407,0.251,0.412,0.336,0.07,0.379,0.369,0.252,4.7,0.397,0.695,0.079,0.442,0.458,0.265060241
190,2022,Harold Castro,28,DET,91,330,311,5,0.039,0.188,0.119,0.333,0.15152,0.407,0.694,0.723,0.884,0.403,0.603,0.1,0.247,0.88028169,0.067,0.358,0.272,0.436,0.292,0.068,0.35,0.307,0.343,2.9,0.449,0.713,0.069,0.433,0.4655,0.275757576
191,2022,Brendan Donovan,25,STL,92,329,275,2,0.128,0.164,0.087,0.362,0.06079,0.247,0.58,0.716,0.933,0.425,0.565,0.057,0.277,0.94092827,0.018,0.341,0.26,0.498,0.242,0.037,0.35,0.323,0.327,2.9,0.345,0.649,0.082,0.427,0.454,0.23100304
192,2022,Bobby Dalbec,27,BOS,107,328,293,11,0.085,0.329,0.154,0.275,0.33537,0.309,0.693,0.51,0.787,0.383,0.604,0.15,0.324,0.811158798,0.111,0.444,0.196,0.386,0.418,0.139,0.36,0.386,0.254,5.1,0.312,0.785,0.067,0.428,0.466,0.259146341
193,2022,Christopher Morel,23,CHC,82,327,295,12,0.083,0.297,0.197,0.335,0.36697,0.322,0.728,0.592,0.701,0.411,0.667,0.167,0.314,0.951690821,0.124,0.383,0.178,0.523,0.299,0.203,0.458,0.373,0.169,6.6,0.294,0.875,0.084,0.446,0.478,0.235474006
194,2022,Yadiel Hernandez,34,WSN,94,327,305,9,0.058,0.226,0.141,0.326,0.27523,0.349,0.744,0.626,0.792,0.417,0.612,0.14,0.281,0.924603175,0.086,0.421,0.215,0.511,0.275,0.141,0.33,0.412,0.258,2.2,0.356,0.819,0.072,0.438,0.4765,0.29969419
195,2022,Jesus Sanchez,24,MIA,93,325,297,12,0.074,0.265,0.182,0.245,0.36923,0.36,0.67,0.601,0.853,0.384,0.603,0.126,0.279,0.82421875,0.094,0.401,0.156,0.469,0.374,0.152,0.429,0.307,0.264,4.4,0.245,0.8,0.076,0.426,0.476,0.261538462
196,2022,Yoan Moncada,27,CHW,80,324,294,7,0.083,0.272,0.116,0.255,0.21605,0.304,0.671,0.582,0.826,0.429,0.599,0.123,0.298,0.884120172,0.082,0.353,0.155,0.447,0.398,0.085,0.367,0.382,0.251,2,0.319,0.755,0.076,0.418,0.4625,0.228395062
197,2022,Raimel Tapia,28,TOR,97,323,307,5,0.031,0.186,0.111,0.317,0.1548,0.46,0.705,0.743,0.877,0.402,0.598,0.105,0.252,0.915129151,0.055,0.383,0.214,0.528,0.258,0.078,0.351,0.378,0.271,4.5,0.303,0.731,0.068,0.439,0.4565,0.303405573
198,2022,Jose Miranda,24,MIN,86,321,301,13,0.044,0.209,0.179,0.317,0.40498,0.359,0.741,0.65,0.887,0.404,0.632,0.109,0.258,0.906976744,0.064,0.444,0.197,0.41,0.393,0.141,0.462,0.321,0.218,1.6,0.325,0.856,0.08,0.401,0.4735,0.327102804
199,2022,Travis d'Arnaud,33,ATL,80,321,298,13,0.047,0.202,0.198,0.291,0.40498,0.409,0.706,0.649,0.852,0.411,0.67,0.127,0.278,0.91372549,0.077,0.369,0.18,0.464,0.356,0.157,0.489,0.283,0.227,2.7,0.318,0.685,0.089,0.435,0.459,0.271028037
200,2022,Tyrone Taylor,28,MIL,91,321,297,12,0.053,0.255,0.185,0.263,0.37383,0.356,0.687,0.6,0.864,0.423,0.62,0.122,0.291,0.90376569,0.088,0.369,0.19,0.361,0.449,0.124,0.392,0.406,0.203,3.4,0.364,0.765,0.067,0.421,0.4655,0.249221184
201,2022,Victor Robles,25,WSN,105,321,287,4,0.047,0.252,0.08,0.296,0.12461,0.343,0.735,0.567,0.831,0.448,0.679,0.138,0.276,0.826839827,0.032,0.222,0.209,0.403,0.387,0.054,0.444,0.306,0.25,6.7,0.292,0.869,0.089,0.408,0.437,0.14953271
202,2022,Cal Raleigh,25,SEA,92,319,286,18,0.088,0.304,0.255,0.236,0.56426,0.367,0.788,0.587,0.782,0.382,0.636,0.159,0.27,0.703296703,0.146,0.417,0.167,0.271,0.563,0.167,0.453,0.302,0.245,2.9,0.365,0.867,0.066,0.425,0.4745,0.250783699
203,2022,Adley Rutschman,24,BAL,76,316,266,8,0.136,0.171,0.192,0.29,0.25316,0.238,0.679,0.731,0.906,0.397,0.506,0.064,0.249,0.846456693,0.079,0.381,0.242,0.372,0.386,0.096,0.479,0.326,0.195,4.5,0.349,0.789,0.071,0.413,0.4665,0.259493671
204,2022,Adam Duvall,33,ATL,86,315,287,12,0.067,0.321,0.188,0.278,0.38095,0.392,0.676,0.627,0.805,0.399,0.603,0.14,0.299,0.73151751,0.128,0.404,0.186,0.293,0.521,0.122,0.495,0.319,0.186,3.2,0.362,0.744,0.074,0.422,0.4675,0.244444444
205,2022,Chas McCormick,27,HOU,91,315,277,12,0.114,0.251,0.181,0.289,0.38095,0.336,0.749,0.579,0.803,0.383,0.578,0.144,0.29,0.848484848,0.121,0.412,0.214,0.423,0.362,0.169,0.327,0.367,0.307,3.7,0.342,0.807,0.072,0.415,0.4725,0.26031746
206,2022,Joey Gallo,28,- - -,96,315,268,15,0.146,0.387,0.205,0.237,0.47619,0.305,0.718,0.429,0.735,0.405,0.613,0.181,0.317,0.601659751,0.178,0.507,0.179,0.269,0.552,0.188,0.562,0.247,0.192,4.9,0.288,0.818,0.075,0.438,0.485,0.234920635
207,2022,Willi Castro,25,DET,88,313,291,5,0.042,0.208,0.113,0.299,0.15974,0.435,0.787,0.579,0.85,0.419,0.665,0.156,0.269,0.856603774,0.031,0.288,0.225,0.427,0.348,0.063,0.341,0.389,0.271,5.5,0.362,0.854,0.071,0.441,0.4385,0.214057508
208,2022,Martin Maldonado,35,HOU,92,312,283,12,0.061,0.314,0.17,0.223,0.38462,0.345,0.687,0.479,0.844,0.433,0.67,0.148,0.313,0.784810127,0.089,0.432,0.167,0.414,0.419,0.154,0.442,0.326,0.232,1.6,0.316,0.756,0.074,0.413,0.462,0.262820513
209,2022,Austin Nola,32,SDP,84,311,270,3,0.093,0.161,0.074,0.286,0.09646,0.249,0.631,0.756,0.913,0.439,0.576,0.058,0.257,1.101941748,0.022,0.401,0.207,0.441,0.352,0.038,0.432,0.339,0.229,2.6,0.361,0.674,0.074,0.454,0.457,0.295819936
210,2022,Jackie Bradley Jr,32,- - -,104,311,290,3,0.061,0.199,0.11,0.258,0.09646,0.326,0.708,0.641,0.777,0.448,0.621,0.135,0.299,1.164948454,0.057,0.37,0.168,0.5,0.332,0.04,0.409,0.365,0.226,3,0.3,0.788,0.085,0.418,0.469,0.273311897
211,2022,Max Stassi,31,LAA,83,311,276,7,0.106,0.293,0.12,0.257,0.22508,0.252,0.693,0.512,0.8,0.425,0.643,0.13,0.299,1.021978022,0.097,0.403,0.102,0.548,0.349,0.108,0.371,0.43,0.199,1.7,0.258,0.769,0.077,0.418,0.471,0.241157556
212,2022,Tyler O'Neill,27,STL,77,311,277,8,0.077,0.273,0.126,0.289,0.25723,0.311,0.713,0.561,0.829,0.422,0.601,0.13,0.288,0.795180723,0.101,0.419,0.222,0.409,0.369,0.11,0.444,0.318,0.237,5.4,0.379,0.74,0.075,0.421,0.4775,0.266881029
213,2022,Chad Pinder,30,OAK,85,310,296,10,0.035,0.313,0.152,0.314,0.32258,0.355,0.771,0.549,0.784,0.425,0.635,0.163,0.299,0.885462555,0.064,0.421,0.199,0.483,0.318,0.156,0.411,0.351,0.238,2.9,0.337,0.883,0.081,0.434,0.4615,0.274193548
214,2022,Yonathan Daza,28,COL,90,307,281,1,0.059,0.127,0.068,0.339,0.03257,0.374,0.658,0.738,0.906,0.415,0.606,0.083,0.259,1.056034483,0.024,0.276,0.237,0.543,0.22,0.019,0.354,0.341,0.305,3.2,0.329,0.756,0.07,0.421,0.437,0.221498371
215,2022,Jorge Soler,30,MIA,72,306,270,13,0.101,0.294,0.193,0.256,0.42484,0.294,0.709,0.556,0.809,0.399,0.572,0.132,0.281,0.76371308,0.121,0.434,0.177,0.42,0.403,0.178,0.503,0.337,0.16,1.6,0.331,0.831,0.065,0.426,0.4865,0.258169935
216,2022,Andrew Velazquez,27,LAA,110,305,280,6,0.043,0.331,0.093,0.278,0.19672,0.336,0.759,0.534,0.767,0.433,0.669,0.166,0.297,0.74248927,0.064,0.346,0.208,0.434,0.358,0.097,0.309,0.415,0.277,6,0.335,0.88,0.072,0.436,0.466,0.216393443
217,2022,Jacob Stallings,32,MIA,93,304,277,3,0.069,0.224,0.072,0.285,0.09868,0.315,0.617,0.62,0.904,0.412,0.628,0.095,0.302,1.034653465,0.028,0.322,0.196,0.431,0.373,0.038,0.36,0.322,0.318,1.4,0.322,0.709,0.072,0.447,0.4495,0.226973684
218,2022,Harold Ramirez,27,TBR,87,303,279,5,0.053,0.139,0.118,0.37,0.16502,0.442,0.752,0.634,0.886,0.397,0.66,0.131,0.264,1.038961039,0.054,0.408,0.208,0.538,0.254,0.082,0.408,0.4,0.192,2.4,0.333,0.788,0.061,0.397,0.4595,0.326732673
219,2022,Gavin Sheets,26,CHW,90,301,280,9,0.056,0.203,0.157,0.299,0.299,0.351,0.623,0.74,0.872,0.402,0.625,0.087,0.269,0.886639676,0.068,0.368,0.183,0.374,0.443,0.093,0.359,0.391,0.25,0.5,0.341,0.655,0.067,0.408,0.4605,0.26910299
220,2022,Michael Harris II,21,ATL,79,299,280,13,0.05,0.258,0.218,0.353,0.43478,0.44,0.698,0.588,0.839,0.394,0.569,0.154,0.3,0.885964912,0.118,0.438,0.173,0.574,0.252,0.255,0.374,0.394,0.232,8.1,0.35,0.805,0.069,0.435,0.4775,0.297658863
221,2022,Brandon Belt,34,SFG,78,298,254,8,0.124,0.272,0.138,0.277,0.26846,0.249,0.779,0.542,0.793,0.405,0.587,0.133,0.265,0.740088106,0.126,0.385,0.226,0.274,0.5,0.095,0.374,0.339,0.287,2.9,0.385,0.899,0.066,0.417,0.465,0.224832215
222,2022,Spencer Torkelson,22,DET,83,298,264,5,0.097,0.255,0.098,0.254,0.16779,0.281,0.702,0.596,0.864,0.434,0.581,0.106,0.279,0.815450644,0.068,0.379,0.174,0.442,0.384,0.068,0.411,0.321,0.268,1.5,0.332,0.788,0.088,0.434,0.4625,0.244966443
223,2022,Nick Gordon,26,MIN,101,296,273,5,0.047,0.243,0.15,0.354,0.16892,0.431,0.79,0.627,0.849,0.428,0.679,0.143,0.257,0.799212598,0.117,0.478,0.246,0.399,0.355,0.069,0.385,0.341,0.273,5.8,0.361,0.841,0.067,0.444,0.478,0.331081081
224,2022,Frank Schwindel,30,CHC,75,292,271,8,0.065,0.199,0.129,0.261,0.27397,0.401,0.758,0.68,0.839,0.41,0.651,0.126,0.258,0.811320755,0.047,0.353,0.181,0.47,0.349,0.107,0.46,0.312,0.228,0.8,0.316,0.75,0.074,0.418,0.456,0.260273973
225,2022,Yasmani Grandal,33,CHW,74,290,251,3,0.124,0.21,0.056,0.255,0.10345,0.246,0.592,0.688,0.859,0.433,0.541,0.08,0.286,0.984536082,0.052,0.387,0.209,0.44,0.351,0.045,0.387,0.293,0.319,1.2,0.298,0.684,0.078,0.402,0.4555,0.25862069
226,2022,Luis Guillorme,27,NYM,86,289,258,2,0.1,0.135,0.074,0.327,0.0692,0.253,0.593,0.844,0.94,0.447,0.612,0.038,0.262,0.955357143,0.027,0.244,0.257,0.556,0.187,0.05,0.29,0.425,0.285,3.1,0.367,0.702,0.079,0.427,0.45,0.186851211
227,2022,Leury Garcia,31,CHW,83,288,273,3,0.024,0.205,0.062,0.257,0.10417,0.409,0.762,0.661,0.835,0.435,0.649,0.133,0.259,0.892116183,0.046,0.347,0.209,0.498,0.293,0.048,0.361,0.361,0.279,3.8,0.311,0.862,0.089,0.43,0.453,0.274305556
228,2022,Luis Gonzalez,26,SFG,78,288,254,4,0.09,0.191,0.118,0.31,0.13889,0.276,0.677,0.631,0.884,0.447,0.552,0.091,0.256,0.76284585,0.029,0.324,0.171,0.44,0.389,0.053,0.294,0.338,0.368,4.9,0.27,0.853,0.083,0.431,0.4565,0.229166667
229,2022,Elias Diaz,31,COL,78,286,260,7,0.077,0.203,0.154,0.274,0.24476,0.369,0.728,0.684,0.903,0.392,0.633,0.098,0.233,0.839506173,0.064,0.397,0.176,0.471,0.353,0.097,0.363,0.363,0.275,2.1,0.299,0.8,0.078,0.41,0.464,0.283216783
230,2022,Abraham Toro,25,SEA,84,285,261,8,0.07,0.165,0.142,0.187,0.2807,0.344,0.624,0.685,0.92,0.413,0.6,0.084,0.27,1.172972973,0.069,0.295,0.147,0.396,0.456,0.081,0.47,0.336,0.194,3.8,0.318,0.625,0.06,0.426,0.452,0.224561404
231,2022,Mike Moustakas,33,CIN,78,285,252,7,0.084,0.263,0.131,0.272,0.24561,0.409,0.756,0.592,0.839,0.385,0.568,0.15,0.256,0.661764706,0.061,0.339,0.156,0.35,0.494,0.079,0.444,0.35,0.206,3.3,0.361,0.824,0.059,0.461,0.452,0.214035088
232,2022,Isaac Paredes,23,TBR,78,281,251,16,0.093,0.164,0.243,0.204,0.5694,0.282,0.629,0.768,0.909,0.392,0.573,0.062,0.261,1.014705882,0.068,0.377,0.145,0.42,0.435,0.178,0.546,0.261,0.193,2.2,0.271,0.711,0.072,0.433,0.464,0.284697509
233,2022,Jonathan India,25,CIN,67,281,257,8,0.05,0.235,0.152,0.301,0.2847,0.305,0.596,0.649,0.87,0.449,0.633,0.094,0.325,1,0.042,0.277,0.241,0.372,0.387,0.108,0.45,0.361,0.188,3.5,0.361,0.694,0.065,0.435,0.439,0.1886121
234,2022,Emmanuel Rivera,26,- - -,79,278,255,10,0.068,0.216,0.192,0.286,0.35971,0.3,0.763,0.592,0.886,0.422,0.626,0.108,0.263,0.951219512,0.103,0.4,0.164,0.492,0.344,0.149,0.431,0.328,0.241,4.3,0.333,0.83,0.085,0.428,0.4715,0.28057554
235,2022,Jose Trevino,29,NYY,91,278,263,10,0.047,0.169,0.16,0.295,0.35971,0.418,0.623,0.753,0.881,0.39,0.622,0.092,0.291,1.136842105,0.055,0.364,0.181,0.412,0.407,0.114,0.396,0.35,0.253,3.9,0.295,0.62,0.071,0.434,0.4585,0.284172662
236,2022,Michael Brantley,35,HOU,64,277,243,5,0.112,0.108,0.128,0.311,0.18051,0.256,0.629,0.811,0.926,0.425,0.599,0.048,0.246,1.380645161,0.06,0.451,0.243,0.444,0.313,0.075,0.372,0.419,0.209,2.5,0.395,0.593,0.081,0.426,0.46,0.350180505
237,2022,Bryce Harper,29,PHI,64,275,242,15,0.095,0.189,0.281,0.346,0.54545,0.395,0.834,0.63,0.816,0.372,0.629,0.149,0.237,0.827586207,0.144,0.521,0.292,0.354,0.354,0.221,0.387,0.356,0.258,5.6,0.418,0.877,0.063,0.42,0.4825,0.367272727
238,2022,Joey Wendle,32,MIA,75,275,255,2,0.044,0.131,0.09,0.277,0.07273,0.422,0.647,0.785,0.933,0.426,0.662,0.07,0.249,1.013761468,0.009,0.342,0.186,0.516,0.299,0.03,0.351,0.324,0.324,5,0.311,0.726,0.074,0.42,0.4475,0.276363636
239,2022,Aledmys Diaz,31,HOU,78,274,254,10,0.062,0.168,0.165,0.271,0.36496,0.341,0.744,0.684,0.852,0.404,0.613,0.108,0.242,1.072164948,0.067,0.392,0.216,0.404,0.38,0.127,0.478,0.316,0.206,2.2,0.321,0.846,0.077,0.418,0.46,0.299270073
240,2022,Austin Slater,29,SFG,101,271,230,5,0.129,0.269,0.13,0.366,0.1845,0.281,0.692,0.596,0.786,0.388,0.683,0.127,0.311,0.814814815,0.095,0.392,0.227,0.539,0.234,0.139,0.38,0.392,0.228,7.3,0.424,0.767,0.067,0.414,0.472,0.228782288
241,2022,Nolan Gorman,22,STL,74,271,244,13,0.092,0.31,0.201,0.306,0.4797,0.338,0.764,0.534,0.798,0.384,0.664,0.156,0.285,0.711111111,0.144,0.431,0.263,0.263,0.475,0.171,0.406,0.356,0.238,3.3,0.475,0.861,0.065,0.428,0.4695,0.254612546
242,2022,Sheldon Neuse,27,OAK,77,270,250,4,0.067,0.267,0.08,0.293,0.14815,0.356,0.73,0.547,0.884,0.411,0.644,0.13,0.287,0.787610619,0.034,0.382,0.185,0.624,0.191,0.118,0.298,0.354,0.348,5.3,0.236,0.75,0.079,0.412,0.4595,0.251851852
243,2022,William Contreras,24,ATL,69,270,242,17,0.104,0.263,0.256,0.305,0.62963,0.306,0.667,0.582,0.775,0.382,0.593,0.136,0.307,1.023952096,0.152,0.45,0.14,0.532,0.327,0.304,0.415,0.374,0.211,3.9,0.316,0.825,0.057,0.413,0.485,0.285185185
244,2022,Enrique Hernandez,30,BOS,59,269,244,5,0.071,0.193,0.131,0.241,0.18587,0.328,0.756,0.584,0.866,0.386,0.55,0.123,0.263,1.272727273,0.066,0.316,0.158,0.362,0.48,0.053,0.464,0.316,0.219,2.2,0.327,0.846,0.069,0.424,0.458,0.230483271
245,2022,Jon Berti,32,MIA,69,266,232,2,0.117,0.222,0.103,0.343,0.07519,0.233,0.663,0.599,0.885,0.431,0.609,0.086,0.274,1.029585799,0.063,0.368,0.178,0.511,0.31,0.037,0.299,0.385,0.316,7.7,0.316,0.809,0.086,0.418,0.459,0.244360902
246,2022,Riley Greene,21,DET,59,265,243,4,0.075,0.294,0.111,0.333,0.15094,0.318,0.634,0.602,0.874,0.415,0.63,0.107,0.3,0.855670103,0.09,0.464,0.217,0.548,0.235,0.103,0.343,0.373,0.283,4,0.331,0.775,0.076,0.411,0.4755,0.290566038
247,2022,Harrison Bader,28,STL,72,264,246,5,0.049,0.178,0.114,0.297,0.18939,0.368,0.634,0.693,0.903,0.387,0.576,0.093,0.266,1.098901099,0.04,0.265,0.165,0.395,0.44,0.057,0.4,0.39,0.21,7.7,0.285,0.612,0.066,0.407,0.441,0.200757576
248,2022,Ozzie Albies,25,ATL,62,263,242,8,0.057,0.175,0.161,0.266,0.30418,0.456,0.839,0.708,0.861,0.341,0.658,0.128,0.218,0.769230769,0.055,0.265,0.185,0.375,0.44,0.091,0.485,0.35,0.165,3.3,0.355,0.921,0.063,0.398,0.459,0.201520913
249,2022,Bryan De La Cruz,25,MIA,90,261,244,7,0.054,0.268,0.127,0.254,0.2682,0.364,0.726,0.587,0.843,0.375,0.617,0.137,0.291,0.977777778,0.097,0.449,0.256,0.443,0.301,0.132,0.386,0.375,0.239,3.5,0.409,0.776,0.059,0.431,0.469,0.302681992
250,2022,Tyler Naquin,31,- - -,78,259,239,10,0.062,0.263,0.218,0.304,0.3861,0.403,0.798,0.65,0.789,0.403,0.625,0.152,0.267,0.719827586,0.105,0.395,0.216,0.359,0.425,0.141,0.39,0.326,0.285,6.8,0.395,0.909,0.068,0.464,0.465,0.262548263
251,2022,J.D. Davis,29,- - -,83,258,225,8,0.101,0.322,0.156,0.346,0.31008,0.299,0.779,0.523,0.71,0.429,0.64,0.178,0.302,0.761904762,0.16,0.569,0.215,0.472,0.313,0.178,0.375,0.403,0.222,3.6,0.354,0.895,0.084,0.443,0.498,0.321705426
252,2022,Diego Castillo,24,PIT,84,257,239,10,0.051,0.272,0.167,0.235,0.38911,0.326,0.574,0.622,0.838,0.432,0.603,0.11,0.339,1.042424242,0.105,0.39,0.18,0.419,0.401,0.145,0.436,0.36,0.203,2.2,0.36,0.691,0.09,0.401,0.4665,0.26459144
253,2022,Franchy Cordero,27,BOS,76,255,224,6,0.102,0.325,0.165,0.321,0.23529,0.325,0.72,0.49,0.788,0.398,0.592,0.16,0.306,0.75,0.124,0.441,0.227,0.397,0.376,0.113,0.407,0.317,0.276,5.3,0.4,0.789,0.069,0.419,0.4715,0.250980392
254,2022,Matt Vierling,25,PHI,85,255,229,5,0.078,0.22,0.105,0.267,0.19608,0.302,0.578,0.688,0.89,0.443,0.651,0.081,0.314,1.005681818,0.062,0.492,0.209,0.446,0.345,0.082,0.305,0.412,0.282,5,0.333,0.663,0.087,0.403,0.468,0.341176471
255,2022,Jorge Alfaro,29,SDP,72,254,238,7,0.039,0.362,0.143,0.373,0.27559,0.49,0.824,0.528,0.757,0.401,0.697,0.218,0.317,0.659292035,0.121,0.383,0.248,0.45,0.302,0.156,0.349,0.369,0.282,2.5,0.396,0.85,0.065,0.44,0.477,0.224409449
256,2022,Austin Hedges,29,CLE,78,252,218,6,0.079,0.226,0.092,0.204,0.2381,0.303,0.668,0.62,0.835,0.421,0.651,0.113,0.281,0.981707317,0.035,0.229,0.211,0.36,0.429,0.087,0.471,0.353,0.176,2.4,0.324,0.734,0.068,0.424,0.4475,0.154761905
257,2022,Jean Segura,32,PHI,63,252,231,8,0.063,0.143,0.126,0.309,0.31746,0.358,0.655,0.77,0.92,0.382,0.615,0.071,0.258,1.180722892,0.051,0.413,0.153,0.556,0.291,0.14,0.301,0.383,0.316,4.7,0.27,0.633,0.066,0.414,0.465,0.321428571
258,2022,Eric Haase,29,DET,83,251,230,8,0.076,0.283,0.161,0.301,0.31873,0.374,0.711,0.58,0.788,0.38,0.649,0.155,0.307,0.821428571,0.075,0.422,0.205,0.385,0.41,0.121,0.404,0.335,0.261,2.3,0.311,0.771,0.068,0.396,0.4665,0.270916335
259,2022,Jack Suwinski,23,PIT,72,250,222,14,0.096,0.304,0.23,0.227,0.56,0.273,0.639,0.589,0.826,0.446,0.592,0.112,0.306,0.756476684,0.116,0.356,0.158,0.418,0.425,0.226,0.479,0.301,0.219,3,0.288,0.759,0.076,0.44,0.4725,0.212
260,2022,Brandon Lowe,27,TBR,60,249,221,8,0.1,0.229,0.172,0.28,0.32129,0.35,0.789,0.513,0.78,0.424,0.618,0.172,0.274,0.921348315,0.109,0.4,0.213,0.39,0.396,0.123,0.442,0.321,0.236,4.3,0.358,0.862,0.062,0.427,0.4715,0.265060241
261,2022,Brian Anderson,29,MIA,65,249,218,5,0.112,0.293,0.138,0.343,0.2008,0.328,0.749,0.575,0.781,0.405,0.61,0.149,0.29,0.680751174,0.103,0.441,0.207,0.476,0.317,0.109,0.379,0.366,0.255,3.8,0.338,0.797,0.072,0.412,0.481,0.257028112
262,2022,Christian Bethancourt,30,- - -,76,249,235,8,0.044,0.237,0.153,0.286,0.32129,0.468,0.827,0.564,0.795,0.427,0.663,0.189,0.283,0.920634921,0.136,0.469,0.195,0.437,0.368,0.125,0.407,0.367,0.226,4.7,0.333,0.897,0.069,0.418,0.4815,0.333333333
263,2022,Wander Franco,21,TBR,58,247,227,5,0.069,0.105,0.137,0.271,0.20243,0.374,0.77,0.799,0.936,0.398,0.603,0.065,0.184,1.03030303,0.044,0.377,0.245,0.471,0.284,0.086,0.402,0.333,0.265,6.2,0.338,0.875,0.065,0.449,0.462,0.315789474
264,2022,Tomas Nido,28,NYM,77,246,219,0,0.053,0.252,0.041,0.31,0,0.45,0.813,0.574,0.759,0.39,0.691,0.193,0.284,0.855555556,0.035,0.294,0.214,0.526,0.26,0,0.3,0.382,0.318,1.6,0.371,0.923,0.062,0.44,0.461,0.203252033
265,2022,Jace Peterson,32,MIL,80,241,214,8,0.091,0.253,0.187,0.313,0.33195,0.258,0.591,0.573,0.885,0.447,0.581,0.091,0.316,0.854748603,0.083,0.372,0.203,0.464,0.333,0.157,0.41,0.372,0.218,7.1,0.333,0.582,0.075,0.397,0.4665,0.2406639
266,2022,Jazz Chisholm Jr,24,MIA,60,241,213,14,0.087,0.274,0.282,0.294,0.58091,0.307,0.677,0.587,0.778,0.427,0.593,0.137,0.301,0.890909091,0.166,0.457,0.218,0.374,0.408,0.233,0.5,0.313,0.187,7.9,0.373,0.759,0.061,0.443,0.4775,0.290456432
267,2022,Pavin Smith,26,ARI,65,241,213,9,0.104,0.261,0.155,0.245,0.37344,0.255,0.584,0.671,0.888,0.406,0.593,0.076,0.303,0.980645161,0.118,0.368,0.125,0.428,0.447,0.132,0.401,0.355,0.243,1.9,0.276,0.658,0.074,0.454,0.4545,0.232365145
268,2022,Albert Pujols,42,STL,75,240,210,14,0.079,0.163,0.252,0.273,0.58333,0.369,0.676,0.69,0.931,0.399,0.588,0.087,0.249,0.821596244,0.114,0.486,0.189,0.394,0.417,0.192,0.526,0.309,0.166,1.4,0.337,0.735,0.071,0.409,0.4835,0.354166667
269,2022,Tucker Barnhart,31,DET,76,239,221,0,0.071,0.268,0.032,0.293,0,0.303,0.67,0.656,0.885,0.421,0.64,0.093,0.263,0.842391304,0.013,0.261,0.148,0.561,0.29,0,0.344,0.369,0.287,0.6,0.268,0.725,0.074,0.457,0.442,0.175732218
270,2022,Carson Kelly,27,ARI,69,238,217,6,0.067,0.197,0.143,0.247,0.2521,0.299,0.633,0.689,0.897,0.422,0.567,0.081,0.285,1.023809524,0.064,0.36,0.186,0.39,0.424,0.082,0.419,0.378,0.203,3.1,0.326,0.726,0.077,0.445,0.453,0.260504202
271,2022,Luis Garcia,22,WSN,60,237,228,4,0.017,0.203,0.127,0.346,0.16878,0.444,0.706,0.677,0.804,0.409,0.688,0.141,0.309,1.096385542,0.076,0.375,0.236,0.495,0.269,0.082,0.342,0.413,0.245,3.3,0.375,0.81,0.068,0.408,0.4715,0.291139241
272,2022,Brad Miller,32,TEX,79,236,217,7,0.076,0.284,0.111,0.271,0.29661,0.329,0.734,0.503,0.772,0.427,0.593,0.165,0.313,0.986842105,0.079,0.404,0.167,0.427,0.407,0.115,0.364,0.318,0.318,2.9,0.272,0.818,0.074,0.444,0.4715,0.258474576
273,2022,Victor Caratini,28,MIL,72,234,199,8,0.111,0.222,0.156,0.243,0.34188,0.254,0.645,0.625,0.899,0.427,0.581,0.082,0.275,0.875739645,0.081,0.432,0.189,0.5,0.311,0.174,0.372,0.372,0.257,0.9,0.297,0.688,0.068,0.446,0.4675,0.273504274
274,2022,Didi Gregorius,32,PHI,63,232,214,1,0.056,0.155,0.093,0.246,0.0431,0.448,0.824,0.633,0.914,0.411,0.638,0.126,0.214,0.824074074,0.028,0.228,0.191,0.399,0.41,0.014,0.344,0.422,0.233,5.1,0.333,0.873,0.076,0.424,0.4405,0.176724138
275,2022,Albert Almora Jr,28,CIN,63,231,212,5,0.069,0.195,0.127,0.264,0.21645,0.388,0.697,0.668,0.876,0.418,0.571,0.111,0.269,0.98816568,0.018,0.254,0.228,0.497,0.275,0.109,0.467,0.349,0.183,4.3,0.302,0.837,0.06,0.426,0.4445,0.186147186
276,2022,Francisco Mejia,26,TBR,71,231,224,6,0.022,0.229,0.152,0.313,0.25974,0.532,0.738,0.681,0.873,0.385,0.658,0.14,0.272,0.774774775,0.035,0.273,0.238,0.407,0.355,0.098,0.459,0.349,0.192,2,0.39,0.754,0.068,0.406,0.4395,0.207792208
277,2022,Matt Reynolds,31,- - -,77,229,207,3,0.087,0.293,0.092,0.348,0.131,0.264,0.631,0.517,0.876,0.403,0.598,0.107,0.33,1.014388489,0.035,0.433,0.227,0.518,0.255,0.083,0.27,0.433,0.298,5.9,0.362,0.583,0.079,0.407,0.4625,0.266375546
278,2022,Juan Yepez,24,STL,62,228,209,11,0.061,0.232,0.206,0.282,0.48246,0.398,0.741,0.598,0.88,0.432,0.649,0.129,0.261,0.808080808,0.1,0.344,0.156,0.35,0.494,0.139,0.506,0.288,0.206,1,0.338,0.877,0.085,0.403,0.469,0.24122807
279,2022,Andrew Knizner,27,STL,75,226,197,1,0.102,0.208,0.056,0.295,0.04425,0.341,0.656,0.659,0.907,0.404,0.655,0.094,0.279,0.892857143,0.02,0.331,0.193,0.42,0.387,0.017,0.377,0.344,0.278,1.8,0.311,0.654,0.061,0.445,0.4415,0.221238938
280,2022,Omar Narvaez,30,MIL,63,226,199,4,0.102,0.204,0.121,0.273,0.17699,0.322,0.765,0.717,0.83,0.407,0.571,0.107,0.225,0.742718447,0.032,0.201,0.209,0.333,0.458,0.057,0.403,0.318,0.279,1.8,0.364,0.785,0.072,0.437,0.4335,0.137168142
281,2022,Victor Reyes,27,DET,65,226,215,1,0.04,0.235,0.088,0.364,0.04425,0.45,0.69,0.724,0.775,0.399,0.575,0.136,0.286,0.847368421,0.049,0.387,0.255,0.447,0.298,0.021,0.426,0.284,0.29,3.6,0.374,0.75,0.07,0.444,0.458,0.278761062
282,2022,Brett Phillips,28,- - -,83,225,201,5,0.071,0.418,0.104,0.233,0.22222,0.247,0.656,0.519,0.699,0.459,0.622,0.155,0.336,0.627218935,0.045,0.286,0.236,0.321,0.443,0.106,0.473,0.321,0.205,5.9,0.321,0.773,0.09,0.416,0.462,0.146666667
283,2022,Manuel Margot,27,TBR,56,222,203,3,0.081,0.171,0.128,0.364,0.13514,0.342,0.736,0.672,0.889,0.389,0.568,0.1,0.238,0.947674419,0.042,0.376,0.239,0.423,0.337,0.055,0.321,0.436,0.242,5.4,0.315,0.75,0.08,0.407,0.4635,0.279279279
284,2022,Kevin Kiermaier,32,TBR,63,221,206,7,0.063,0.276,0.141,0.29,0.31674,0.328,0.751,0.471,0.843,0.439,0.647,0.149,0.278,0.917721519,0.069,0.386,0.2,0.524,0.276,0.175,0.331,0.338,0.331,4.9,0.338,0.797,0.071,0.44,0.4555,0.253393665
285,2022,Lars Nootbaar,24,STL,72,221,182,8,0.154,0.213,0.214,0.282,0.36199,0.244,0.598,0.603,0.818,0.41,0.606,0.102,0.293,1.145299145,0.108,0.446,0.216,0.425,0.358,0.167,0.432,0.367,0.201,6.8,0.324,0.589,0.084,0.432,0.4785,0.280542986
286,2022,Gilberto Celestino,23,MIN,86,220,202,2,0.064,0.223,0.074,0.331,0.09091,0.26,0.683,0.631,0.855,0.462,0.595,0.097,0.282,0.95625,0.026,0.323,0.242,0.588,0.17,0.077,0.335,0.29,0.374,2.7,0.297,0.672,0.07,0.448,0.46,0.227272727
287,2022,Joey Bart,25,SFG,71,220,196,10,0.091,0.377,0.173,0.34,0.45455,0.328,0.668,0.488,0.751,0.423,0.655,0.167,0.345,0.725490196,0.097,0.434,0.225,0.432,0.342,0.263,0.558,0.204,0.239,2.8,0.345,0.677,0.075,0.441,0.463,0.222727273
288,2022,Jonathan Villar,31,- - -,59,220,202,3,0.068,0.268,0.094,0.275,0.13636,0.34,0.757,0.597,0.762,0.393,0.614,0.154,0.268,0.87195122,0.027,0.397,0.175,0.601,0.224,0.094,0.301,0.452,0.247,7.3,0.247,0.855,0.071,0.436,0.4615,0.268181818
289,2022,Kevin Newman,28,PIT,53,220,206,1,0.05,0.168,0.107,0.32,0.04545,0.356,0.634,0.778,0.932,0.417,0.677,0.064,0.269,1.12,0.018,0.276,0.25,0.44,0.31,0.019,0.418,0.359,0.224,5.6,0.318,0.688,0.082,0.465,0.4415,0.213636364
290,2022,Leody Taveras,23,TEX,63,219,200,3,0.068,0.251,0.125,0.379,0.13699,0.337,0.708,0.561,0.835,0.411,0.662,0.135,0.284,1.04379562,0.047,0.405,0.21,0.413,0.378,0.056,0.345,0.392,0.264,6,0.284,0.82,0.077,0.418,0.4545,0.273972603
291,2022,Cavan Biggio,27,TOR,68,217,183,3,0.134,0.276,0.148,0.306,0.13825,0.207,0.636,0.604,0.832,0.445,0.59,0.093,0.294,0.773584906,0.08,0.344,0.22,0.358,0.423,0.058,0.456,0.32,0.224,5.3,0.408,0.815,0.07,0.45,0.458,0.198156682
292,2022,Christian Arroyo,27,BOS,64,217,201,5,0.051,0.152,0.139,0.323,0.23041,0.399,0.767,0.703,0.92,0.426,0.664,0.094,0.217,0.918478261,0.076,0.441,0.207,0.473,0.32,0.093,0.312,0.441,0.247,5.2,0.341,0.81,0.076,0.442,0.4775,0.34562212
293,2022,Jose Siri,26,- - -,69,217,200,3,0.06,0.359,0.11,0.292,0.13825,0.377,0.699,0.5,0.772,0.409,0.664,0.177,0.344,0.772151899,0.057,0.374,0.205,0.426,0.369,0.067,0.382,0.35,0.268,8.5,0.358,0.722,0.085,0.393,0.4615,0.211981567
294,2022,Adam Engel,30,CHW,93,216,202,2,0.051,0.287,0.099,0.326,0.09259,0.319,0.645,0.5,0.824,0.407,0.662,0.141,0.322,1.138211382,0.007,0.343,0.229,0.4,0.371,0.038,0.414,0.314,0.271,7.2,0.307,0.787,0.072,0.436,0.4485,0.226851852
295,2022,Jarren Duran,25,BOS,56,215,197,3,0.065,0.279,0.147,0.306,0.13953,0.339,0.71,0.56,0.882,0.423,0.605,0.121,0.276,0.700534759,0.08,0.387,0.16,0.504,0.336,0.068,0.35,0.372,0.277,7.6,0.285,0.919,0.073,0.45,0.473,0.251162791
296,2022,Mitch Garver,31,TEX,54,215,188,10,0.107,0.247,0.197,0.228,0.46512,0.271,0.624,0.685,0.829,0.428,0.591,0.094,0.294,0.796511628,0.088,0.387,0.168,0.343,0.489,0.149,0.584,0.219,0.197,2,0.372,0.696,0.084,0.417,0.459,0.246511628
297,2022,Cristian Pache,23,OAK,68,214,201,2,0.051,0.262,0.065,0.21,0.09346,0.311,0.737,0.519,0.819,0.434,0.692,0.142,0.298,1.210084034,0.041,0.435,0.174,0.576,0.25,0.056,0.456,0.381,0.163,3.4,0.252,0.793,0.078,0.418,0.463,0.299065421
298,2022,Ryan Jeffers,25,MIN,60,214,192,7,0.098,0.271,0.161,0.268,0.3271,0.294,0.685,0.687,0.848,0.429,0.668,0.097,0.273,0.715053763,0.148,0.437,0.195,0.346,0.459,0.115,0.437,0.304,0.259,1.3,0.385,0.8,0.074,0.423,0.47,0.275700935
299,2022,Yan Gomes,34,CHC,64,214,204,6,0.028,0.15,0.123,0.232,0.28037,0.394,0.733,0.73,0.909,0.42,0.621,0.09,0.249,1.2,0.034,0.293,0.224,0.454,0.322,0.107,0.437,0.374,0.19,1.2,0.379,0.733,0.084,0.434,0.4565,0.238317757
300,2022,Jake McCarthy,24,ARI,66,212,190,4,0.08,0.212,0.142,0.345,0.18868,0.29,0.724,0.565,0.847,0.452,0.66,0.119,0.255,0.95890411,0.034,0.351,0.229,0.5,0.271,0.105,0.345,0.412,0.243,6.9,0.311,0.906,0.082,0.415,0.452,0.25
301,2022,Evan Longoria,36,SFG,62,211,185,12,0.104,0.265,0.238,0.303,0.56872,0.297,0.653,0.607,0.791,0.4,0.588,0.125,0.297,0.97761194,0.145,0.45,0.198,0.366,0.435,0.211,0.504,0.267,0.229,1.2,0.344,0.707,0.069,0.432,0.4865,0.279620853
302,2022,Kyle Isbel,25,KCR,79,210,196,3,0.038,0.276,0.128,0.285,0.14286,0.317,0.652,0.714,0.893,0.426,0.605,0.081,0.277,0.816568047,0.057,0.461,0.174,0.457,0.37,0.059,0.475,0.298,0.227,8,0.312,0.782,0.068,0.445,0.4765,0.30952381
303,2022,Oscar Gonzalez,24,CLE,52,210,201,5,0.033,0.219,0.174,0.371,0.2381,0.495,0.803,0.642,0.847,0.397,0.681,0.155,0.263,0.764705882,0.077,0.449,0.212,0.5,0.288,0.111,0.429,0.353,0.218,2.3,0.333,0.813,0.082,0.409,0.474,0.338095238
304,2022,Reese McGuire,27,- - -,67,210,192,0,0.033,0.195,0.063,0.331,0,0.389,0.673,0.669,0.926,0.434,0.671,0.095,0.27,0.943396226,0.025,0.238,0.227,0.36,0.413,0,0.352,0.352,0.296,2.2,0.346,0.717,0.081,0.438,0.45,0.185714286
305,2022,Mauricio Dubon,27,- - -,77,206,188,4,0.058,0.092,0.101,0.219,0.19417,0.394,0.756,0.804,0.903,0.446,0.694,0.076,0.214,1.048780488,0.029,0.286,0.157,0.401,0.442,0.053,0.366,0.429,0.206,3.3,0.274,0.833,0.077,0.426,0.441,0.242718447
306,2022,Nick Allen,23,OAK,65,205,189,3,0.068,0.185,0.09,0.236,0.14634,0.333,0.702,0.642,0.885,0.41,0.644,0.104,0.256,1.05,0.013,0.257,0.156,0.537,0.306,0.067,0.309,0.349,0.342,2.4,0.257,0.807,0.076,0.442,0.432,0.190243902
307,2022,Oneil Cruz,23,PIT,52,205,191,10,0.063,0.385,0.199,0.272,0.4878,0.374,0.536,0.481,0.811,0.382,0.59,0.158,0.375,1.036697248,0.133,0.434,0.168,0.504,0.327,0.27,0.442,0.336,0.221,5.4,0.283,0.667,0.06,0.448,0.481,0.243902439
308,2022,Alfonso Rivas,25,CHC,71,201,177,3,0.1,0.313,0.085,0.336,0.14925,0.268,0.606,0.551,0.88,0.431,0.597,0.1,0.32,0.775510204,0.043,0.362,0.263,0.526,0.211,0.125,0.362,0.353,0.284,4.9,0.353,0.793,0.07,0.419,0.4555,0.208955224
309,2022,Dylan Moore,29,SEA,86,201,160,5,0.134,0.308,0.169,0.298,0.24876,0.205,0.634,0.63,0.812,0.417,0.567,0.094,0.301,0.597560976,0.139,0.366,0.153,0.316,0.531,0.096,0.43,0.3,0.27,8.3,0.38,0.765,0.075,0.424,0.4675,0.184079602
310,2022,Vinnie Pasquantino,24,KCR,49,200,175,8,0.11,0.135,0.171,0.27,0.4,0.291,0.692,0.76,0.921,0.412,0.6,0.064,0.233,1.138461538,0.107,0.497,0.169,0.412,0.419,0.129,0.409,0.349,0.242,0.6,0.309,0.765,0.072,0.418,0.4615,0.37