Unnamed: 0,Name,Team,Age,G,PA,AB,AVG,OBP,SLG,OPS,K%,BB%,BABIP,HR,ISO,HBP,SF,O-Swing%,O-Contact%,Z-Swing%,Z-Contact%,Zone%,F-Strike%,SwStr%,CSW%,Fair/Foul ratio,LD%,GB%,FB%,Barrel%,HardHit%,HR/FB,Pull%,Cent%,Oppo%,Spd,LDFB_EV,SweetSpot%,M-Swing%,Meat%,Edge%,LA
0,Aaron Judge,NYY,30,150,667,548,0.314,0.425,0.693,1.119,0.25,0.157,0.344,60,0.38,5,5,0.269,0.521,0.673,0.855,0.387,0.586,0.117,0.289,0.816067653,0.194,0.368,0.438,0.269,0.608,0.355,0.472,0.321,0.207,4.1,0.5015,0.394,0.764,0.069,0.425,14.9
1,Yordan Alvarez,HOU,25,129,538,448,0.304,0.407,0.614,1.021,0.186,0.143,0.311,37,0.31,6,7,0.27,0.632,0.666,0.897,0.384,0.53,0.088,0.254,1.002824859,0.214,0.394,0.392,0.211,0.6,0.266,0.389,0.4,0.211,3,0.492,0.403,0.772,0.064,0.407,12
2,Paul Goldschmidt,STL,34,146,635,547,0.318,0.404,0.585,0.989,0.216,0.121,0.367,35,0.267,5,4,0.278,0.678,0.615,0.82,0.411,0.598,0.098,0.294,0.974117647,0.188,0.396,0.415,0.118,0.471,0.203,0.377,0.365,0.258,3.6,0.4785,0.321,0.661,0.068,0.432,16.2
3,Mike Trout,LAA,30,112,468,411,0.275,0.361,0.613,0.974,0.284,0.107,0.314,37,0.338,6,1,0.263,0.608,0.678,0.794,0.414,0.553,0.118,0.293,0.799426934,0.19,0.24,0.57,0.197,0.505,0.233,0.423,0.305,0.272,3.7,0.474,0.38,0.693,0.069,0.441,25
4,Joey Meneses,WSN,30,48,208,193,0.326,0.365,0.575,0.941,0.221,0.058,0.372,12,0.249,1,2,0.336,0.678,0.675,0.852,0.448,0.668,0.105,0.286,0.937106918,0.268,0.443,0.289,0.101,0.483,0.279,0.409,0.342,0.248,2.5,0.4775,0.396,0.625,0.08,0.396,9.3
5,Jose Altuve,HOU,32,135,586,510,0.298,0.387,0.531,0.919,0.147,0.111,0.312,28,0.233,10,1,0.312,0.77,0.65,0.909,0.368,0.618,0.067,0.24,1.00968523,0.204,0.408,0.388,0.08,0.301,0.173,0.515,0.32,0.165,5.1,0.4555,0.355,0.669,0.08,0.394,16.3
6,Freddie Freeman,LAD,32,151,674,584,0.327,0.407,0.515,0.922,0.144,0.116,0.361,20,0.188,5,7,0.318,0.756,0.76,0.878,0.401,0.592,0.083,0.204,0.844444444,0.285,0.385,0.33,0.101,0.482,0.123,0.362,0.336,0.302,4.8,0.474,0.441,0.897,0.067,0.435,13.5
7,Nolan Arenado,STL,31,144,608,546,0.293,0.359,0.537,0.895,0.117,0.084,0.29,30,0.244,7,4,0.358,0.723,0.68,0.907,0.386,0.609,0.085,0.241,1.103686636,0.209,0.292,0.499,0.079,0.386,0.126,0.48,0.328,0.192,2.6,0.464,0.355,0.707,0.065,0.409,22
8,Bryce Harper,PHI,29,91,391,339,0.292,0.371,0.54,0.911,0.21,0.11,0.331,18,0.248,3,6,0.393,0.611,0.826,0.823,0.367,0.642,0.151,0.241,0.771513353,0.254,0.412,0.335,0.137,0.494,0.207,0.403,0.346,0.251,4.8,0.4815,0.384,0.881,0.056,0.417,12
9,Manny Machado,SDP,29,143,616,551,0.296,0.367,0.532,0.899,0.203,0.101,0.332,31,0.236,1,2,0.339,0.647,0.772,0.856,0.385,0.63,0.116,0.241,0.93654267,0.21,0.374,0.416,0.098,0.491,0.174,0.428,0.322,0.25,4.3,0.4755,0.371,0.863,0.07,0.432,15.8
10,Juan Soto,- - -,23,146,636,498,0.245,0.408,0.458,0.866,0.138,0.209,0.25,26,0.213,4,0,0.196,0.715,0.592,0.894,0.389,0.527,0.059,0.257,1.117486339,0.166,0.469,0.364,0.122,0.474,0.174,0.38,0.383,0.237,3.6,0.486,0.288,0.719,0.067,0.411,9.3
11,Eloy Jimenez,CHW,25,78,306,272,0.305,0.369,0.511,0.88,0.209,0.088,0.345,15,0.206,3,4,0.351,0.618,0.726,0.796,0.379,0.624,0.139,0.273,1.184357542,0.16,0.505,0.335,0.156,0.561,0.211,0.373,0.396,0.231,1,0.4885,0.321,0.836,0.066,0.403,7.3
12,Michael Harris II,ATL,21,108,416,392,0.306,0.346,0.536,0.882,0.24,0.046,0.37,19,0.23,5,0,0.421,0.601,0.685,0.86,0.401,0.558,0.139,0.292,0.926751592,0.175,0.57,0.254,0.106,0.442,0.257,0.363,0.401,0.236,7.7,0.479,0.336,0.8,0.067,0.443,3.8
13,Austin Riley,ATL,25,153,668,594,0.276,0.35,0.534,0.884,0.24,0.081,0.317,37,0.258,16,4,0.347,0.576,0.774,0.857,0.402,0.63,0.132,0.253,0.811111111,0.237,0.37,0.393,0.16,0.507,0.215,0.406,0.349,0.244,3,0.4885,0.381,0.845,0.071,0.414,13.4
14,Shohei Ohtani,LAA,27,149,631,553,0.273,0.358,0.532,0.89,0.238,0.113,0.315,34,0.259,4,3,0.318,0.629,0.742,0.821,0.406,0.599,0.124,0.261,0.837837838,0.196,0.414,0.39,0.17,0.493,0.217,0.372,0.347,0.281,5,0.4865,0.347,0.862,0.069,0.444,12.6
15,Mookie Betts,LAD,29,135,611,546,0.267,0.339,0.535,0.874,0.16,0.087,0.266,35,0.267,8,4,0.26,0.678,0.694,0.939,0.417,0.62,0.066,0.24,1.066037736,0.177,0.338,0.485,0.097,0.44,0.16,0.456,0.33,0.215,6.1,0.4725,0.358,0.785,0.074,0.437,18.8
16,Andres Gimenez,CLE,23,139,527,465,0.305,0.377,0.484,0.861,0.19,0.063,0.356,17,0.178,22,3,0.407,0.658,0.698,0.847,0.396,0.628,0.126,0.275,0.87254902,0.211,0.455,0.334,0.065,0.374,0.143,0.406,0.363,0.231,5.8,0.4615,0.32,0.698,0.072,0.416,12
17,Rafael Devers,BOS,25,134,589,535,0.293,0.355,0.523,0.878,0.19,0.076,0.327,27,0.23,7,2,0.407,0.658,0.773,0.802,0.386,0.615,0.144,0.253,0.979214781,0.198,0.422,0.38,0.113,0.508,0.168,0.341,0.4,0.259,3.1,0.4825,0.327,0.881,0.075,0.413,11.7
18,William Contreras,ATL,24,91,357,317,0.278,0.353,0.511,0.864,0.275,0.104,0.338,20,0.233,1,2,0.314,0.558,0.655,0.778,0.396,0.616,0.141,0.317,0.965065502,0.158,0.529,0.312,0.136,0.466,0.29,0.412,0.371,0.217,3.4,0.485,0.33,0.767,0.062,0.412,5.6
19,Nathaniel Lowe,TEX,26,148,611,563,0.304,0.358,0.492,0.85,0.226,0.072,0.365,25,0.188,4,0,0.349,0.665,0.751,0.866,0.434,0.624,0.11,0.24,0.75177305,0.224,0.476,0.3,0.094,0.447,0.197,0.327,0.369,0.304,2.7,0.4665,0.339,0.831,0.074,0.443,8.3
20,Joc Pederson,SFG,30,127,408,361,0.269,0.343,0.515,0.858,0.24,0.088,0.303,23,0.247,7,4,0.317,0.617,0.678,0.891,0.4,0.564,0.102,0.264,0.857142857,0.186,0.36,0.455,0.154,0.528,0.192,0.375,0.363,0.262,3.2,0.4815,0.333,0.779,0.071,0.414,14.9
21,Pete Alonso,NYM,27,154,661,578,0.27,0.348,0.524,0.872,0.188,0.094,0.274,40,0.254,12,9,0.363,0.676,0.747,0.88,0.361,0.554,0.108,0.24,0.942973523,0.197,0.365,0.438,0.127,0.449,0.197,0.449,0.311,0.24,2.9,0.472,0.346,0.838,0.056,0.439,18.1
22,Xander Bogaerts,BOS,29,144,610,538,0.31,0.38,0.459,0.839,0.189,0.09,0.368,14,0.149,10,7,0.316,0.655,0.663,0.842,0.403,0.605,0.107,0.292,1.048780488,0.219,0.463,0.319,0.065,0.402,0.102,0.402,0.349,0.249,3.5,0.46,0.302,0.687,0.075,0.435,10.2
23,Jazz Chisholm Jr.,MIA,24,60,241,213,0.254,0.325,0.535,0.86,0.274,0.087,0.294,14,0.282,3,3,0.307,0.587,0.677,0.778,0.427,0.593,0.137,0.301,0.890909091,0.218,0.374,0.408,0.166,0.457,0.233,0.5,0.313,0.187,7.9,0.461,0.273,0.641,0.072,0.41,4
24,Albert Pujols,STL,42,104,337,295,0.261,0.335,0.519,0.854,0.16,0.077,0.248,21,0.258,10,6,0.369,0.688,0.658,0.916,0.397,0.605,0.091,0.258,0.904761905,0.166,0.381,0.453,0.113,0.474,0.188,0.53,0.287,0.182,1.3,0.4805,0.332,0.708,0.067,0.431,16.7
25,Yandy Diaz,TBR,30,134,550,466,0.292,0.398,0.418,0.817,0.105,0.14,0.318,9,0.127,6,1,0.231,0.74,0.658,0.933,0.428,0.518,0.053,0.233,1.142458101,0.188,0.494,0.318,0.046,0.482,0.069,0.303,0.379,0.318,2.2,0.475,0.306,0.734,0.083,0.42,7.8
26,Jose Ramirez,CLE,29,150,655,573,0.277,0.354,0.515,0.869,0.119,0.102,0.275,28,0.237,6,9,0.32,0.786,0.681,0.921,0.388,0.518,0.063,0.218,0.936802974,0.173,0.317,0.51,0.065,0.371,0.109,0.468,0.327,0.204,5.4,0.457,0.341,0.702,0.064,0.435,20.8
27,Julio Rodriguez,SEA,21,129,549,500,0.28,0.342,0.502,0.844,0.26,0.073,0.341,27,0.222,8,1,0.371,0.582,0.713,0.818,0.382,0.645,0.145,0.292,0.959785523,0.182,0.458,0.36,0.131,0.506,0.209,0.413,0.352,0.235,6.2,0.4815,0.327,0.783,0.063,0.44,10.2
28,Alex Bregman,HOU,28,148,629,524,0.263,0.37,0.462,0.832,0.119,0.134,0.265,22,0.198,11,10,0.215,0.745,0.692,0.917,0.387,0.561,0.056,0.226,1.214285714,0.192,0.331,0.477,0.076,0.375,0.1,0.475,0.333,0.192,2,0.4625,0.368,0.756,0.069,0.427,19.4
29,Carlos Correa,MIN,27,129,560,495,0.289,0.364,0.467,0.831,0.204,0.104,0.335,21,0.178,3,4,0.307,0.682,0.645,0.881,0.402,0.582,0.089,0.274,0.895348837,0.2,0.426,0.374,0.114,0.439,0.146,0.418,0.387,0.195,1.8,0.475,0.361,0.703,0.072,0.422,11.3
30,Anthony Rizzo,NYY,32,125,527,447,0.228,0.342,0.494,0.836,0.184,0.108,0.219,32,0.266,21,2,0.322,0.654,0.653,0.884,0.408,0.565,0.097,0.265,0.923684211,0.174,0.325,0.501,0.111,0.409,0.182,0.486,0.301,0.213,3.7,0.467,0.341,0.689,0.073,0.42,19.7
31,Willson Contreras,CHC,30,108,465,398,0.246,0.351,0.47,0.82,0.211,0.09,0.274,21,0.224,23,2,0.355,0.582,0.74,0.826,0.39,0.652,0.141,0.267,0.893491124,0.159,0.507,0.334,0.106,0.477,0.208,0.444,0.311,0.245,4.2,0.4845,0.301,0.78,0.071,0.415,8.9
32,Jose Abreu,CHW,35,151,655,581,0.303,0.376,0.442,0.818,0.166,0.092,0.349,15,0.139,10,4,0.337,0.662,0.663,0.885,0.415,0.574,0.098,0.266,0.926070039,0.206,0.479,0.315,0.09,0.519,0.1,0.376,0.368,0.256,1.5,0.4735,0.347,0.735,0.083,0.42,8.1
33,Trayce Thompson,- - -,31,75,237,205,0.244,0.338,0.493,0.83,0.371,0.118,0.355,12,0.249,2,2,0.283,0.469,0.671,0.774,0.407,0.65,0.151,0.321,0.636363636,0.303,0.303,0.395,0.16,0.487,0.255,0.555,0.294,0.151,4.7,0.4825,0.445,0.628,0.074,0.431,17.2
34,Jeff McNeil,NYM,30,141,562,508,0.319,0.375,0.439,0.814,0.109,0.068,0.348,7,0.12,11,5,0.34,0.794,0.784,0.896,0.433,0.594,0.075,0.192,0.969762419,0.234,0.419,0.347,0.024,0.299,0.045,0.346,0.401,0.253,3.4,0.464,0.369,0.884,0.069,0.421,13.6
35,J.T. Realmuto,PHI,31,132,534,477,0.277,0.345,0.48,0.825,0.206,0.077,0.316,21,0.203,11,5,0.347,0.671,0.695,0.84,0.41,0.573,0.113,0.268,0.905109489,0.188,0.444,0.368,0.113,0.47,0.153,0.39,0.333,0.277,6.9,0.4645,0.345,0.596,0.077,0.401,9.6
36,Taylor Ward,LAA,28,127,531,463,0.274,0.358,0.458,0.816,0.218,0.111,0.32,21,0.184,4,5,0.233,0.645,0.648,0.876,0.417,0.589,0.082,0.284,0.994350282,0.21,0.352,0.438,0.116,0.418,0.136,0.401,0.355,0.244,3.7,0.492,0.355,0.806,0.073,0.411,11.7
37,Byron Buxton,MIN,28,92,382,340,0.224,0.306,0.526,0.833,0.304,0.089,0.244,28,0.303,7,1,0.311,0.496,0.678,0.806,0.427,0.56,0.146,0.305,0.842696629,0.182,0.307,0.511,0.164,0.502,0.243,0.582,0.249,0.169,6.5,0.487,0.342,0.832,0.082,0.414,21.4
38,Vinnie Pasquantino,KCR,24,64,263,227,0.278,0.369,0.441,0.809,0.122,0.118,0.287,9,0.163,3,2,0.286,0.736,0.696,0.923,0.401,0.601,0.067,0.232,1.225,0.168,0.423,0.408,0.096,0.477,0.113,0.416,0.355,0.228,0.4,0.461,0.32,0.771,0.076,0.416,12.5
39,Starling Marte,NYM,33,118,505,466,0.292,0.347,0.468,0.814,0.192,0.051,0.34,16,0.176,13,0,0.36,0.656,0.685,0.876,0.41,0.628,0.108,0.274,0.98655914,0.221,0.49,0.289,0.068,0.339,0.151,0.425,0.336,0.238,6.5,0.4595,0.385,0.795,0.066,0.448,7.5
40,Will Smith,LAD,27,131,552,482,0.263,0.35,0.471,0.821,0.159,0.101,0.277,23,0.207,10,4,0.249,0.76,0.664,0.872,0.424,0.596,0.07,0.256,0.977886978,0.216,0.309,0.475,0.103,0.422,0.122,0.379,0.364,0.256,3.1,0.469,0.374,0.737,0.084,0.406,18.6
41,Trea Turner,LAD,29,152,674,620,0.302,0.347,0.474,0.821,0.178,0.064,0.344,20,0.173,3,6,0.365,0.615,0.746,0.858,0.391,0.635,0.127,0.268,1.016064257,0.217,0.429,0.354,0.075,0.419,0.112,0.453,0.33,0.217,6.3,0.46,0.354,0.823,0.072,0.413,10.1
42,Kyle Tucker,HOU,25,143,587,522,0.262,0.337,0.487,0.824,0.155,0.101,0.267,29,0.224,1,2,0.303,0.663,0.841,0.889,0.412,0.608,0.099,0.193,0.863727455,0.186,0.339,0.476,0.103,0.415,0.141,0.397,0.372,0.231,4.9,0.467,0.346,0.901,0.06,0.435,19.3
43,Alejandro Kirk,TOR,23,134,525,456,0.292,0.377,0.425,0.803,0.105,0.116,0.304,14,0.134,4,4,0.263,0.779,0.623,0.908,0.41,0.598,0.058,0.256,1.167146974,0.188,0.501,0.311,0.069,0.452,0.111,0.353,0.348,0.299,1.1,0.4705,0.321,0.705,0.068,0.416,8.3
44,Adley Rutschman,BAL,24,106,443,377,0.255,0.359,0.448,0.807,0.181,0.133,0.289,13,0.194,4,3,0.252,0.728,0.649,0.915,0.396,0.54,0.063,0.257,0.849858357,0.24,0.38,0.38,0.08,0.37,0.114,0.45,0.353,0.197,4.3,0.465,0.36,0.764,0.065,0.416,15.3
45,Danny Jansen,TOR,27,66,224,194,0.253,0.335,0.49,0.825,0.17,0.103,0.245,13,0.237,3,4,0.257,0.667,0.698,0.863,0.435,0.594,0.09,0.262,1.059602649,0.138,0.35,0.513,0.138,0.475,0.159,0.531,0.313,0.156,2.6,0.479,0.331,0.72,0.087,0.427,22.3
46,Vladimir Guerrero Jr.,TOR,23,154,680,616,0.276,0.34,0.477,0.817,0.165,0.081,0.294,30,0.201,6,3,0.344,0.646,0.734,0.872,0.394,0.591,0.111,0.256,1.097402597,0.176,0.525,0.3,0.112,0.505,0.197,0.394,0.381,0.225,3.1,0.4915,0.278,0.809,0.065,0.421,4.2
47,Brandon Drury,- - -,29,130,537,491,0.261,0.317,0.501,0.818,0.218,0.065,0.286,28,0.24,7,4,0.326,0.709,0.651,0.889,0.415,0.609,0.085,0.269,0.913043478,0.19,0.407,0.402,0.108,0.421,0.184,0.476,0.296,0.228,3.6,0.464,0.349,0.757,0.066,0.415,13.8
48,Travis d'Arnaud,ATL,33,101,403,374,0.273,0.325,0.484,0.809,0.206,0.047,0.308,18,0.211,10,0,0.388,0.644,0.713,0.832,0.421,0.648,0.13,0.279,0.906542056,0.189,0.454,0.357,0.079,0.388,0.173,0.45,0.302,0.247,2.5,0.461,0.34,0.726,0.087,0.437,11.5
49,George Springer,TOR,32,128,563,494,0.263,0.34,0.47,0.81,0.176,0.094,0.282,24,0.206,7,5,0.301,0.587,0.786,0.817,0.423,0.615,0.132,0.248,1.017811705,0.175,0.45,0.375,0.084,0.421,0.16,0.494,0.281,0.226,6.3,0.467,0.313,0.863,0.072,0.421,13.7
50,Rhys Hoskins,PHI,29,148,636,558,0.249,0.335,0.471,0.807,0.248,0.107,0.294,29,0.222,6,3,0.256,0.573,0.639,0.863,0.425,0.58,0.1,0.29,0.859275053,0.226,0.355,0.419,0.114,0.443,0.172,0.462,0.318,0.221,2.9,0.4715,0.375,0.74,0.07,0.44,18.1
51,Bryan Reynolds,PIT,27,139,586,518,0.264,0.346,0.463,0.81,0.232,0.092,0.31,26,0.199,12,2,0.354,0.554,0.746,0.882,0.384,0.625,0.131,0.263,0.878718535,0.221,0.432,0.346,0.076,0.424,0.195,0.401,0.354,0.245,4.5,0.4645,0.357,0.849,0.067,0.437,11.7
52,Eugenio Suarez,SEA,30,143,598,514,0.233,0.334,0.467,0.801,0.311,0.12,0.296,31,0.233,8,4,0.244,0.493,0.658,0.794,0.414,0.607,0.129,0.312,0.871391076,0.196,0.331,0.473,0.151,0.425,0.197,0.449,0.304,0.247,2.1,0.4715,0.364,0.741,0.078,0.417,20.7
53,Francisco Lindor,NYM,28,154,677,601,0.275,0.346,0.456,0.802,0.185,0.087,0.306,25,0.181,10,7,0.336,0.667,0.686,0.886,0.395,0.582,0.098,0.253,0.892592593,0.178,0.429,0.392,0.085,0.414,0.132,0.433,0.321,0.246,5.6,0.4675,0.296,0.761,0.066,0.432,13.9
54,Brendan Donovan,STL,25,119,439,368,0.28,0.39,0.38,0.771,0.153,0.128,0.329,5,0.101,12,2,0.235,0.726,0.569,0.931,0.428,0.576,0.054,0.28,1.016835017,0.235,0.533,0.232,0.036,0.362,0.071,0.355,0.345,0.299,2.8,0.456,0.319,0.642,0.08,0.428,5.8
55,Lars Nootbaar,STL,24,101,321,267,0.228,0.343,0.457,0.8,0.202,0.15,0.244,14,0.228,1,5,0.248,0.654,0.587,0.832,0.413,0.617,0.091,0.291,1.147727273,0.178,0.446,0.376,0.116,0.464,0.184,0.43,0.357,0.213,5.8,0.48,0.29,0.6,0.075,0.441,10.4
56,Justin Turner,LAD,37,125,521,457,0.28,0.353,0.444,0.797,0.165,0.096,0.314,13,0.164,6,8,0.31,0.735,0.724,0.868,0.41,0.572,0.087,0.235,0.849775785,0.251,0.317,0.433,0.082,0.404,0.079,0.364,0.34,0.296,2.8,0.461,0.406,0.789,0.079,0.438,18.5
57,Hunter Renfroe,MIL,30,118,493,447,0.253,0.315,0.492,0.807,0.237,0.077,0.279,28,0.239,4,3,0.342,0.632,0.668,0.837,0.398,0.588,0.119,0.285,0.948571429,0.172,0.361,0.467,0.114,0.446,0.181,0.434,0.335,0.231,2.2,0.472,0.326,0.727,0.066,0.412,18
58,Luis Arraez,MIN,25,139,581,528,0.313,0.37,0.419,0.789,0.072,0.081,0.326,8,0.106,3,3,0.288,0.909,0.629,0.959,0.411,0.509,0.026,0.214,1.081858407,0.26,0.415,0.325,0.035,0.303,0.05,0.311,0.378,0.311,3.1,0.4535,0.38,0.677,0.069,0.44,12.7
59,Mark Canha,NYM,33,133,513,438,0.267,0.37,0.404,0.774,0.179,0.092,0.313,12,0.137,26,2,0.275,0.729,0.631,0.844,0.425,0.634,0.085,0.293,0.925531915,0.198,0.448,0.353,0.049,0.371,0.098,0.42,0.296,0.284,3.1,0.4555,0.319,0.623,0.071,0.428,11.4
60,Daniel Vogelbach,- - -,29,125,445,372,0.234,0.357,0.427,0.785,0.24,0.16,0.281,17,0.194,1,1,0.227,0.698,0.466,0.904,0.4,0.515,0.059,0.318,1.003773585,0.211,0.376,0.414,0.105,0.406,0.155,0.406,0.361,0.233,1.5,0.4675,0.383,0.429,0.069,0.434,16.1
61,Brandon Nimmo,NYM,29,145,647,557,0.268,0.362,0.418,0.78,0.175,0.105,0.312,14,0.151,16,3,0.258,0.688,0.664,0.887,0.44,0.609,0.078,0.259,0.866927593,0.181,0.503,0.316,0.069,0.387,0.1,0.32,0.387,0.293,5.1,0.46,0.28,0.794,0.075,0.434,6.2
62,Anthony Santander,BAL,27,145,619,552,0.25,0.325,0.473,0.798,0.184,0.082,0.257,33,0.223,12,4,0.355,0.711,0.688,0.889,0.385,0.601,0.092,0.257,0.828947368,0.19,0.313,0.497,0.118,0.439,0.151,0.437,0.364,0.199,1.5,0.4705,0.333,0.71,0.071,0.43,21.3
63,Michael Brantley,HOU,35,64,277,243,0.288,0.37,0.416,0.785,0.108,0.112,0.311,5,0.128,1,1,0.256,0.811,0.629,0.926,0.425,0.599,0.048,0.246,1.380645161,0.243,0.444,0.313,0.06,0.451,0.075,0.372,0.419,0.209,2.5,0.46,0.395,0.593,0.081,0.426,10.7
64,Christian Walker,ARI,31,153,635,553,0.235,0.324,0.476,0.8,0.198,0.107,0.237,36,0.241,8,6,0.27,0.574,0.699,0.88,0.405,0.613,0.102,0.261,1.085213033,0.166,0.386,0.448,0.12,0.439,0.186,0.427,0.339,0.233,2.1,0.47,0.33,0.791,0.077,0.426,17.1
65,Jake McCarthy,ARI,24,92,321,289,0.284,0.348,0.439,0.787,0.209,0.072,0.344,8,0.156,6,1,0.33,0.576,0.738,0.844,0.446,0.66,0.129,0.26,0.964285714,0.222,0.491,0.287,0.053,0.351,0.129,0.356,0.404,0.24,7.7,0.4705,0.34,0.752,0.083,0.438,10.7
66,Bo Bichette,TOR,24,153,674,630,0.284,0.328,0.468,0.796,0.224,0.059,0.339,24,0.184,2,2,0.386,0.658,0.802,0.885,0.415,0.662,0.115,0.232,0.801666667,0.208,0.476,0.316,0.1,0.509,0.158,0.295,0.366,0.339,3.7,0.4755,0.337,0.841,0.075,0.428,9
67,Steven Kwan,CLE,24,140,608,535,0.301,0.376,0.402,0.778,0.089,0.1,0.324,6,0.101,6,4,0.233,0.858,0.553,0.955,0.449,0.594,0.029,0.276,1.235294118,0.222,0.429,0.35,0.014,0.205,0.036,0.302,0.357,0.341,6.3,0.437,0.343,0.641,0.082,0.421,11.7
68,Josh Bell,- - -,29,149,626,536,0.267,0.36,0.427,0.787,0.155,0.121,0.294,17,0.16,5,6,0.292,0.72,0.702,0.867,0.393,0.53,0.086,0.235,1.025345622,0.187,0.499,0.315,0.074,0.402,0.121,0.389,0.348,0.263,2.5,0.4635,0.31,0.786,0.06,0.462,8.8
69,C.J. Cron,COL,32,144,609,555,0.265,0.322,0.483,0.805,0.258,0.067,0.316,29,0.218,8,4,0.356,0.653,0.64,0.872,0.418,0.612,0.106,0.285,0.827160494,0.206,0.396,0.398,0.109,0.422,0.181,0.351,0.386,0.264,2.7,0.4685,0.373,0.761,0.078,0.452,13.9
70,Kyle Schwarber,PHI,29,147,635,551,0.212,0.313,0.485,0.798,0.304,0.124,0.236,42,0.272,3,2,0.253,0.578,0.622,0.803,0.414,0.594,0.113,0.307,0.80952381,0.157,0.331,0.513,0.2,0.536,0.23,0.444,0.367,0.189,4.8,0.4965,0.358,0.697,0.064,0.439,19.3
71,Ronald Acuna Jr.,ATL,24,113,507,444,0.27,0.355,0.426,0.781,0.237,0.099,0.337,15,0.155,10,3,0.283,0.669,0.763,0.828,0.406,0.607,0.109,0.249,0.751724138,0.19,0.468,0.343,0.131,0.502,0.134,0.44,0.361,0.199,4.9,0.477,0.343,0.821,0.076,0.427,11.3
72,Randy Arozarena,TBR,27,146,617,562,0.27,0.332,0.457,0.79,0.233,0.068,0.33,20,0.187,11,2,0.332,0.636,0.662,0.806,0.392,0.596,0.124,0.302,1.082474227,0.167,0.507,0.326,0.079,0.412,0.146,0.393,0.379,0.229,5.4,0.476,0.283,0.747,0.068,0.423,8.7
73,Andrew Benintendi,- - -,27,126,521,461,0.304,0.373,0.399,0.772,0.148,0.1,0.352,5,0.095,2,5,0.279,0.734,0.749,0.855,0.431,0.576,0.089,0.22,1.040540541,0.221,0.434,0.345,0.051,0.385,0.038,0.305,0.41,0.285,4.1,0.46,0.392,0.826,0.08,0.423,12.6
74,Ian Happ,CHC,27,150,611,547,0.272,0.342,0.448,0.79,0.237,0.088,0.339,17,0.176,6,4,0.309,0.617,0.742,0.838,0.416,0.566,0.119,0.26,0.815261044,0.202,0.468,0.33,0.067,0.401,0.127,0.433,0.323,0.244,4,0.472,0.296,0.837,0.076,0.453,10.6
75,Harold Ramirez,TBR,27,113,410,379,0.314,0.356,0.425,0.781,0.159,0.046,0.362,6,0.111,8,4,0.445,0.64,0.75,0.876,0.397,0.654,0.134,0.265,0.975460123,0.208,0.528,0.264,0.047,0.409,0.071,0.425,0.39,0.186,2.2,0.457,0.33,0.779,0.064,0.404,4.4
76,Jake Fraley,CIN,27,61,221,193,0.249,0.335,0.451,0.786,0.217,0.104,0.277,10,0.202,3,2,0.267,0.613,0.703,0.84,0.421,0.575,0.107,0.262,0.930379747,0.204,0.442,0.354,0.068,0.279,0.192,0.469,0.293,0.238,4,0.4545,0.311,0.876,0.077,0.419,8
77,J.D. Davis,- - -,29,108,335,292,0.257,0.346,0.432,0.778,0.328,0.104,0.37,11,0.175,6,2,0.287,0.53,0.794,0.706,0.433,0.627,0.178,0.296,0.707692308,0.212,0.457,0.332,0.168,0.565,0.18,0.37,0.38,0.25,3.2,0.492,0.359,0.904,0.077,0.438,11.7
78,Gavin Lux,LAD,24,122,443,394,0.287,0.359,0.416,0.775,0.201,0.104,0.354,6,0.129,0,3,0.264,0.636,0.651,0.87,0.414,0.578,0.091,0.278,1.136531365,0.224,0.481,0.295,0.062,0.399,0.066,0.416,0.37,0.214,6.4,0.4665,0.351,0.77,0.078,0.433,7
79,Keston Hiura,MIL,25,73,245,214,0.229,0.322,0.458,0.78,0.42,0.09,0.357,14,0.229,8,1,0.322,0.481,0.714,0.707,0.394,0.661,0.184,0.343,0.568527919,0.241,0.384,0.375,0.161,0.455,0.333,0.429,0.348,0.223,5.4,0.482,0.411,0.814,0.066,0.435,15.2
80,Ty France,SEA,27,133,581,521,0.274,0.34,0.443,0.783,0.148,0.059,0.293,20,0.169,20,5,0.358,0.681,0.795,0.929,0.388,0.573,0.092,0.215,0.93418259,0.216,0.468,0.316,0.057,0.365,0.144,0.38,0.348,0.273,1.7,0.4565,0.355,0.826,0.063,0.416,10.5
81,Teoscar Hernandez,TOR,29,125,509,474,0.259,0.31,0.473,0.783,0.289,0.065,0.331,22,0.213,2,0,0.334,0.511,0.712,0.797,0.401,0.587,0.155,0.317,0.99695122,0.211,0.443,0.346,0.144,0.532,0.195,0.431,0.318,0.251,3.8,0.458,0.319,0.876,0.065,0.455,8
82,Dylan Moore,SEA,29,97,230,184,0.217,0.364,0.391,0.755,0.296,0.139,0.306,6,0.174,11,1,0.212,0.632,0.623,0.815,0.424,0.596,0.094,0.304,0.630434783,0.172,0.302,0.526,0.134,0.361,0.098,0.449,0.314,0.237,8.1,0.466,0.398,0.759,0.077,0.421,22.4
83,J.D. Martinez,BOS,34,132,570,508,0.272,0.341,0.433,0.774,0.242,0.089,0.345,13,0.161,5,5,0.346,0.583,0.783,0.809,0.394,0.632,0.146,0.265,0.78125,0.227,0.384,0.389,0.122,0.41,0.089,0.333,0.373,0.293,2,0.47,0.419,0.907,0.065,0.413,13.9
84,Oscar Gonzalez,CLE,24,83,349,331,0.29,0.321,0.465,0.786,0.195,0.037,0.335,11,0.175,3,2,0.487,0.649,0.763,0.864,0.391,0.679,0.144,0.269,0.817901235,0.204,0.513,0.283,0.075,0.4,0.147,0.445,0.37,0.185,1.5,0.4695,0.321,0.773,0.067,0.418,5.2
85,Kolten Wong,MIL,31,127,479,416,0.252,0.338,0.435,0.773,0.175,0.088,0.28,15,0.183,14,5,0.249,0.664,0.66,0.883,0.433,0.549,0.081,0.259,0.940509915,0.211,0.413,0.377,0.056,0.363,0.12,0.445,0.298,0.257,6.2,0.4495,0.336,0.719,0.081,0.414,14.4
86,Austin Slater,SFG,29,117,306,259,0.259,0.366,0.386,0.752,0.278,0.127,0.363,5,0.127,6,2,0.284,0.579,0.688,0.787,0.395,0.673,0.13,0.314,0.777272727,0.216,0.538,0.246,0.097,0.392,0.119,0.352,0.415,0.233,6.7,0.473,0.432,0.771,0.067,0.41,5.6
87,Matt Chapman,TOR,29,149,597,519,0.233,0.325,0.445,0.77,0.275,0.107,0.282,27,0.212,9,5,0.232,0.615,0.677,0.796,0.422,0.573,0.11,0.295,0.85106383,0.181,0.336,0.483,0.131,0.508,0.155,0.478,0.344,0.178,2.9,0.4815,0.347,0.77,0.079,0.437,19
88,Dansby Swanson,ATL,28,155,669,615,0.278,0.33,0.439,0.769,0.266,0.07,0.356,22,0.161,3,4,0.315,0.569,0.745,0.804,0.418,0.677,0.14,0.289,0.885542169,0.215,0.376,0.408,0.104,0.458,0.122,0.388,0.356,0.256,4.9,0.472,0.374,0.837,0.079,0.442,16.3
89,Andrew Vaughn,CHW,24,128,533,491,0.277,0.326,0.442,0.768,0.169,0.054,0.307,17,0.165,9,4,0.356,0.697,0.634,0.904,0.416,0.619,0.088,0.288,1.100543478,0.183,0.477,0.341,0.081,0.494,0.123,0.353,0.375,0.272,1.8,0.474,0.341,0.652,0.066,0.444,7.5
90,Sean Murphy,OAK,27,142,588,517,0.251,0.332,0.435,0.767,0.201,0.09,0.29,18,0.184,12,5,0.341,0.675,0.722,0.853,0.402,0.629,0.109,0.257,0.857749469,0.205,0.423,0.371,0.106,0.415,0.12,0.421,0.351,0.228,2.8,0.4775,0.351,0.799,0.076,0.44,11.2
91,Willy Adames,MIL,26,132,584,530,0.242,0.305,0.475,0.78,0.264,0.084,0.278,31,0.234,1,4,0.33,0.593,0.723,0.84,0.41,0.589,0.127,0.274,0.806794055,0.192,0.347,0.461,0.134,0.437,0.177,0.411,0.345,0.245,3.9,0.4745,0.363,0.813,0.073,0.427,18.6
92,Jose Miranda,MIN,24,117,456,421,0.273,0.327,0.437,0.764,0.184,0.057,0.31,15,0.164,8,1,0.373,0.643,0.738,0.882,0.393,0.636,0.115,0.258,0.957507082,0.21,0.423,0.367,0.062,0.414,0.121,0.459,0.314,0.228,1.6,0.4705,0.337,0.833,0.073,0.4,14
93,Isaac Paredes,TBR,23,104,356,311,0.215,0.309,0.46,0.769,0.18,0.11,0.205,20,0.244,4,2,0.259,0.764,0.618,0.907,0.393,0.562,0.06,0.266,0.946768061,0.133,0.414,0.454,0.068,0.378,0.177,0.534,0.273,0.193,1.8,0.4625,0.285,0.696,0.074,0.427,15.9
94,Seiya Suzuki,CHC,27,104,417,372,0.263,0.336,0.433,0.769,0.247,0.091,0.328,13,0.169,4,3,0.261,0.63,0.576,0.884,0.423,0.592,0.084,0.314,1.014925373,0.195,0.397,0.408,0.11,0.401,0.117,0.32,0.371,0.309,4.2,0.4625,0.36,0.65,0.071,0.443,11.4
95,Corey Seager,TEX,28,146,642,573,0.246,0.319,0.457,0.777,0.154,0.089,0.244,32,0.211,7,5,0.347,0.536,0.817,0.883,0.415,0.64,0.134,0.225,1.145933014,0.211,0.401,0.388,0.102,0.457,0.172,0.415,0.349,0.236,3.2,0.4745,0.388,0.92,0.074,0.429,13.6
96,Matt Olson,ATL,28,155,670,590,0.234,0.319,0.454,0.774,0.242,0.107,0.27,29,0.22,4,4,0.326,0.67,0.758,0.789,0.393,0.624,0.128,0.256,0.726812816,0.186,0.394,0.42,0.127,0.502,0.16,0.405,0.373,0.222,1.2,0.48,0.331,0.796,0.067,0.418,16.2
97,Jorge Polanco,MIN,28,104,445,375,0.235,0.346,0.405,0.751,0.213,0.144,0.269,16,0.171,2,4,0.282,0.643,0.64,0.858,0.393,0.521,0.097,0.278,0.823529412,0.218,0.3,0.482,0.102,0.384,0.119,0.489,0.299,0.211,2.3,0.4655,0.377,0.664,0.061,0.441,21.7
98,Juan Yepez,STL,24,69,248,228,0.263,0.306,0.469,0.776,0.222,0.06,0.291,12,0.206,1,4,0.402,0.606,0.747,0.882,0.424,0.657,0.129,0.256,0.823255814,0.158,0.362,0.48,0.096,0.35,0.141,0.486,0.305,0.209,1,0.468,0.345,0.873,0.085,0.4,17.8
99,T.J. Friedl,CIN,26,67,244,213,0.249,0.32,0.455,0.775,0.152,0.074,0.259,8,0.207,7,6,0.27,0.664,0.633,0.897,0.439,0.566,0.079,0.27,1.088607595,0.174,0.32,0.506,0.049,0.308,0.092,0.484,0.291,0.225,7.6,0.4545,0.332,0.771,0.08,0.44,16.7
100,Rowdy Tellez,MIL,27,146,575,508,0.222,0.31,0.469,0.778,0.203,0.104,0.22,34,0.246,5,2,0.306,0.674,0.607,0.862,0.416,0.563,0.093,0.288,1.020779221,0.153,0.394,0.453,0.132,0.461,0.191,0.417,0.392,0.191,1.8,0.4725,0.313,0.685,0.072,0.42,15
101,DJ LeMahieu,NYY,33,120,523,451,0.262,0.358,0.381,0.74,0.134,0.124,0.286,12,0.12,4,2,0.273,0.802,0.542,0.923,0.434,0.633,0.049,0.29,1.140718563,0.181,0.53,0.289,0.055,0.417,0.109,0.253,0.385,0.362,2.9,0.472,0.331,0.607,0.078,0.427,3.3
102,Garrett Cooper,MIA,31,119,469,414,0.261,0.337,0.415,0.752,0.254,0.085,0.34,9,0.155,10,5,0.317,0.641,0.647,0.879,0.411,0.648,0.099,0.295,0.842696629,0.263,0.443,0.293,0.107,0.433,0.102,0.393,0.33,0.277,1.8,0.472,0.39,0.771,0.07,0.411,8.8
103,Gleyber Torres,NYY,25,138,563,517,0.257,0.311,0.453,0.764,0.224,0.069,0.295,24,0.195,3,3,0.311,0.62,0.748,0.824,0.412,0.638,0.124,0.267,0.946987952,0.183,0.361,0.455,0.106,0.446,0.134,0.372,0.332,0.296,4.1,0.473,0.359,0.765,0.074,0.411,17.3
104,Daulton Varsho,ARI,25,144,564,505,0.24,0.307,0.455,0.762,0.243,0.08,0.272,27,0.216,6,5,0.341,0.676,0.687,0.827,0.448,0.622,0.114,0.275,0.747933884,0.155,0.398,0.448,0.104,0.354,0.167,0.547,0.288,0.165,5.4,0.4705,0.333,0.778,0.069,0.439,15
105,Josh Naylor,CLE,25,117,478,431,0.255,0.318,0.448,0.766,0.157,0.075,0.266,19,0.193,6,5,0.375,0.734,0.748,0.89,0.374,0.594,0.093,0.218,1.02266289,0.177,0.49,0.332,0.086,0.424,0.158,0.452,0.343,0.205,2.9,0.448,0.312,0.737,0.083,0.434,14.2
106,Nick Gordon,MIN,26,131,412,377,0.276,0.323,0.438,0.76,0.243,0.046,0.349,9,0.162,9,4,0.429,0.607,0.8,0.831,0.431,0.663,0.154,0.261,0.816860465,0.242,0.406,0.352,0.099,0.447,0.091,0.401,0.331,0.268,4.9,0.476,0.366,0.863,0.066,0.435,12.9
107,Seth Brown,OAK,29,142,521,471,0.234,0.305,0.456,0.762,0.267,0.088,0.276,25,0.223,3,1,0.331,0.539,0.702,0.858,0.404,0.616,0.131,0.284,0.840506329,0.202,0.358,0.44,0.138,0.42,0.171,0.429,0.336,0.234,4.4,0.474,0.357,0.769,0.071,0.43,15.7
108,Lourdes Gurriel Jr.,TOR,28,121,493,453,0.291,0.343,0.4,0.743,0.168,0.063,0.346,5,0.108,6,2,0.334,0.69,0.699,0.876,0.416,0.647,0.097,0.265,1.065902579,0.237,0.446,0.317,0.038,0.453,0.042,0.379,0.344,0.277,2.7,0.4665,0.347,0.727,0.075,0.429,10.9
109,Nico Hoerner,CHC,25,127,485,452,0.288,0.334,0.416,0.75,0.109,0.054,0.309,9,0.128,6,1,0.353,0.776,0.673,0.936,0.417,0.641,0.064,0.247,1.227692308,0.216,0.459,0.326,0.025,0.328,0.069,0.37,0.33,0.3,6.1,0.4505,0.335,0.675,0.073,0.426,10.9
110,Ryan McMahon,COL,27,146,573,506,0.245,0.328,0.413,0.741,0.265,0.103,0.311,19,0.168,5,3,0.284,0.594,0.656,0.835,0.441,0.644,0.112,0.284,0.740041929,0.232,0.436,0.331,0.104,0.462,0.162,0.367,0.339,0.294,4.3,0.4755,0.373,0.778,0.073,0.443,10.9
111,Christian Yelich,MIL,30,146,639,549,0.253,0.354,0.379,0.733,0.239,0.128,0.329,12,0.126,5,2,0.259,0.573,0.678,0.889,0.405,0.552,0.096,0.268,0.838983051,0.189,0.586,0.225,0.08,0.489,0.135,0.351,0.348,0.301,6.1,0.4775,0.306,0.724,0.071,0.412,3.4
112,Christopher Morel,CHC,23,106,401,357,0.238,0.312,0.437,0.749,0.324,0.09,0.327,15,0.199,3,2,0.333,0.555,0.727,0.686,0.416,0.678,0.181,0.325,0.86259542,0.181,0.496,0.323,0.138,0.397,0.205,0.461,0.371,0.168,6.1,0.4775,0.306,0.847,0.081,0.44,8.9
113,Gio Urshela,MIN,30,136,519,472,0.278,0.329,0.422,0.751,0.173,0.073,0.316,12,0.144,2,7,0.396,0.733,0.719,0.878,0.414,0.638,0.098,0.244,0.906759907,0.224,0.427,0.35,0.069,0.378,0.088,0.355,0.386,0.26,3.2,0.461,0.38,0.803,0.08,0.419,11.9
114,Adolis Garcia,TEX,29,147,623,572,0.252,0.303,0.455,0.758,0.276,0.064,0.312,25,0.203,5,6,0.408,0.593,0.756,0.772,0.373,0.629,0.168,0.295,0.835051546,0.195,0.402,0.402,0.123,0.466,0.153,0.414,0.372,0.214,7,0.4805,0.369,0.767,0.066,0.417,13.6
115,Thairo Estrada,SFG,26,133,515,465,0.267,0.327,0.415,0.742,0.167,0.06,0.297,14,0.148,13,5,0.356,0.687,0.691,0.907,0.396,0.629,0.093,0.257,1.056022409,0.204,0.501,0.294,0.044,0.306,0.126,0.444,0.332,0.223,5.7,0.4635,0.375,0.774,0.073,0.44,3.3
116,Evan Longoria,SFG,36,85,285,255,0.243,0.316,0.435,0.751,0.274,0.091,0.299,12,0.192,2,2,0.297,0.607,0.651,0.795,0.417,0.593,0.124,0.298,0.967567568,0.218,0.363,0.419,0.117,0.458,0.16,0.475,0.285,0.24,0.9,0.482,0.335,0.75,0.071,0.437,18.3
117,Donovan Solano,CIN,34,73,280,257,0.292,0.343,0.397,0.74,0.193,0.061,0.353,4,0.105,4,2,0.361,0.685,0.665,0.905,0.436,0.636,0.092,0.285,0.879828326,0.273,0.434,0.293,0.059,0.395,0.067,0.351,0.38,0.268,0.8,0.462,0.371,0.795,0.077,0.413,11.2
118,Nick Fortes,MIA,25,66,217,196,0.25,0.323,0.413,0.736,0.189,0.074,0.279,8,0.163,5,0,0.301,0.645,0.659,0.891,0.411,0.562,0.092,0.264,1.270491803,0.161,0.413,0.426,0.065,0.368,0.121,0.439,0.31,0.252,5.8,0.4635,0.29,0.746,0.081,0.422,15.7
119,Rodolfo Castro,PIT,23,64,253,231,0.238,0.3,0.45,0.751,0.273,0.075,0.289,11,0.212,2,1,0.313,0.497,0.699,0.798,0.42,0.565,0.151,0.309,1.095890411,0.181,0.463,0.356,0.074,0.362,0.193,0.442,0.294,0.264,5.3,0.4745,0.264,0.779,0.072,0.44,12.5
120,Luis Robert,CHW,24,98,401,380,0.284,0.319,0.426,0.746,0.192,0.042,0.329,12,0.142,3,1,0.483,0.626,0.841,0.878,0.368,0.671,0.152,0.243,0.947040498,0.22,0.451,0.329,0.089,0.424,0.12,0.372,0.349,0.28,4.6,0.467,0.326,0.907,0.056,0.43,10
121,Orlando Arcia,ATL,27,61,209,186,0.242,0.316,0.425,0.741,0.215,0.091,0.269,9,0.183,2,2,0.309,0.531,0.632,0.882,0.416,0.608,0.116,0.298,1.173553719,0.162,0.472,0.366,0.077,0.427,0.173,0.434,0.343,0.224,1.1,0.468,0.301,0.704,0.067,0.44,10.7
122,Seby Zavala,CHW,28,61,205,178,0.27,0.347,0.382,0.729,0.312,0.093,0.404,2,0.112,3,2,0.358,0.465,0.791,0.788,0.409,0.673,0.182,0.295,0.601036269,0.241,0.284,0.474,0.092,0.37,0.036,0.42,0.294,0.286,1.4,0.4615,0.412,0.845,0.081,0.426,22.7
123,Marcus Semien,TEX,31,152,684,619,0.254,0.311,0.436,0.748,0.159,0.076,0.269,24,0.183,4,9,0.285,0.657,0.754,0.904,0.395,0.605,0.088,0.244,1.07231405,0.193,0.339,0.468,0.067,0.343,0.099,0.457,0.314,0.229,6.2,0.4565,0.324,0.84,0.071,0.44,19.9
124,Cal Raleigh,SEA,25,115,400,357,0.204,0.28,0.476,0.756,0.29,0.093,0.218,25,0.272,2,4,0.358,0.587,0.782,0.795,0.389,0.638,0.153,0.265,0.727002967,0.155,0.29,0.555,0.151,0.441,0.184,0.473,0.298,0.229,2.6,0.461,0.338,0.738,0.075,0.423,6.8
125,Salvador Perez,KCR,32,110,455,428,0.252,0.29,0.465,0.755,0.235,0.037,0.285,22,0.213,7,3,0.457,0.613,0.782,0.804,0.358,0.609,0.168,0.267,0.955752212,0.179,0.355,0.466,0.114,0.503,0.146,0.454,0.33,0.216,1.5,0.4775,0.352,0.871,0.052,0.394,18
126,Tim Anderson,CHW,29,79,351,332,0.301,0.339,0.395,0.734,0.157,0.04,0.347,6,0.093,5,0,0.444,0.694,0.773,0.881,0.408,0.65,0.118,0.24,1.108,0.242,0.549,0.209,0.058,0.412,0.103,0.357,0.339,0.303,5.6,0.455,0.308,0.732,0.075,0.431,19.9
127,Yonathan Daza,COL,28,107,382,349,0.301,0.346,0.387,0.733,0.141,0.06,0.346,2,0.086,4,5,0.39,0.734,0.652,0.901,0.41,0.615,0.088,0.264,1.031034483,0.241,0.548,0.211,0.02,0.262,0.032,0.365,0.349,0.286,3.6,0.4365,0.336,0.702,0.072,0.415,4.7
128,Jean Segura,PHI,32,90,358,326,0.273,0.335,0.393,0.728,0.156,0.067,0.303,10,0.12,7,1,0.372,0.739,0.659,0.903,0.391,0.626,0.084,0.268,1.115226337,0.155,0.576,0.269,0.048,0.395,0.137,0.306,0.395,0.299,4.1,0.4485,0.372,0.862,0.073,0.422,12.6
129,Jurickson Profar,SDP,29,145,628,547,0.241,0.331,0.395,0.726,0.153,0.113,0.267,15,0.154,4,3,0.265,0.73,0.654,0.883,0.423,0.597,0.073,0.257,0.911468813,0.216,0.437,0.347,0.042,0.348,0.096,0.442,0.315,0.243,4.1,0.4515,0.341,0.759,0.062,0.433,13
130,Alex Verdugo,BOS,26,145,617,567,0.282,0.331,0.406,0.736,0.135,0.066,0.313,10,0.123,3,6,0.292,0.731,0.648,0.933,0.447,0.595,0.063,0.251,1.136890951,0.216,0.455,0.329,0.059,0.376,0.062,0.314,0.424,0.261,2.1,0.465,0.38,0.75,0.076,0.445,8.6
131,Jose Iglesias,COL,32,114,451,423,0.3,0.337,0.392,0.729,0.12,0.038,0.336,3,0.092,8,3,0.435,0.809,0.646,0.934,0.407,0.663,0.067,0.26,0.961139896,0.224,0.52,0.256,0.005,0.277,0.032,0.417,0.36,0.223,2.2,0.4235,0.306,0.637,0.068,0.431,6
132,Josh Rojas,ARI,28,118,481,418,0.263,0.346,0.376,0.722,0.189,0.11,0.316,8,0.112,2,4,0.226,0.691,0.652,0.852,0.427,0.582,0.081,0.273,1.072607261,0.228,0.418,0.354,0.039,0.364,0.07,0.328,0.352,0.319,5.5,0.4735,0.291,0.77,0.067,0.419,10
133,Patrick Wisdom,CHC,30,128,509,446,0.209,0.301,0.433,0.734,0.336,0.102,0.27,25,0.224,8,2,0.301,0.48,0.733,0.774,0.415,0.654,0.16,0.308,0.681481481,0.163,0.348,0.489,0.147,0.46,0.185,0.511,0.299,0.191,3.7,0.4895,0.299,0.845,0.08,0.44,20.7
134,Luis Rengifo,LAA,25,119,476,456,0.272,0.301,0.436,0.737,0.153,0.032,0.296,15,0.164,4,0,0.4,0.694,0.784,0.873,0.41,0.632,0.113,0.232,1.032432432,0.183,0.463,0.353,0.049,0.328,0.111,0.396,0.427,0.177,4.4,0.4525,0.315,0.874,0.07,0.414,10.3
135,Ketel Marte,ARI,28,136,554,488,0.242,0.323,0.41,0.733,0.182,0.099,0.279,12,0.168,6,5,0.307,0.734,0.685,0.862,0.403,0.592,0.087,0.247,0.9513382,0.187,0.425,0.389,0.061,0.416,0.079,0.445,0.343,0.212,4.2,0.461,0.314,0.768,0.064,0.439,13.4
136,Luke Voit,- - -,31,127,537,471,0.231,0.317,0.412,0.728,0.311,0.101,0.306,21,0.18,7,5,0.34,0.451,0.811,0.763,0.38,0.65,0.189,0.291,0.782278481,0.259,0.337,0.405,0.152,0.447,0.168,0.495,0.304,0.201,1.4,0.4775,0.34,0.942,0.056,0.423,18.3
137,Ryan Mountcastle,BAL,25,138,581,529,0.251,0.306,0.431,0.737,0.246,0.071,0.299,22,0.18,4,7,0.41,0.629,0.822,0.809,0.378,0.635,0.154,0.253,0.740112994,0.214,0.374,0.412,0.153,0.468,0.136,0.336,0.364,0.3,3.2,0.474,0.387,0.914,0.062,0.408,15.8
138,Trey Mancini,- - -,30,137,566,499,0.244,0.325,0.401,0.726,0.23,0.092,0.292,18,0.156,10,5,0.334,0.599,0.695,0.851,0.407,0.627,0.122,0.282,0.840449438,0.209,0.396,0.396,0.096,0.404,0.122,0.444,0.332,0.225,1.5,0.4665,0.396,0.767,0.076,0.424,12.9
139,Max Muncy,LAD,31,128,535,444,0.2,0.325,0.394,0.719,0.25,0.155,0.231,21,0.194,2,6,0.215,0.594,0.612,0.829,0.427,0.607,0.095,0.301,0.88700565,0.191,0.318,0.49,0.133,0.446,0.136,0.497,0.31,0.193,3.1,0.479,0.348,0.7,0.088,0.407,20.7
140,Alec Bohm,PHI,25,143,595,552,0.29,0.324,0.409,0.734,0.176,0.049,0.333,12,0.12,4,10,0.355,0.726,0.738,0.867,0.408,0.634,0.098,0.244,1.033936652,0.247,0.457,0.295,0.068,0.44,0.089,0.333,0.361,0.306,3.5,0.4625,0.392,0.795,0.077,0.435,10.1
141,Cedric Mullins II,BAL,27,150,647,586,0.261,0.32,0.41,0.729,0.184,0.068,0.3,16,0.148,9,5,0.346,0.722,0.716,0.869,0.442,0.598,0.095,0.243,0.894941634,0.183,0.383,0.435,0.048,0.368,0.08,0.442,0.33,0.228,6.5,0.4575,0.298,0.8,0.089,0.435,17.5
142,Christian Arroyo,BOS,27,79,276,256,0.281,0.321,0.414,0.735,0.163,0.047,0.319,6,0.133,3,2,0.415,0.687,0.775,0.922,0.414,0.656,0.101,0.217,0.926086957,0.249,0.455,0.296,0.07,0.437,0.095,0.34,0.419,0.242,4.6,0.4725,0.349,0.817,0.074,0.433,9.3
143,Tyler Naquin,- - -,31,99,319,295,0.241,0.296,0.444,0.74,0.27,0.06,0.303,11,0.203,4,0,0.414,0.644,0.806,0.791,0.402,0.633,0.156,0.265,0.704467354,0.21,0.385,0.405,0.1,0.414,0.133,0.371,0.367,0.262,6.4,0.4655,0.405,0.9,0.067,0.451,14.6
144,Giancarlo Stanton,NYY,32,106,436,385,0.208,0.292,0.444,0.736,0.305,0.108,0.229,28,0.236,0,3,0.308,0.551,0.627,0.747,0.392,0.578,0.146,0.329,0.992217899,0.149,0.475,0.376,0.188,0.523,0.292,0.361,0.376,0.263,0.9,0.4915,0.259,0.733,0.074,0.432,10.1
145,Jake Cronenworth,SDP,28,151,657,562,0.238,0.333,0.386,0.719,0.189,0.104,0.274,16,0.148,16,8,0.253,0.697,0.615,0.912,0.448,0.627,0.067,0.28,0.997747748,0.169,0.354,0.476,0.058,0.334,0.076,0.343,0.365,0.291,4.4,0.4485,0.333,0.821,0.064,0.442,13
146,Austin Hays,BAL,26,138,556,511,0.252,0.309,0.417,0.726,0.194,0.059,0.29,16,0.164,10,2,0.395,0.636,0.684,0.903,0.399,0.653,0.113,0.273,1.060526316,0.189,0.434,0.377,0.054,0.383,0.105,0.435,0.326,0.24,3.1,0.462,0.321,0.777,0.062,0.418,11.2
147,Luis Urias,MIL,25,112,448,384,0.229,0.328,0.385,0.714,0.214,0.109,0.263,15,0.156,10,5,0.263,0.743,0.65,0.827,0.429,0.614,0.087,0.282,0.827683616,0.191,0.362,0.447,0.078,0.355,0.115,0.461,0.314,0.225,2.3,0.455,0.338,0.736,0.078,0.431,18.3
148,Charlie Blackmon,COL,35,135,577,530,0.264,0.314,0.419,0.733,0.189,0.055,0.304,16,0.155,8,3,0.359,0.72,0.718,0.875,0.432,0.593,0.096,0.245,0.93986637,0.227,0.434,0.339,0.044,0.306,0.112,0.407,0.369,0.224,4.5,0.451,0.367,0.827,0.078,0.439,12.4
149,Oneil Cruz,PIT,23,81,332,307,0.228,0.283,0.456,0.739,0.361,0.069,0.31,17,0.228,1,1,0.33,0.491,0.54,0.816,0.383,0.554,0.142,0.361,1.093023256,0.17,0.484,0.346,0.16,0.457,0.262,0.42,0.356,0.223,6.6,0.488,0.309,0.641,0.058,0.441,8.8
150,Aledmys Diaz,HOU,31,87,308,286,0.255,0.302,0.427,0.729,0.162,0.058,0.27,12,0.171,2,2,0.359,0.696,0.752,0.859,0.409,0.627,0.108,0.236,1.034934498,0.219,0.409,0.371,0.067,0.374,0.136,0.483,0.324,0.193,2.1,0.459,0.303,0.857,0.074,0.417,12.1
151,Wilmer Flores,SFG,30,145,574,504,0.232,0.317,0.403,0.72,0.171,0.096,0.25,19,0.171,10,5,0.307,0.714,0.677,0.903,0.4,0.638,0.079,0.262,0.897379913,0.197,0.336,0.467,0.063,0.353,0.099,0.493,0.288,0.22,2.1,0.454,0.353,0.738,0.071,0.418,20.8
152,Trevor Story,BOS,29,94,396,357,0.238,0.303,0.434,0.737,0.308,0.081,0.309,16,0.196,3,4,0.369,0.607,0.701,0.821,0.39,0.629,0.137,0.289,0.724242424,0.192,0.356,0.452,0.113,0.406,0.148,0.423,0.326,0.251,5.4,0.465,0.36,0.738,0.068,0.457,17.8
153,Nolan Gorman,STL,22,89,313,283,0.226,0.3,0.42,0.721,0.329,0.089,0.301,14,0.194,2,0,0.342,0.535,0.767,0.789,0.39,0.658,0.16,0.289,0.647482014,0.25,0.267,0.483,0.144,0.433,0.161,0.411,0.361,0.228,3,0.47,0.467,0.861,0.06,0.427,20
154,Tommy Edman,STL,27,150,620,568,0.262,0.321,0.398,0.719,0.179,0.073,0.306,13,0.136,5,1,0.343,0.675,0.634,0.907,0.421,0.61,0.09,0.268,1.123152709,0.191,0.498,0.311,0.063,0.377,0.092,0.386,0.383,0.231,7.2,0.464,0.316,0.694,0.064,0.447,8.6
155,Luis Guillorme,NYM,27,96,317,281,0.278,0.356,0.345,0.701,0.132,0.101,0.321,2,0.068,2,0,0.253,0.825,0.587,0.938,0.445,0.606,0.041,0.265,0.991525424,0.256,0.551,0.192,0.025,0.249,0.044,0.27,0.44,0.29,3,0.4505,0.357,0.705,0.081,0.428,4.3
156,Bobby Witt Jr.,KCR,22,143,600,562,0.256,0.295,0.44,0.735,0.21,0.045,0.295,20,0.183,6,5,0.373,0.678,0.734,0.86,0.41,0.637,0.113,0.271,0.964989059,0.175,0.356,0.469,0.091,0.395,0.097,0.358,0.388,0.254,7.3,0.4625,0.327,0.78,0.076,0.433,17
157,Chas McCormick,HOU,27,113,390,345,0.235,0.321,0.391,0.712,0.264,0.11,0.296,13,0.157,1,1,0.326,0.58,0.728,0.796,0.388,0.572,0.141,0.294,0.840989399,0.218,0.429,0.353,0.107,0.387,0.155,0.337,0.366,0.296,3.8,0.4675,0.337,0.793,0.076,0.416,12.9
158,Jonathan India,CIN,25,98,413,371,0.251,0.327,0.383,0.71,0.218,0.073,0.306,10,0.132,12,0,0.283,0.627,0.58,0.884,0.446,0.61,0.089,0.317,1.06870229,0.232,0.407,0.361,0.046,0.285,0.099,0.463,0.327,0.21,3.5,0.4425,0.363,0.681,0.068,0.436,14.8
159,Yadiel Hernandez,WSN,34,94,327,305,0.269,0.312,0.41,0.722,0.226,0.058,0.326,9,0.141,1,2,0.349,0.626,0.744,0.792,0.417,0.612,0.14,0.281,0.924603175,0.215,0.511,0.275,0.086,0.421,0.141,0.33,0.412,0.258,2.2,0.4765,0.356,0.819,0.072,0.438,3.5
160,Wander Franco,TBR,21,77,321,295,0.275,0.321,0.403,0.724,0.097,0.069,0.289,5,0.129,0,4,0.357,0.803,0.749,0.941,0.421,0.604,0.059,0.193,1.059288538,0.254,0.444,0.302,0.045,0.358,0.062,0.396,0.328,0.276,5.8,0.456,0.354,0.846,0.069,0.455,8
161,Eric Haase,DET,29,104,330,304,0.25,0.3,0.428,0.728,0.282,0.067,0.317,12,0.178,1,3,0.393,0.573,0.72,0.794,0.376,0.642,0.16,0.311,0.873469388,0.201,0.397,0.402,0.079,0.425,0.14,0.444,0.299,0.257,2,0.47,0.327,0.783,0.064,0.416,16.6
162,Connor Joe,COL,29,111,467,404,0.238,0.338,0.359,0.697,0.208,0.118,0.296,7,0.121,7,1,0.259,0.654,0.596,0.899,0.43,0.645,0.077,0.293,0.98089172,0.208,0.464,0.328,0.045,0.338,0.069,0.364,0.38,0.256,5.3,0.4465,0.351,0.697,0.08,0.419,10.6
163,Manuel Margot,TBR,27,83,336,311,0.283,0.333,0.379,0.713,0.185,0.065,0.344,3,0.096,2,1,0.361,0.646,0.751,0.885,0.4,0.592,0.111,0.246,0.873646209,0.236,0.434,0.331,0.036,0.388,0.038,0.304,0.432,0.264,4.8,0.4605,0.32,0.792,0.083,0.422,10.8
164,Lane Thomas,WSN,26,138,515,471,0.248,0.303,0.418,0.721,0.243,0.068,0.299,17,0.17,4,5,0.297,0.678,0.633,0.884,0.433,0.598,0.086,0.292,0.921259843,0.168,0.447,0.385,0.068,0.348,0.126,0.43,0.348,0.222,4.5,0.4665,0.325,0.745,0.077,0.43,12.4
165,Gavin Sheets,CHW,26,117,385,353,0.244,0.299,0.422,0.721,0.203,0.068,0.27,15,0.178,3,3,0.367,0.73,0.631,0.874,0.4,0.618,0.091,0.269,0.829341317,0.152,0.408,0.44,0.068,0.363,0.123,0.374,0.378,0.248,0.6,0.4615,0.324,0.676,0.066,0.414,14.5
166,Brendan Rodgers,COL,25,130,552,502,0.261,0.319,0.396,0.715,0.174,0.078,0.3,11,0.135,2,5,0.319,0.649,0.738,0.882,0.422,0.614,0.101,0.249,1.090185676,0.209,0.526,0.265,0.071,0.46,0.101,0.299,0.38,0.321,2.7,0.4695,0.311,0.817,0.071,0.42,4.3
167,Randal Grichuk,COL,30,136,517,486,0.261,0.302,0.418,0.719,0.232,0.044,0.313,17,0.156,6,2,0.36,0.625,0.717,0.889,0.399,0.588,0.113,0.27,1,0.128,0.519,0.353,0.065,0.44,0.131,0.37,0.372,0.258,4,0.467,0.269,0.75,0.07,0.419,8.3
168,Ramon Urias,BAL,28,118,445,403,0.248,0.305,0.414,0.72,0.22,0.067,0.287,16,0.166,5,4,0.338,0.652,0.729,0.815,0.411,0.667,0.125,0.283,1.006514658,0.181,0.472,0.346,0.096,0.465,0.15,0.417,0.337,0.247,2.7,0.4695,0.321,0.825,0.073,0.428,11
169,Eric Hosmer,- - -,32,102,414,375,0.267,0.333,0.381,0.715,0.155,0.089,0.303,8,0.115,1,1,0.37,0.714,0.677,0.933,0.385,0.577,0.083,0.238,0.928571429,0.179,0.564,0.256,0.058,0.394,0.1,0.391,0.346,0.263,1,0.4565,0.295,0.681,0.071,0.413,3.3
170,Jace Peterson,MIL,32,106,314,276,0.243,0.321,0.395,0.715,0.258,0.099,0.311,8,0.152,2,3,0.262,0.563,0.578,0.882,0.445,0.583,0.094,0.323,0.882882883,0.235,0.449,0.316,0.075,0.375,0.129,0.42,0.365,0.215,6.7,0.474,0.265,0.768,0.068,0.446,14.9
171,Tommy Pham,- - -,34,138,599,532,0.244,0.321,0.385,0.706,0.269,0.092,0.315,17,0.141,7,5,0.254,0.555,0.629,0.873,0.44,0.633,0.098,0.307,0.94235589,0.186,0.476,0.338,0.082,0.484,0.134,0.372,0.383,0.245,4.6,0.4745,0.332,0.731,0.077,0.434,7.7
172,Amed Rosario,CLE,26,147,648,616,0.281,0.312,0.406,0.718,0.167,0.039,0.324,11,0.125,4,3,0.425,0.735,0.681,0.883,0.406,0.642,0.099,0.269,1.044989775,0.194,0.528,0.278,0.045,0.38,0.077,0.35,0.38,0.27,6.6,0.4615,0.303,0.694,0.074,0.426,5
173,Christian Vazquez,- - -,31,113,411,383,0.274,0.316,0.394,0.711,0.158,0.054,0.31,8,0.12,3,3,0.355,0.784,0.685,0.902,0.416,0.642,0.073,0.245,0.938596491,0.234,0.445,0.321,0.05,0.361,0.078,0.333,0.386,0.28,1.9,0.456,0.364,0.741,0.071,0.43,11.3
174,Jesse Winker,SEA,28,133,536,447,0.219,0.343,0.34,0.683,0.188,0.153,0.253,13,0.121,4,3,0.221,0.654,0.726,0.882,0.422,0.545,0.08,0.228,0.816901408,0.204,0.391,0.405,0.074,0.344,0.092,0.384,0.355,0.261,0.8,0.4545,0.399,0.677,0.064,0.432,19.1
175,J.P. Crawford,SEA,27,138,577,497,0.249,0.343,0.346,0.689,0.127,0.111,0.279,6,0.097,9,5,0.246,0.772,0.628,0.931,0.431,0.555,0.05,0.236,1.004716981,0.239,0.444,0.317,0.021,0.285,0.044,0.346,0.383,0.271,3.2,0.474,0.352,0.805,0.072,0.436,13.4
176,Ha-seong Kim,SDP,26,143,553,492,0.25,0.322,0.38,0.702,0.168,0.087,0.288,10,0.13,6,4,0.277,0.742,0.627,0.884,0.446,0.615,0.072,0.275,0.980487805,0.214,0.388,0.398,0.042,0.318,0.063,0.466,0.357,0.177,4.7,0.455,0.345,0.733,0.083,0.431,16.6
177,Tyrone Taylor,MIL,28,112,381,351,0.228,0.281,0.439,0.72,0.257,0.052,0.264,17,0.211,7,3,0.363,0.594,0.7,0.86,0.419,0.614,0.127,0.289,0.885416667,0.184,0.376,0.439,0.102,0.379,0.152,0.406,0.391,0.203,4.7,0.467,0.359,0.771,0.067,0.421,17
178,Ji-Man Choi,TBR,31,107,397,337,0.223,0.332,0.365,0.697,0.297,0.139,0.307,10,0.142,2,3,0.229,0.551,0.71,0.769,0.381,0.562,0.126,0.293,0.797833935,0.222,0.466,0.312,0.104,0.459,0.145,0.414,0.351,0.234,0.7,0.455,0.382,0.82,0.065,0.421,23.6
179,MJ Melendez,KCR,23,121,498,428,0.217,0.313,0.393,0.706,0.247,0.124,0.258,17,0.175,1,7,0.282,0.624,0.688,0.817,0.411,0.558,0.114,0.28,0.838709677,0.205,0.385,0.41,0.109,0.439,0.133,0.452,0.324,0.224,3.2,0.4725,0.314,0.778,0.075,0.415,15.1
180,Joey Votto,CIN,38,91,376,322,0.205,0.319,0.37,0.689,0.258,0.117,0.257,11,0.165,10,0,0.288,0.609,0.713,0.799,0.417,0.577,0.126,0.266,0.786713287,0.182,0.444,0.373,0.111,0.409,0.131,0.4,0.36,0.24,1.5,0.479,0.329,0.843,0.077,0.425,14.2
181,Kyle Farmer,CIN,31,138,556,501,0.255,0.316,0.385,0.701,0.173,0.056,0.289,13,0.13,16,6,0.394,0.702,0.665,0.917,0.41,0.629,0.092,0.263,0.947004608,0.243,0.448,0.309,0.041,0.339,0.102,0.436,0.315,0.249,3.1,0.4505,0.38,0.713,0.079,0.437,12.6
182,David Peralta,- - -,34,130,477,429,0.245,0.308,0.41,0.718,0.233,0.082,0.298,12,0.166,3,6,0.361,0.585,0.71,0.87,0.412,0.602,0.126,0.275,0.936416185,0.225,0.361,0.414,0.086,0.435,0.09,0.395,0.383,0.222,2.6,0.4665,0.343,0.713,0.069,0.445,15.1
183,Elvis Andrus,- - -,33,141,542,502,0.251,0.306,0.396,0.703,0.161,0.07,0.279,14,0.145,2,0,0.33,0.69,0.632,0.88,0.414,0.616,0.091,0.277,1.167613636,0.178,0.465,0.358,0.041,0.347,0.095,0.405,0.349,0.246,4.3,0.456,0.289,0.667,0.083,0.417,12.1
184,Andrew McCutchen,MIL,35,129,558,500,0.238,0.31,0.39,0.7,0.208,0.09,0.275,17,0.152,4,4,0.249,0.606,0.719,0.859,0.431,0.572,0.1,0.264,0.955665025,0.204,0.415,0.381,0.088,0.397,0.115,0.438,0.371,0.191,3.2,0.4675,0.361,0.817,0.082,0.449,13.3
185,Mitch Garver,TEX,31,54,215,188,0.207,0.298,0.404,0.702,0.247,0.107,0.228,10,0.197,2,2,0.271,0.685,0.624,0.829,0.428,0.591,0.094,0.294,0.796511628,0.168,0.343,0.489,0.088,0.387,0.149,0.584,0.219,0.197,2,0.459,0.372,0.696,0.084,0.417,18.4
186,Tyler O'Neill,STL,27,96,383,334,0.228,0.308,0.392,0.7,0.269,0.099,0.277,14,0.165,4,7,0.296,0.561,0.701,0.824,0.412,0.595,0.127,0.288,0.801346801,0.202,0.42,0.378,0.113,0.433,0.156,0.466,0.315,0.218,5.9,0.4805,0.366,0.742,0.075,0.418,13.6
187,Dylan Carlson,STL,23,121,461,412,0.24,0.312,0.388,0.701,0.195,0.085,0.286,8,0.148,6,4,0.279,0.637,0.719,0.837,0.419,0.566,0.108,0.27,0.958333333,0.211,0.425,0.363,0.046,0.27,0.068,0.368,0.377,0.255,5.2,0.4555,0.359,0.827,0.081,0.446,12.6
188,Nick Castellanos,PHI,30,129,534,502,0.265,0.305,0.396,0.702,0.232,0.051,0.327,13,0.131,3,2,0.442,0.551,0.782,0.836,0.392,0.68,0.171,0.278,0.915662651,0.203,0.416,0.382,0.066,0.347,0.09,0.371,0.316,0.313,3.4,0.4615,0.368,0.845,0.066,0.424,14.6
189,Ben Gamel,PIT,30,111,405,356,0.233,0.323,0.365,0.689,0.23,0.111,0.293,8,0.132,3,1,0.28,0.591,0.658,0.899,0.403,0.583,0.095,0.265,0.884353741,0.223,0.427,0.35,0.061,0.367,0.088,0.386,0.371,0.242,4.2,0.4565,0.379,0.699,0.075,0.451,11.6
190,Carlos Santana,- - -,36,123,477,405,0.195,0.312,0.378,0.69,0.17,0.143,0.195,19,0.183,2,2,0.255,0.707,0.665,0.858,0.417,0.579,0.083,0.26,0.947521866,0.172,0.382,0.446,0.095,0.454,0.131,0.497,0.325,0.178,0.9,0.47,0.319,0.776,0.075,0.426,15.7
191,Jonah Heim,TEX,27,121,436,392,0.227,0.3,0.398,0.698,0.193,0.094,0.251,15,0.171,1,2,0.322,0.685,0.758,0.877,0.415,0.635,0.098,0.234,0.808900524,0.168,0.395,0.437,0.065,0.394,0.111,0.516,0.329,0.155,3.2,0.462,0.29,0.78,0.072,0.426,16.9
192,P.J. Higgins,CHC,29,71,216,192,0.234,0.305,0.391,0.696,0.259,0.083,0.298,6,0.156,2,1,0.285,0.569,0.65,0.881,0.408,0.639,0.104,0.301,0.905405405,0.231,0.425,0.343,0.036,0.257,0.13,0.386,0.321,0.293,2.1,0.4475,0.336,0.712,0.07,0.439,9.1
193,Brandon Lowe,TBR,27,65,266,235,0.221,0.308,0.383,0.691,0.229,0.102,0.263,8,0.162,3,1,0.343,0.492,0.79,0.784,0.421,0.617,0.172,0.275,0.935483871,0.207,0.379,0.414,0.103,0.389,0.111,0.434,0.314,0.251,4.2,0.47,0.354,0.871,0.062,0.433,16.6
194,Kevin Newman,PIT,28,72,290,271,0.277,0.316,0.38,0.696,0.166,0.048,0.329,2,0.103,2,1,0.36,0.763,0.652,0.927,0.414,0.659,0.07,0.264,1.126903553,0.261,0.423,0.315,0.018,0.274,0.029,0.429,0.358,0.212,5.6,0.4435,0.323,0.706,0.083,0.466,13.3
195,Santiago Espinal,TOR,27,135,491,449,0.267,0.322,0.37,0.692,0.138,0.073,0.3,7,0.102,2,3,0.296,0.764,0.682,0.913,0.423,0.601,0.065,0.244,1.032432432,0.23,0.429,0.34,0.034,0.314,0.054,0.4,0.364,0.236,2.7,0.4425,0.338,0.745,0.078,0.421,14.1
196,Eduardo Escobar,NYM,33,130,518,475,0.236,0.288,0.425,0.713,0.237,0.069,0.274,19,0.189,1,6,0.383,0.656,0.747,0.846,0.394,0.639,0.125,0.272,0.804494382,0.229,0.299,0.472,0.095,0.377,0.112,0.433,0.36,0.207,3.2,0.4625,0.383,0.774,0.062,0.42,20.7
197,Emmanuel Rivera,- - -,26,101,355,327,0.232,0.29,0.41,0.7,0.234,0.062,0.275,12,0.177,5,1,0.318,0.574,0.765,0.874,0.413,0.637,0.119,0.273,0.953307393,0.163,0.482,0.355,0.094,0.38,0.138,0.424,0.318,0.257,4.1,0.4685,0.327,0.816,0.075,0.443,10.1
198,Riley Greene,DET,21,85,384,346,0.254,0.323,0.364,0.687,0.289,0.086,0.358,5,0.11,3,2,0.314,0.649,0.644,0.872,0.41,0.622,0.099,0.286,0.75477707,0.186,0.578,0.236,0.089,0.439,0.089,0.342,0.376,0.283,4.2,0.4755,0.3,0.725,0.069,0.411,2
199,Rafael Ortega,CHC,31,118,371,316,0.241,0.331,0.358,0.688,0.199,0.119,0.285,7,0.117,2,7,0.289,0.697,0.69,0.892,0.397,0.59,0.082,0.245,0.801948052,0.215,0.336,0.449,0.048,0.335,0.063,0.42,0.336,0.244,4.2,0.45,0.376,0.783,0.07,0.427,17.1
200,Jorge Soler,MIA,30,72,306,270,0.207,0.295,0.4,0.695,0.294,0.101,0.256,13,0.193,3,1,0.294,0.556,0.709,0.809,0.399,0.572,0.132,0.281,0.76371308,0.177,0.42,0.403,0.121,0.434,0.178,0.503,0.337,0.16,1.6,0.4865,0.331,0.831,0.065,0.426,13.7
201,Ozzie Albies,ATL,25,64,269,247,0.247,0.294,0.409,0.703,0.175,0.059,0.27,8,0.162,2,4,0.452,0.706,0.831,0.863,0.341,0.654,0.127,0.219,0.775665399,0.181,0.377,0.441,0.054,0.265,0.089,0.48,0.343,0.176,3.3,0.458,0.348,0.922,0.062,0.398,16.9
202,Josh Donaldson,NYY,36,126,521,457,0.223,0.309,0.381,0.69,0.269,0.1,0.283,15,0.158,7,5,0.323,0.594,0.689,0.758,0.407,0.628,0.146,0.305,0.901960784,0.183,0.429,0.388,0.102,0.432,0.12,0.469,0.363,0.168,2.2,0.476,0.345,0.78,0.064,0.438,12.4
203,Franchy Cordero,BOS,27,84,275,242,0.219,0.3,0.397,0.697,0.335,0.102,0.313,8,0.178,1,2,0.332,0.493,0.716,0.776,0.401,0.607,0.165,0.311,0.75,0.227,0.387,0.387,0.123,0.455,0.138,0.416,0.325,0.26,5.1,0.4745,0.39,0.776,0.07,0.416,12.7
204,Cavan Biggio,TOR,27,93,290,246,0.203,0.318,0.358,0.676,0.276,0.128,0.273,6,0.154,5,1,0.209,0.559,0.647,0.837,0.442,0.6,0.098,0.298,0.801932367,0.211,0.355,0.434,0.071,0.333,0.083,0.47,0.31,0.22,4.9,0.454,0.363,0.839,0.071,0.446,19.4
205,Brian Anderson,MIA,29,93,361,318,0.233,0.321,0.362,0.683,0.258,0.097,0.303,8,0.129,7,1,0.329,0.589,0.766,0.802,0.411,0.609,0.142,0.279,0.745874587,0.195,0.5,0.305,0.097,0.438,0.116,0.403,0.358,0.239,3.2,0.4825,0.314,0.772,0.07,0.424,7.8
206,Jeremy Pena,HOU,24,130,535,498,0.249,0.286,0.414,0.7,0.241,0.041,0.294,20,0.165,6,5,0.406,0.525,0.766,0.875,0.386,0.686,0.156,0.286,0.981432361,0.203,0.462,0.335,0.093,0.357,0.161,0.467,0.304,0.229,5.2,0.453,0.318,0.792,0.068,0.442,16.7
207,Brandon Belt,SFG,34,78,298,254,0.213,0.326,0.35,0.676,0.272,0.124,0.277,8,0.138,6,1,0.249,0.542,0.779,0.793,0.405,0.587,0.133,0.265,0.740088106,0.226,0.274,0.5,0.126,0.385,0.095,0.374,0.339,0.287,2.9,0.465,0.385,0.899,0.066,0.417,23.4
208,Josh Harrison,CHW,34,112,399,361,0.252,0.317,0.363,0.68,0.173,0.053,0.296,6,0.111,14,1,0.394,0.719,0.739,0.871,0.432,0.594,0.104,0.243,0.877245509,0.167,0.454,0.379,0.034,0.308,0.054,0.369,0.369,0.261,3.5,0.452,0.329,0.676,0.081,0.446,19.2
209,Michael A. Taylor,KCR,31,120,441,400,0.258,0.318,0.365,0.683,0.24,0.079,0.326,9,0.108,2,3,0.35,0.558,0.74,0.843,0.401,0.685,0.139,0.28,0.892307692,0.176,0.4,0.424,0.07,0.322,0.073,0.416,0.326,0.258,4.3,0.454,0.342,0.865,0.075,0.428,12.7
210,Mike Yastrzemski,SFG,31,140,525,456,0.211,0.303,0.382,0.685,0.248,0.11,0.256,15,0.171,5,5,0.249,0.629,0.636,0.885,0.434,0.596,0.084,0.271,0.786057692,0.177,0.358,0.465,0.108,0.407,0.099,0.446,0.316,0.238,4.7,0.4655,0.355,0.692,0.077,0.432,19.7
211,Hunter Dozier,KCR,30,125,484,446,0.24,0.298,0.392,0.69,0.248,0.07,0.302,12,0.152,3,1,0.361,0.525,0.725,0.88,0.387,0.643,0.139,0.278,0.920903955,0.209,0.426,0.365,0.076,0.385,0.101,0.437,0.336,0.226,3.9,0.465,0.333,0.807,0.064,0.418,12.7
212,Luis Gonzalez,SFG,26,98,350,311,0.254,0.323,0.36,0.683,0.214,0.086,0.316,4,0.106,4,5,0.283,0.615,0.68,0.87,0.446,0.566,0.1,0.262,0.752475248,0.171,0.456,0.373,0.029,0.32,0.047,0.295,0.353,0.353,5.2,0.458,0.27,0.855,0.084,0.427,10.9
213,Jack Suwinski,PIT,23,99,347,308,0.195,0.282,0.406,0.688,0.314,0.098,0.231,18,0.211,4,1,0.282,0.517,0.631,0.844,0.44,0.62,0.119,0.316,0.763358779,0.155,0.41,0.435,0.125,0.4,0.207,0.47,0.31,0.22,3.2,0.4695,0.295,0.761,0.088,0.42,7.8
214,Harold Castro,DET,28,114,422,400,0.275,0.303,0.388,0.691,0.18,0.038,0.323,7,0.113,1,2,0.424,0.725,0.695,0.894,0.418,0.623,0.099,0.245,0.871313673,0.265,0.434,0.302,0.064,0.34,0.071,0.353,0.319,0.328,2.3,0.4615,0.429,0.704,0.072,0.431,11.9
215,Reese McGuire,- - -,27,84,261,236,0.271,0.311,0.373,0.684,0.199,0.046,0.332,3,0.102,3,3,0.398,0.675,0.666,0.929,0.416,0.659,0.095,0.272,0.938461538,0.23,0.383,0.388,0.026,0.294,0.042,0.352,0.358,0.29,3.2,0.4525,0.342,0.708,0.079,0.437,14.2
216,Christian Bethancourt,- - -,30,97,320,306,0.248,0.279,0.412,0.691,0.234,0.034,0.295,11,0.163,2,0,0.476,0.562,0.82,0.784,0.42,0.675,0.195,0.292,1.036199095,0.197,0.45,0.354,0.121,0.444,0.136,0.422,0.358,0.22,4.2,0.476,0.319,0.896,0.073,0.432,9.3
217,Luis Garcia,WSN,22,85,346,331,0.275,0.293,0.405,0.698,0.217,0.026,0.335,6,0.13,1,4,0.45,0.657,0.684,0.832,0.393,0.702,0.139,0.31,1.15625,0.22,0.521,0.259,0.069,0.36,0.09,0.36,0.395,0.245,3.2,0.4705,0.364,0.785,0.066,0.41,5.2
218,A.J. Pollock,CHW,34,132,505,469,0.247,0.293,0.394,0.688,0.186,0.059,0.279,14,0.147,2,4,0.382,0.636,0.761,0.879,0.413,0.638,0.12,0.249,1.055865922,0.188,0.447,0.365,0.095,0.417,0.101,0.438,0.322,0.24,3.1,0.4735,0.33,0.805,0.076,0.422,12
219,Wil Myers,SDP,31,71,267,245,0.257,0.307,0.38,0.687,0.292,0.067,0.352,5,0.122,1,3,0.33,0.578,0.635,0.796,0.418,0.599,0.135,0.321,0.943820225,0.214,0.411,0.375,0.065,0.371,0.079,0.394,0.306,0.3,2.1,0.4555,0.365,0.727,0.082,0.441,12.8
220,Bryan De La Cruz,MIA,25,107,321,297,0.239,0.283,0.407,0.691,0.252,0.056,0.287,11,0.168,2,4,0.346,0.595,0.722,0.853,0.382,0.604,0.127,0.287,0.969162996,0.273,0.414,0.314,0.118,0.464,0.159,0.386,0.377,0.236,3.3,0.4725,0.441,0.753,0.059,0.434,9.6
221,Ke'Bryan Hayes,PIT,25,129,535,482,0.247,0.318,0.353,0.67,0.222,0.086,0.313,7,0.106,5,2,0.299,0.654,0.636,0.918,0.394,0.587,0.083,0.277,0.965608466,0.214,0.488,0.299,0.041,0.479,0.064,0.279,0.403,0.318,5.5,0.4665,0.304,0.698,0.07,0.421,6.1
222,Keibert Ruiz,WSN,23,112,433,394,0.251,0.313,0.36,0.673,0.115,0.069,0.271,7,0.109,6,2,0.366,0.783,0.722,0.924,0.402,0.61,0.07,0.212,1.048484848,0.228,0.402,0.37,0.037,0.323,0.055,0.496,0.337,0.167,3,0.4535,0.363,0.685,0.072,0.415,14.9
223,Max Kepler,MIN,29,115,446,388,0.227,0.318,0.348,0.666,0.148,0.11,0.249,9,0.121,5,4,0.274,0.663,0.717,0.909,0.418,0.583,0.081,0.229,1.079470199,0.199,0.457,0.344,0.071,0.399,0.08,0.451,0.331,0.218,3.4,0.464,0.319,0.84,0.076,0.439,11.1
224,Matt Reynolds,- - -,31,89,261,234,0.252,0.326,0.338,0.663,0.287,0.096,0.357,3,0.085,1,1,0.26,0.506,0.635,0.873,0.404,0.605,0.109,0.329,1.025641026,0.225,0.513,0.263,0.031,0.425,0.071,0.281,0.425,0.294,5.4,0.463,0.369,0.573,0.073,0.402,5.1
225,Leody Taveras,TEX,23,91,321,295,0.264,0.313,0.363,0.675,0.252,0.062,0.347,4,0.098,2,3,0.335,0.572,0.701,0.845,0.409,0.654,0.129,0.284,0.981308411,0.214,0.433,0.352,0.041,0.353,0.054,0.349,0.381,0.271,5.4,0.449,0.289,0.845,0.07,0.429,11.4
226,Chris Taylor,LAD,31,115,442,390,0.218,0.303,0.372,0.675,0.357,0.1,0.333,10,0.154,5,3,0.271,0.387,0.788,0.721,0.442,0.62,0.19,0.313,0.637362637,0.263,0.31,0.427,0.102,0.379,0.101,0.451,0.306,0.243,5.9,0.458,0.4,0.892,0.082,0.443,20.3
227,Joey Bart,SFG,25,91,270,244,0.217,0.293,0.377,0.67,0.378,0.081,0.321,11,0.16,4,0,0.345,0.474,0.662,0.76,0.426,0.667,0.172,0.348,0.744680851,0.214,0.436,0.35,0.099,0.437,0.224,0.563,0.211,0.225,2.9,0.462,0.317,0.667,0.073,0.44,15.2
228,Jon Berti,MIA,32,94,372,330,0.239,0.323,0.336,0.659,0.21,0.102,0.301,4,0.097,3,1,0.251,0.615,0.678,0.877,0.44,0.613,0.091,0.274,1.045454545,0.154,0.53,0.316,0.063,0.379,0.05,0.328,0.387,0.285,7.3,0.461,0.296,0.817,0.089,0.429,4.9
229,Corey Dickerson,STL,33,90,273,260,0.265,0.293,0.392,0.685,0.168,0.037,0.303,5,0.127,1,2,0.456,0.724,0.773,0.847,0.41,0.568,0.123,0.234,0.853754941,0.222,0.444,0.333,0.037,0.333,0.069,0.375,0.333,0.292,2,0.4525,0.338,0.886,0.069,0.432,11.2
230,Adam Duvall,ATL,33,86,315,287,0.213,0.276,0.401,0.677,0.321,0.067,0.278,12,0.188,5,2,0.392,0.627,0.676,0.805,0.399,0.603,0.14,0.299,0.73151751,0.186,0.293,0.521,0.128,0.404,0.122,0.495,0.319,0.186,3.2,0.4675,0.362,0.744,0.074,0.422,23.4
231,Pavin Smith,ARI,26,69,255,225,0.218,0.298,0.373,0.671,0.247,0.102,0.256,9,0.156,1,3,0.255,0.675,0.591,0.895,0.404,0.588,0.074,0.298,1.018518519,0.139,0.436,0.424,0.109,0.382,0.129,0.4,0.358,0.242,1.8,0.455,0.285,0.667,0.073,0.446,15.1
232,Ryan Jeffers,MIN,25,60,214,192,0.214,0.291,0.375,0.666,0.271,0.098,0.268,7,0.161,0,0,0.294,0.687,0.685,0.848,0.429,0.668,0.097,0.273,0.715053763,0.195,0.346,0.459,0.148,0.437,0.115,0.437,0.304,0.259,1.3,0.47,0.385,0.8,0.074,0.423,18.5
233,Jorge Alfaro,SDP,29,79,271,253,0.249,0.288,0.387,0.675,0.358,0.041,0.368,7,0.138,4,3,0.49,0.524,0.828,0.766,0.404,0.697,0.217,0.314,0.638554217,0.245,0.459,0.296,0.113,0.39,0.149,0.352,0.377,0.27,2.4,0.476,0.39,0.857,0.063,0.44,8.1
234,Mitch Haniger,SEA,31,50,217,199,0.236,0.295,0.377,0.672,0.258,0.074,0.292,7,0.141,1,1,0.294,0.564,0.671,0.834,0.415,0.585,0.121,0.304,1.021276596,0.201,0.382,0.417,0.111,0.451,0.117,0.472,0.299,0.229,1.5,0.477,0.299,0.689,0.071,0.399,18.1
235,Ramon Laureano,OAK,27,94,383,346,0.211,0.287,0.376,0.663,0.272,0.065,0.262,13,0.165,12,0,0.324,0.534,0.652,0.84,0.423,0.624,0.131,0.317,0.930769231,0.178,0.43,0.393,0.116,0.384,0.137,0.438,0.302,0.26,4.8,0.4705,0.289,0.701,0.084,0.435,14.9
236,Marcell Ozuna,ATL,31,121,496,459,0.222,0.272,0.403,0.675,0.24,0.063,0.248,22,0.181,2,4,0.36,0.578,0.701,0.853,0.391,0.617,0.133,0.289,0.942465753,0.186,0.381,0.433,0.131,0.439,0.148,0.442,0.349,0.209,2.4,0.475,0.317,0.803,0.062,0.396,16.2
237,Jose Trevino,NYY,29,111,338,322,0.252,0.284,0.388,0.672,0.175,0.038,0.28,10,0.137,2,1,0.42,0.713,0.616,0.887,0.405,0.636,0.1,0.306,1.211981567,0.179,0.407,0.414,0.049,0.352,0.092,0.383,0.371,0.246,3.6,0.4575,0.303,0.619,0.07,0.421,12.8
238,Aaron Hicks,NYY,32,124,431,367,0.218,0.328,0.319,0.647,0.234,0.135,0.277,8,0.101,3,2,0.233,0.588,0.651,0.841,0.421,0.555,0.099,0.289,0.81595092,0.162,0.444,0.395,0.056,0.338,0.076,0.48,0.26,0.26,5,0.4605,0.245,0.754,0.072,0.433,15.4
239,Elias Diaz,COL,31,100,361,332,0.232,0.288,0.38,0.668,0.202,0.069,0.27,9,0.148,2,2,0.371,0.66,0.743,0.902,0.391,0.629,0.105,0.238,0.864238411,0.161,0.483,0.356,0.061,0.391,0.097,0.352,0.372,0.276,2.3,0.464,0.291,0.827,0.072,0.415,10.8
240,Joey Gallo,- - -,28,118,389,332,0.166,0.288,0.364,0.652,0.391,0.139,0.228,18,0.199,3,0,0.316,0.425,0.704,0.732,0.405,0.62,0.185,0.321,0.617241379,0.196,0.279,0.525,0.178,0.506,0.191,0.556,0.267,0.178,4.8,0.486,0.294,0.812,0.072,0.44,24
241,LaMonte Wade Jr.,SFG,28,72,235,202,0.193,0.296,0.356,0.653,0.209,0.106,0.212,8,0.163,5,1,0.273,0.711,0.69,0.904,0.404,0.557,0.074,0.251,0.814814815,0.182,0.292,0.526,0.103,0.34,0.099,0.391,0.378,0.231,2.6,0.4575,0.346,0.797,0.063,0.448,22.5
242,Brandon Crawford,SFG,35,112,433,386,0.231,0.309,0.35,0.659,0.217,0.085,0.281,9,0.119,8,2,0.3,0.518,0.778,0.786,0.432,0.612,0.154,0.272,1.035460993,0.175,0.466,0.36,0.068,0.333,0.086,0.374,0.381,0.245,3.2,0.4595,0.31,0.857,0.077,0.414,12.6
243,Harrison Bader,- - -,28,80,289,268,0.254,0.301,0.362,0.663,0.197,0.052,0.303,5,0.108,4,2,0.37,0.663,0.639,0.906,0.38,0.574,0.1,0.272,1.086734694,0.16,0.404,0.437,0.038,0.263,0.054,0.399,0.404,0.197,7.7,0.4385,0.282,0.616,0.066,0.409,17.1
244,Nelson Cruz,WSN,41,124,507,448,0.234,0.313,0.337,0.651,0.235,0.097,0.295,10,0.103,4,3,0.352,0.571,0.748,0.801,0.391,0.613,0.15,0.277,0.875989446,0.193,0.524,0.283,0.093,0.457,0.106,0.352,0.361,0.286,3,0.471,0.28,0.81,0.061,0.444,7.2
245,Darin Ruf,- - -,35,119,388,334,0.204,0.307,0.338,0.645,0.271,0.116,0.258,11,0.135,6,3,0.267,0.601,0.586,0.849,0.427,0.603,0.099,0.322,0.888888889,0.181,0.414,0.405,0.086,0.405,0.117,0.47,0.272,0.259,3.4,0.47,0.345,0.713,0.08,0.428,14.8
246,Gary Sanchez,MIN,29,121,446,399,0.211,0.283,0.381,0.663,0.283,0.078,0.262,15,0.17,7,5,0.326,0.564,0.607,0.841,0.412,0.596,0.124,0.324,0.989323843,0.14,0.446,0.414,0.133,0.482,0.13,0.5,0.288,0.212,2.4,0.4785,0.288,0.665,0.097,0.399,13.8
247,Javier Baez,DET,29,137,561,527,0.239,0.28,0.391,0.671,0.253,0.046,0.298,15,0.152,5,3,0.479,0.548,0.687,0.812,0.347,0.651,0.186,0.324,1.131195335,0.168,0.505,0.327,0.08,0.371,0.118,0.438,0.322,0.24,5.4,0.4775,0.373,0.759,0.061,0.443,15.5
248,Joey Wendle,MIA,32,95,348,325,0.258,0.297,0.366,0.663,0.121,0.04,0.286,3,0.108,5,3,0.426,0.764,0.659,0.934,0.42,0.678,0.076,0.252,1.11372549,0.169,0.539,0.292,0.017,0.362,0.036,0.359,0.328,0.314,4.6,0.447,0.286,0.724,0.072,0.423,3.3
249,Victor Caratini,MIL,28,90,294,254,0.197,0.303,0.343,0.645,0.214,0.102,0.224,9,0.146,9,1,0.259,0.632,0.636,0.91,0.434,0.575,0.079,0.274,0.918660287,0.188,0.495,0.318,0.068,0.422,0.148,0.359,0.359,0.281,1,0.465,0.302,0.685,0.079,0.441,6.8
250,Raimel Tapia,TOR,28,121,404,384,0.263,0.288,0.378,0.666,0.176,0.035,0.308,6,0.115,0,1,0.445,0.734,0.708,0.884,0.402,0.594,0.104,0.251,0.928994083,0.194,0.545,0.261,0.05,0.379,0.073,0.328,0.379,0.293,5.6,0.456,0.274,0.747,0.068,0.445,3.8
251,Brandon Marsh,- - -,24,126,430,396,0.242,0.29,0.374,0.664,0.347,0.058,0.358,10,0.131,3,3,0.337,0.605,0.668,0.816,0.423,0.6,0.129,0.314,0.724340176,0.243,0.441,0.316,0.075,0.383,0.128,0.344,0.395,0.261,6,0.4635,0.391,0.76,0.074,0.429,10.1
252,Francisco Mejia,TBR,26,89,285,275,0.251,0.274,0.396,0.67,0.218,0.025,0.303,6,0.145,2,1,0.521,0.69,0.739,0.862,0.389,0.667,0.138,0.275,0.792592593,0.248,0.374,0.379,0.028,0.276,0.074,0.453,0.336,0.21,1.8,0.4415,0.397,0.714,0.068,0.415,15.1
253,Austin Nola,SDP,32,105,379,330,0.248,0.32,0.33,0.65,0.153,0.087,0.282,4,0.082,6,9,0.248,0.761,0.639,0.919,0.454,0.58,0.056,0.252,1.093385214,0.206,0.423,0.37,0.025,0.401,0.038,0.44,0.33,0.23,2.6,0.458,0.358,0.679,0.077,0.449,12.1
254,Jose Azocar,SDP,26,91,202,188,0.266,0.308,0.346,0.654,0.203,0.059,0.338,0,0.08,0,1,0.41,0.691,0.767,0.86,0.387,0.653,0.119,0.24,0.861445783,0.231,0.469,0.301,0.027,0.302,0,0.228,0.409,0.362,5.8,0.453,0.322,0.792,0.074,0.416,9.8
255,Owen Miller,CLE,25,124,456,409,0.247,0.305,0.35,0.654,0.193,0.068,0.295,5,0.103,7,9,0.379,0.771,0.635,0.898,0.398,0.632,0.078,0.266,0.875331565,0.23,0.433,0.336,0.03,0.306,0.045,0.37,0.388,0.242,3.6,0.4505,0.355,0.664,0.08,0.426,10.2
256,Jesus Sanchez,MIA,24,93,325,297,0.205,0.271,0.387,0.658,0.265,0.074,0.245,12,0.182,3,1,0.36,0.601,0.67,0.853,0.384,0.603,0.126,0.279,0.82421875,0.156,0.469,0.374,0.094,0.401,0.152,0.429,0.307,0.264,4.4,0.4715,0.347,0.818,0.07,0.433,10.1
257,Tony Kemp,OAK,30,140,534,475,0.234,0.306,0.335,0.641,0.124,0.081,0.257,7,0.101,8,3,0.326,0.797,0.681,0.934,0.439,0.605,0.057,0.227,0.906605923,0.204,0.405,0.392,0.017,0.146,0.045,0.434,0.348,0.218,5,0.444,0.341,0.756,0.085,0.44,15.6
258,Jesus Aguilar,- - -,32,126,498,455,0.233,0.28,0.378,0.659,0.235,0.056,0.275,16,0.145,4,5,0.388,0.648,0.655,0.846,0.383,0.61,0.123,0.297,0.844827586,0.239,0.306,0.455,0.069,0.355,0.103,0.37,0.382,0.248,1.5,0.476,0.245,0.8,0.076,0.426,11.3
259,Isiah Kiner-Falefa,NYY,27,137,514,468,0.263,0.315,0.331,0.646,0.138,0.064,0.299,4,0.068,5,5,0.335,0.813,0.598,0.959,0.438,0.63,0.046,0.258,1.102493075,0.209,0.548,0.244,0.012,0.294,0.041,0.356,0.36,0.284,5.2,0.4505,0.291,0.698,0.09,0.447,4.4
260,Kevin Kiermaier,TBR,32,63,221,206,0.228,0.281,0.369,0.649,0.276,0.063,0.29,7,0.141,1,0,0.328,0.471,0.751,0.843,0.439,0.647,0.149,0.278,0.917721519,0.2,0.524,0.276,0.069,0.386,0.175,0.331,0.338,0.331,4.9,0.4555,0.338,0.8,0.072,0.439,5.3
261,Mike Moustakas,CIN,33,78,285,252,0.214,0.295,0.345,0.64,0.263,0.084,0.272,7,0.131,6,3,0.409,0.592,0.756,0.839,0.385,0.568,0.15,0.256,0.661764706,0.15,0.35,0.5,0.061,0.339,0.078,0.444,0.35,0.206,3.3,0.452,0.361,0.824,0.059,0.461,19.4
262,David Fletcher,LAA,28,54,201,189,0.259,0.296,0.349,0.646,0.075,0.035,0.273,2,0.09,3,0,0.349,0.798,0.597,0.941,0.487,0.607,0.053,0.286,1.760416667,0.249,0.355,0.396,0,0.068,0.03,0.341,0.318,0.341,3.9,0.4205,0.426,0.678,0.093,0.443,14
263,Jarren Duran,BOS,25,57,219,200,0.22,0.283,0.365,0.648,0.288,0.064,0.304,3,0.145,4,1,0.342,0.559,0.711,0.877,0.425,0.607,0.124,0.278,0.6875,0.159,0.5,0.341,0.08,0.384,0.067,0.355,0.37,0.275,7.6,0.4645,0.291,0.689,0.066,0.393,9
264,Enrique Hernandez,BOS,30,86,377,338,0.225,0.294,0.346,0.641,0.18,0.085,0.261,6,0.121,3,4,0.313,0.588,0.74,0.871,0.395,0.549,0.116,0.258,1.181034483,0.182,0.387,0.431,0.055,0.339,0.051,0.467,0.314,0.219,2.5,0.4605,0.343,0.872,0.062,0.42,17.8
265,Jorge Mateo,BAL,27,142,506,469,0.222,0.267,0.386,0.653,0.279,0.049,0.287,13,0.164,5,2,0.396,0.547,0.729,0.836,0.41,0.678,0.155,0.3,0.863157895,0.204,0.387,0.409,0.06,0.319,0.097,0.36,0.366,0.273,8.4,0.4545,0.357,0.786,0.075,0.407,14.6
266,Trent Grisham,SDP,25,145,507,434,0.184,0.288,0.346,0.634,0.276,0.112,0.226,17,0.161,7,2,0.226,0.653,0.578,0.83,0.426,0.588,0.087,0.305,0.836795252,0.131,0.436,0.433,0.083,0.347,0.139,0.455,0.29,0.254,4.7,0.469,0.257,0.635,0.079,0.449,14.8
267,Whit Merrifield,- - -,33,132,524,480,0.238,0.288,0.358,0.647,0.158,0.071,0.264,10,0.121,0,7,0.349,0.738,0.711,0.875,0.426,0.592,0.09,0.245,1.002512563,0.198,0.398,0.404,0.042,0.304,0.062,0.354,0.361,0.285,5.3,0.4535,0.379,0.783,0.083,0.44,15.8
268,Alfonso Rivas,CHC,25,94,273,242,0.24,0.316,0.314,0.63,0.304,0.095,0.348,3,0.074,2,2,0.266,0.561,0.63,0.871,0.43,0.615,0.101,0.31,0.755980861,0.266,0.494,0.241,0.037,0.358,0.079,0.346,0.34,0.315,5.4,0.4555,0.346,0.756,0.072,0.423,4.9
269,Vimael Machin,OAK,28,69,239,209,0.234,0.318,0.306,0.624,0.159,0.105,0.277,1,0.072,2,3,0.302,0.75,0.663,0.915,0.395,0.569,0.068,0.247,0.966666667,0.241,0.425,0.333,0.04,0.391,0.017,0.305,0.379,0.316,2.5,0.4525,0.368,0.732,0.076,0.412,10.4
270,Victor Reyes,DET,27,84,307,288,0.26,0.293,0.354,0.647,0.225,0.039,0.333,1,0.094,3,4,0.457,0.707,0.697,0.784,0.395,0.586,0.14,0.281,0.852713178,0.236,0.455,0.309,0.04,0.363,0.015,0.414,0.302,0.284,3.9,0.453,0.354,0.776,0.065,0.445,10.4
271,Matt Duffy,LAA,31,70,225,208,0.255,0.311,0.317,0.628,0.213,0.067,0.323,2,0.063,2,0,0.313,0.639,0.644,0.917,0.419,0.587,0.088,0.274,1.066666667,0.213,0.488,0.3,0.031,0.269,0.042,0.3,0.356,0.344,0.6,0.4485,0.375,0.698,0.062,0.465,9
272,Rougned Odor,BAL,28,130,457,413,0.211,0.278,0.366,0.644,0.234,0.068,0.249,13,0.155,9,4,0.349,0.611,0.727,0.848,0.401,0.604,0.126,0.265,0.89380531,0.195,0.307,0.498,0.068,0.342,0.086,0.448,0.348,0.203,5.2,0.4645,0.303,0.833,0.056,0.423,22.1
273,Michael Chavis,PIT,26,129,426,401,0.229,0.265,0.389,0.654,0.296,0.045,0.294,14,0.16,2,4,0.438,0.581,0.779,0.83,0.41,0.707,0.163,0.283,0.783098592,0.165,0.446,0.388,0.075,0.384,0.13,0.427,0.373,0.201,3.3,0.461,0.33,0.805,0.074,0.437,11.1
274,Ezequiel Duran,TEX,23,58,220,208,0.236,0.277,0.365,0.643,0.245,0.055,0.295,5,0.13,0,0,0.421,0.631,0.727,0.823,0.413,0.705,0.144,0.278,0.93902439,0.162,0.506,0.331,0.045,0.312,0.098,0.422,0.286,0.292,5.2,0.461,0.247,0.8,0.076,0.442,9.5
275,Yuli Gurriel,HOU,38,140,563,525,0.238,0.284,0.356,0.64,0.128,0.052,0.261,8,0.118,6,3,0.379,0.8,0.648,0.939,0.391,0.638,0.062,0.25,1.098795181,0.184,0.41,0.406,0.02,0.355,0.043,0.344,0.371,0.285,3.9,0.453,0.303,0.754,0.067,0.467,14.5
276,J.J. Bleday,MIA,24,58,216,183,0.175,0.296,0.322,0.619,0.282,0.139,0.229,5,0.148,2,1,0.277,0.624,0.752,0.819,0.399,0.597,0.117,0.252,0.597087379,0.244,0.252,0.504,0.089,0.366,0.081,0.52,0.301,0.179,4.7,0.446,0.332,0.739,0.068,0.438,9.5
277,Robbie Grossman,- - -,32,125,463,399,0.208,0.309,0.308,0.617,0.27,0.117,0.28,7,0.1,6,4,0.238,0.605,0.636,0.871,0.427,0.624,0.089,0.298,0.852307692,0.238,0.314,0.448,0.036,0.299,0.056,0.486,0.313,0.201,3.5,0.4535,0.381,0.746,0.075,0.424,21.1
278,Bryson Stott,PHI,24,119,440,402,0.226,0.289,0.343,0.633,0.186,0.08,0.263,9,0.117,1,1,0.304,0.788,0.622,0.896,0.443,0.607,0.065,0.268,0.888579387,0.169,0.464,0.367,0.04,0.363,0.077,0.363,0.32,0.317,5.2,0.453,0.292,0.748,0.078,0.462,13.4
279,Bobby Dalbec,BOS,27,114,347,311,0.209,0.28,0.357,0.636,0.334,0.084,0.287,11,0.148,3,4,0.313,0.5,0.7,0.787,0.387,0.611,0.154,0.326,0.78968254,0.201,0.392,0.407,0.116,0.447,0.136,0.357,0.392,0.251,5,0.4665,0.317,0.786,0.067,0.424,15
280,Cody Bellinger,LAD,26,136,520,476,0.204,0.263,0.38,0.644,0.275,0.073,0.25,17,0.176,2,4,0.335,0.678,0.696,0.81,0.424,0.588,0.118,0.265,0.706498952,0.175,0.35,0.475,0.08,0.386,0.106,0.466,0.332,0.202,6.6,0.4635,0.338,0.831,0.073,0.45,20.4
281,Cesar Hernandez,WSN,32,140,597,542,0.245,0.308,0.315,0.624,0.186,0.072,0.306,1,0.07,7,2,0.293,0.669,0.706,0.884,0.419,0.648,0.09,0.248,0.97235023,0.232,0.462,0.306,0.023,0.294,0.008,0.344,0.337,0.319,4.9,0.4405,0.337,0.78,0.072,0.452,9.1
282,Matt Vierling,PHI,25,109,337,306,0.245,0.297,0.337,0.633,0.196,0.065,0.29,5,0.092,3,6,0.316,0.711,0.597,0.894,0.437,0.641,0.079,0.298,1.029411765,0.233,0.408,0.359,0.049,0.472,0.057,0.289,0.427,0.285,4.7,0.4595,0.341,0.667,0.083,0.417,12.3
283,Gilberto Celestino,MIN,23,114,321,291,0.244,0.31,0.309,0.62,0.231,0.081,0.321,2,0.065,2,0,0.261,0.641,0.671,0.855,0.448,0.598,0.095,0.279,0.939393939,0.217,0.594,0.189,0.027,0.329,0.049,0.32,0.315,0.365,3.7,0.4635,0.283,0.667,0.077,0.443,-1.5
284,Albert Almora Jr.,CIN,28,64,235,215,0.223,0.282,0.349,0.631,0.196,0.072,0.261,5,0.126,1,1,0.388,0.672,0.692,0.872,0.415,0.574,0.111,0.27,0.98255814,0.225,0.503,0.272,0.018,0.251,0.109,0.462,0.345,0.193,4.4,0.4445,0.298,0.84,0.06,0.426,6.7
285,Yoan Moncada,CHW,27,98,408,372,0.212,0.278,0.358,0.635,0.26,0.078,0.263,12,0.145,2,1,0.308,0.568,0.678,0.849,0.426,0.603,0.12,0.293,0.895622896,0.165,0.406,0.429,0.097,0.366,0.105,0.358,0.384,0.257,3.4,0.4615,0.343,0.786,0.077,0.426,15
286,Chad Pinder,OAK,30,104,365,347,0.231,0.259,0.383,0.642,0.312,0.038,0.305,12,0.153,0,2,0.357,0.551,0.768,0.771,0.418,0.625,0.167,0.302,0.896946565,0.2,0.494,0.306,0.063,0.409,0.167,0.424,0.343,0.233,2.9,0.463,0.335,0.861,0.079,0.435,9.8
287,Willi Castro,DET,25,110,387,360,0.236,0.28,0.353,0.633,0.209,0.039,0.284,7,0.117,8,3,0.429,0.569,0.776,0.858,0.427,0.667,0.153,0.27,0.864197531,0.221,0.421,0.357,0.032,0.304,0.07,0.35,0.371,0.279,5.6,0.4395,0.35,0.825,0.072,0.44,14
288,Jared Walsh,LAA,28,118,454,423,0.215,0.269,0.374,0.642,0.304,0.059,0.281,15,0.158,4,0,0.334,0.601,0.675,0.829,0.458,0.61,0.125,0.294,0.794366197,0.181,0.454,0.365,0.095,0.425,0.146,0.421,0.354,0.225,3.2,0.472,0.283,0.921,0.073,0.448,7.9
289,Frank Schwindel,CHC,30,75,292,271,0.229,0.277,0.358,0.635,0.199,0.065,0.261,8,0.129,0,2,0.401,0.68,0.758,0.839,0.41,0.651,0.126,0.258,0.811320755,0.181,0.47,0.349,0.047,0.353,0.107,0.46,0.312,0.228,0.8,0.456,0.316,0.75,0.074,0.418,10.2
290,Jordan Luplow,ARI,28,80,225,196,0.163,0.267,0.357,0.624,0.253,0.111,0.163,11,0.194,3,1,0.284,0.556,0.752,0.824,0.42,0.52,0.129,0.269,0.693069307,0.136,0.4,0.464,0.079,0.336,0.169,0.529,0.271,0.2,4.2,0.4635,0.236,0.879,0.068,0.444,18.9
291,Jeimer Candelario,DET,28,118,443,408,0.211,0.269,0.36,0.629,0.235,0.061,0.249,13,0.15,6,2,0.364,0.645,0.751,0.859,0.393,0.594,0.12,0.252,0.897360704,0.193,0.415,0.392,0.085,0.337,0.108,0.408,0.35,0.242,2.8,0.467,0.325,0.829,0.067,0.413,8.8
292,Franmil Reyes,- - -,26,111,444,413,0.22,0.268,0.361,0.629,0.345,0.061,0.312,13,0.14,1,3,0.335,0.466,0.694,0.788,0.405,0.615,0.166,0.329,0.91958042,0.179,0.475,0.346,0.114,0.456,0.143,0.43,0.297,0.274,3.6,0.4835,0.278,0.744,0.069,0.428,9.8
293,Carson Kelly,ARI,27,97,333,297,0.209,0.282,0.333,0.616,0.201,0.084,0.242,7,0.125,4,4,0.286,0.695,0.637,0.89,0.418,0.574,0.08,0.282,0.983193277,0.192,0.406,0.402,0.056,0.359,0.074,0.393,0.389,0.218,2.9,0.454,0.333,0.743,0.078,0.451,14.7
294,Omar Narvaez,MIL,30,79,285,254,0.213,0.295,0.315,0.61,0.193,0.095,0.255,4,0.102,3,1,0.32,0.72,0.751,0.84,0.415,0.596,0.102,0.229,0.776470588,0.207,0.354,0.439,0.025,0.19,0.046,0.405,0.33,0.265,1.6,0.4355,0.375,0.805,0.072,0.436,18.1
295,Jo Adell,LAA,23,80,257,242,0.223,0.262,0.364,0.625,0.37,0.039,0.333,7,0.14,3,1,0.372,0.574,0.726,0.753,0.416,0.646,0.167,0.321,0.643171806,0.212,0.404,0.384,0.094,0.376,0.125,0.476,0.32,0.204,3.9,0.457,0.338,0.72,0.077,0.413,15.9
296,Jose Siri,- - -,26,97,308,284,0.215,0.273,0.345,0.618,0.328,0.065,0.305,7,0.13,3,1,0.391,0.544,0.7,0.777,0.392,0.646,0.17,0.33,0.776824034,0.204,0.431,0.365,0.065,0.332,0.106,0.397,0.348,0.255,7.8,0.4625,0.353,0.753,0.077,0.41,15.3
297,Calvin Mitchell,PIT,23,64,220,200,0.215,0.279,0.335,0.614,0.232,0.082,0.262,5,0.12,0,1,0.35,0.54,0.707,0.883,0.433,0.636,0.127,0.273,0.961538462,0.227,0.48,0.293,0.053,0.404,0.114,0.483,0.285,0.232,3,0.4765,0.355,0.873,0.065,0.42,22.3
298,Adam Frazier,SEA,30,150,579,520,0.235,0.299,0.308,0.607,0.119,0.078,0.263,3,0.073,5,5,0.325,0.78,0.701,0.928,0.423,0.617,0.063,0.23,1.043678161,0.233,0.419,0.348,0.015,0.241,0.019,0.365,0.365,0.27,4.8,0.4465,0.372,0.778,0.085,0.427,13.3
299,Alek Thomas,ARI,22,113,411,381,0.231,0.275,0.344,0.619,0.18,0.054,0.263,8,0.113,3,5,0.366,0.652,0.643,0.843,0.449,0.647,0.115,0.297,1.278688525,0.17,0.58,0.25,0.038,0.346,0.103,0.359,0.353,0.288,3.7,0.459,0.279,0.752,0.068,0.43,2.6
300,Nick Senzel,CIN,27,110,420,373,0.231,0.296,0.306,0.601,0.181,0.071,0.276,5,0.075,5,1,0.314,0.665,0.695,0.891,0.412,0.664,0.093,0.267,1.142307692,0.226,0.461,0.313,0.032,0.324,0.054,0.397,0.37,0.233,3.7,0.453,0.35,0.797,0.081,0.408,11.7
301,Spencer Torkelson,DET,22,103,377,334,0.204,0.289,0.311,0.601,0.236,0.095,0.257,6,0.108,5,2,0.275,0.59,0.699,0.871,0.43,0.578,0.103,0.275,0.875886525,0.194,0.417,0.389,0.077,0.401,0.063,0.429,0.324,0.247,2.2,0.4675,0.34,0.797,0.086,0.43,14.6
302,Garrett Hampson,COL,27,87,219,192,0.214,0.292,0.313,0.604,0.269,0.096,0.293,2,0.099,1,2,0.295,0.569,0.613,0.877,0.433,0.626,0.105,0.3,0.819354839,0.165,0.488,0.346,0.043,0.275,0.045,0.297,0.442,0.261,8.4,0.4595,0.297,0.778,0.073,0.409,9.9
303,Miguel Cabrera,DET,39,107,413,379,0.251,0.3,0.309,0.609,0.235,0.063,0.322,4,0.058,3,5,0.343,0.656,0.734,0.825,0.4,0.622,0.122,0.276,0.976190476,0.223,0.53,0.247,0.045,0.383,0.056,0.348,0.369,0.282,1.4,0.459,0.345,0.809,0.071,0.434,5.1
304,Yan Gomes,CHC,34,83,283,267,0.232,0.259,0.36,0.618,0.159,0.028,0.248,8,0.127,3,4,0.412,0.718,0.72,0.913,0.408,0.622,0.094,0.253,1.097087379,0.217,0.451,0.332,0.035,0.295,0.107,0.445,0.361,0.194,2.7,0.4535,0.388,0.688,0.082,0.43,9.1
305,Jacob Stallings,MIA,32,110,368,333,0.225,0.294,0.297,0.592,0.217,0.076,0.284,4,0.072,5,1,0.307,0.625,0.629,0.903,0.403,0.628,0.093,0.297,1.072033898,0.198,0.427,0.375,0.035,0.322,0.042,0.365,0.314,0.322,1.1,0.4575,0.321,0.728,0.071,0.431,18.3
306,Diego Castillo,PIT,24,91,270,249,0.201,0.248,0.373,0.622,0.267,0.052,0.229,11,0.173,3,4,0.329,0.634,0.574,0.834,0.431,0.596,0.11,0.336,1.034285714,0.177,0.414,0.409,0.105,0.392,0.149,0.436,0.354,0.21,2.2,0.466,0.359,0.695,0.087,0.405,14.5
307,Miguel Rojas,MIA,33,136,495,460,0.235,0.281,0.324,0.605,0.121,0.051,0.257,6,0.089,6,3,0.346,0.706,0.665,0.958,0.407,0.632,0.072,0.252,1.275316456,0.206,0.467,0.328,0.02,0.27,0.045,0.344,0.342,0.314,3.9,0.4465,0.332,0.722,0.081,0.443,10.2
308,Aristides Aquino,CIN,28,78,270,253,0.198,0.248,0.364,0.612,0.367,0.063,0.278,10,0.166,0,0,0.43,0.487,0.774,0.787,0.395,0.637,0.199,0.304,0.641666667,0.182,0.39,0.429,0.084,0.344,0.152,0.5,0.279,0.221,2.2,0.4615,0.266,0.916,0.078,0.397,16.8
309,Nick Madrigal,CHC,25,59,228,209,0.249,0.305,0.282,0.588,0.118,0.061,0.286,0,0.033,3,0,0.319,0.843,0.61,0.956,0.427,0.658,0.04,0.265,1.064705882,0.21,0.608,0.182,0,0.239,0,0.337,0.37,0.293,3.2,0.438,0.266,0.726,0.073,0.452,-0.2
310,Kyle Higashioka,NYY,32,78,228,210,0.214,0.252,0.362,0.614,0.206,0.048,0.233,8,0.148,1,4,0.327,0.601,0.734,0.854,0.438,0.618,0.12,0.262,1.084415584,0.222,0.329,0.449,0.095,0.485,0.107,0.479,0.373,0.148,2.1,0.4795,0.367,0.813,0.09,0.397,18.2
311,Eddie Rosario,ATL,30,75,252,233,0.215,0.266,0.339,0.605,0.242,0.067,0.266,5,0.124,0,2,0.414,0.607,0.707,0.835,0.376,0.631,0.145,0.3,0.945355191,0.197,0.393,0.41,0.057,0.333,0.07,0.437,0.414,0.149,5.1,0.4655,0.333,0.791,0.072,0.413,15.4
312,Kole Calhoun,TEX,34,118,410,375,0.2,0.261,0.339,0.6,0.317,0.063,0.267,12,0.139,6,3,0.366,0.514,0.795,0.754,0.389,0.6,0.185,0.299,0.763076923,0.242,0.379,0.379,0.101,0.484,0.128,0.476,0.343,0.181,2.9,0.478,0.407,0.896,0.07,0.41,15.7
313,Victor Robles,WSN,25,126,387,348,0.227,0.279,0.316,0.595,0.256,0.044,0.297,6,0.089,9,3,0.355,0.579,0.721,0.843,0.45,0.682,0.133,0.274,0.814035088,0.207,0.401,0.392,0.034,0.233,0.066,0.439,0.302,0.26,6.7,0.4405,0.298,0.842,0.09,0.405,16.1
314,Andrew Knizner,STL,27,91,272,240,0.204,0.295,0.279,0.574,0.21,0.092,0.256,3,0.075,6,0,0.358,0.658,0.667,0.901,0.402,0.654,0.1,0.277,0.879807692,0.169,0.437,0.393,0.033,0.321,0.042,0.418,0.315,0.266,1.9,0.4425,0.283,0.661,0.058,0.448,16.9
315,Yasmani Grandal,CHW,33,95,361,313,0.201,0.302,0.272,0.574,0.213,0.122,0.249,5,0.07,2,2,0.247,0.679,0.587,0.866,0.432,0.546,0.079,0.287,1.004219409,0.21,0.429,0.361,0.05,0.391,0.058,0.378,0.307,0.315,1.1,0.458,0.303,0.641,0.078,0.403,12
316,Sergio Alcantara,- - -,25,87,204,187,0.219,0.262,0.342,0.605,0.26,0.054,0.273,5,0.123,1,3,0.278,0.642,0.617,0.861,0.431,0.593,0.094,0.314,0.906666667,0.213,0.441,0.346,0.014,0.324,0.106,0.403,0.281,0.317,4,0.4485,0.324,0.723,0.075,0.441,12.8
317,Josh Smith,TEX,24,64,222,188,0.202,0.308,0.255,0.563,0.194,0.104,0.247,2,0.053,7,3,0.228,0.667,0.637,0.861,0.434,0.577,0.081,0.273,0.973154362,0.234,0.345,0.421,0.013,0.282,0.033,0.356,0.403,0.242,3.6,0.4595,0.331,0.776,0.074,0.432,12
318,Martin Maldonado,HOU,35,108,367,333,0.186,0.25,0.348,0.598,0.3,0.06,0.227,14,0.162,7,2,0.35,0.479,0.693,0.85,0.425,0.665,0.149,0.308,0.802867384,0.174,0.42,0.406,0.079,0.408,0.154,0.447,0.311,0.241,1.8,0.461,0.32,0.779,0.072,0.422,14.7
319,Tomas Nido,NYM,28,93,298,269,0.242,0.28,0.316,0.596,0.248,0.047,0.323,2,0.074,1,2,0.447,0.585,0.815,0.748,0.396,0.701,0.193,0.288,0.919047619,0.212,0.503,0.285,0.053,0.316,0.036,0.306,0.407,0.287,1.7,0.464,0.397,0.919,0.062,0.438,8.1
320,Brad Miller,TEX,32,81,241,222,0.212,0.27,0.32,0.59,0.29,0.075,0.274,7,0.108,0,1,0.337,0.486,0.736,0.772,0.424,0.598,0.171,0.317,0.987012987,0.171,0.421,0.408,0.078,0.399,0.113,0.359,0.32,0.32,2.9,0.471,0.275,0.818,0.072,0.445,14.1
321,CJ Abrams,- - -,21,83,276,258,0.236,0.274,0.318,0.592,0.167,0.018,0.278,2,0.081,9,2,0.434,0.682,0.728,0.877,0.448,0.667,0.116,0.255,1.034482759,0.19,0.476,0.333,0.023,0.315,0.029,0.343,0.389,0.269,5.8,0.456,0.301,0.818,0.072,0.435,8.7
322,Maikel Franco,WSN,29,103,388,371,0.229,0.255,0.342,0.597,0.193,0.031,0.262,9,0.113,2,3,0.425,0.624,0.691,0.846,0.417,0.649,0.138,0.298,1.12406015,0.197,0.445,0.358,0.047,0.344,0.084,0.468,0.318,0.214,2,0.455,0.331,0.77,0.071,0.428,11.5
323,Avisail Garcia,MIA,31,93,359,339,0.23,0.267,0.316,0.583,0.284,0.039,0.306,7,0.086,4,2,0.457,0.47,0.845,0.83,0.369,0.671,0.206,0.292,0.901886792,0.188,0.556,0.255,0.063,0.448,0.115,0.351,0.393,0.255,3.3,0.472,0.272,0.891,0.072,0.438,2.3
324,Kyle Isbel,KCR,25,99,258,238,0.206,0.257,0.328,0.585,0.264,0.054,0.268,4,0.122,3,2,0.312,0.708,0.646,0.893,0.423,0.597,0.082,0.277,0.862944162,0.188,0.447,0.365,0.052,0.451,0.065,0.48,0.312,0.208,7.9,0.476,0.289,0.779,0.069,0.451,9.9
325,Max Stassi,LAA,31,99,365,325,0.182,0.268,0.298,0.567,0.301,0.104,0.245,8,0.117,1,1,0.252,0.481,0.696,0.8,0.419,0.616,0.135,0.299,1.028571429,0.097,0.528,0.375,0.093,0.384,0.099,0.366,0.403,0.231,1.9,0.47,0.259,0.78,0.078,0.419,9.4
326,Myles Straw,CLE,27,146,576,519,0.218,0.289,0.272,0.56,0.142,0.09,0.257,0,0.054,1,3,0.234,0.783,0.599,0.94,0.465,0.627,0.044,0.272,1.148825065,0.184,0.477,0.339,0.007,0.27,0,0.265,0.379,0.356,6.5,0.442,0.338,0.7,0.093,0.422,9.6
327,Nicky Lopez,KCR,27,137,465,422,0.232,0.286,0.28,0.565,0.135,0.06,0.272,0,0.047,4,1,0.338,0.777,0.679,0.887,0.43,0.622,0.076,0.245,1.04719764,0.214,0.541,0.245,0.016,0.232,0,0.292,0.384,0.324,6.3,0.4445,0.316,0.793,0.071,0.447,5
328,Adam Engel,CHW,30,113,247,233,0.223,0.267,0.309,0.576,0.287,0.045,0.313,2,0.086,3,0,0.327,0.494,0.674,0.824,0.414,0.684,0.146,0.317,1.118055556,0.205,0.404,0.391,0.012,0.327,0.032,0.42,0.321,0.259,6.9,0.4495,0.29,0.806,0.071,0.436,14.4
329,Geraldo Perdomo,ARI,22,141,476,412,0.194,0.284,0.265,0.548,0.212,0.099,0.244,5,0.07,5,1,0.239,0.703,0.598,0.884,0.455,0.611,0.07,0.28,0.857549858,0.223,0.475,0.302,0.022,0.263,0.055,0.412,0.347,0.241,5.7,0.447,0.282,0.712,0.083,0.431,11.7
330,Sheldon Neuse,OAK,27,89,293,271,0.214,0.273,0.288,0.561,0.273,0.068,0.289,4,0.074,2,0,0.35,0.536,0.727,0.88,0.416,0.625,0.131,0.286,0.779591837,0.178,0.639,0.183,0.031,0.382,0.114,0.309,0.356,0.335,5.4,0.46,0.23,0.753,0.08,0.408,1.5
331,Jackie Bradley Jr.,- - -,32,128,357,333,0.204,0.254,0.315,0.569,0.207,0.062,0.251,4,0.111,0,0,0.323,0.636,0.71,0.783,0.446,0.613,0.134,0.295,1.137168142,0.167,0.498,0.335,0.05,0.375,0.047,0.425,0.349,0.226,3,0.448,0.333,0.716,0.067,0.445,12.3
332,Didi Gregorius,PHI,32,63,232,214,0.21,0.263,0.304,0.567,0.155,0.056,0.246,1,0.093,3,2,0.448,0.633,0.824,0.914,0.411,0.638,0.126,0.214,0.824074074,0.191,0.399,0.41,0.028,0.228,0.014,0.344,0.422,0.233,5.1,0.4405,0.333,0.873,0.076,0.424,15.8
333,Sam Hilliard,COL,28,70,200,174,0.184,0.28,0.264,0.544,0.285,0.115,0.256,2,0.08,1,2,0.238,0.492,0.699,0.744,0.431,0.57,0.146,0.307,0.888059701,0.185,0.445,0.37,0.092,0.487,0.045,0.361,0.429,0.21,6.3,0.477,0.277,0.796,0.062,0.461,13.4
334,Jonathan Villar,- - -,31,59,220,202,0.208,0.26,0.302,0.562,0.268,0.068,0.275,3,0.094,0,2,0.34,0.597,0.757,0.762,0.393,0.614,0.154,0.268,0.87195122,0.175,0.601,0.224,0.027,0.397,0.094,0.301,0.452,0.247,7.3,0.4615,0.247,0.855,0.071,0.436,-0.7
335,Mauricio Dubon,- - -,27,99,255,233,0.215,0.254,0.313,0.567,0.11,0.051,0.22,5,0.099,1,5,0.395,0.814,0.751,0.901,0.429,0.671,0.074,0.212,1,0.167,0.383,0.45,0.023,0.291,0.053,0.347,0.418,0.235,3.3,0.441,0.286,0.824,0.077,0.426,16.7
336,Taylor Walls,TBR,25,135,446,392,0.173,0.264,0.281,0.545,0.26,0.105,0.225,7,0.107,2,2,0.241,0.661,0.662,0.821,0.44,0.599,0.098,0.288,0.878980892,0.21,0.366,0.424,0.06,0.285,0.06,0.371,0.332,0.296,5.6,0.4675,0.409,0.776,0.068,0.444,15.8
337,Robinson Chirinos,BAL,38,64,211,186,0.177,0.267,0.274,0.541,0.308,0.09,0.252,3,0.097,4,1,0.355,0.511,0.718,0.806,0.392,0.621,0.16,0.299,0.759493671,0.175,0.4,0.425,0.065,0.317,0.059,0.504,0.341,0.154,1.7,0.4465,0.301,0.78,0.05,0.429,18.3
338,Paul DeJong,STL,28,70,212,186,0.156,0.25,0.296,0.546,0.325,0.094,0.204,6,0.14,4,2,0.299,0.494,0.733,0.774,0.405,0.623,0.157,0.308,0.74375,0.168,0.336,0.496,0.101,0.387,0.102,0.504,0.193,0.303,3,0.464,0.261,0.836,0.063,0.432,21.1
339,Nick Allen,OAK,23,92,297,273,0.212,0.261,0.289,0.551,0.209,0.057,0.264,3,0.077,1,0,0.371,0.63,0.717,0.876,0.403,0.653,0.118,0.263,0.990430622,0.184,0.512,0.304,0.014,0.226,0.048,0.3,0.327,0.373,3.2,0.4295,0.272,0.75,0.079,0.435,7.5
340,Abraham Toro,SEA,25,102,332,306,0.183,0.238,0.32,0.558,0.175,0.066,0.194,9,0.137,1,3,0.332,0.68,0.639,0.901,0.424,0.602,0.088,0.274,1.135746606,0.143,0.406,0.45,0.068,0.303,0.08,0.466,0.339,0.195,3.6,0.454,0.307,0.608,0.063,0.42,16.1
341,Jonathan Schoop,DET,30,125,484,459,0.203,0.236,0.327,0.562,0.211,0.035,0.234,11,0.124,4,4,0.406,0.615,0.769,0.857,0.405,0.638,0.138,0.271,1.046376812,0.194,0.468,0.338,0.047,0.385,0.09,0.399,0.396,0.205,4.5,0.461,0.291,0.761,0.069,0.415,9.4
342,Tucker Barnhart,DET,31,90,293,269,0.212,0.274,0.257,0.53,0.242,0.075,0.284,1,0.045,1,0,0.301,0.66,0.671,0.893,0.424,0.662,0.089,0.267,0.907407407,0.163,0.531,0.306,0.015,0.246,0.017,0.372,0.342,0.286,0.6,0.44,0.302,0.725,0.072,0.455,10
343,Yadier Molina,STL,39,76,261,254,0.22,0.241,0.311,0.552,0.146,0.019,0.242,5,0.091,2,0,0.465,0.759,0.744,0.849,0.425,0.701,0.112,0.241,0.939130435,0.204,0.384,0.412,0.032,0.264,0.056,0.389,0.375,0.236,2.9,0.4445,0.338,0.746,0.071,0.458,16.7
344,Andrew Velazquez,LAA,27,125,349,322,0.196,0.236,0.304,0.54,0.341,0.043,0.274,9,0.109,3,3,0.342,0.514,0.758,0.771,0.436,0.67,0.17,0.302,0.716911765,0.195,0.467,0.338,0.066,0.335,0.136,0.335,0.41,0.255,6.1,0.4665,0.33,0.87,0.076,0.439,8.2
345,Austin Hedges,CLE,29,100,323,281,0.167,0.243,0.256,0.499,0.223,0.071,0.195,7,0.089,6,3,0.32,0.597,0.679,0.84,0.414,0.663,0.12,0.283,1.004784689,0.186,0.39,0.424,0.027,0.225,0.079,0.455,0.333,0.212,3.1,0.446,0.324,0.7,0.066,0.432,16
346,Leury Garcia,CHW,31,97,315,300,0.21,0.233,0.267,0.5,0.206,0.022,0.255,3,0.057,3,3,0.411,0.665,0.762,0.84,0.433,0.648,0.131,0.256,0.890151515,0.204,0.502,0.294,0.042,0.342,0.043,0.35,0.388,0.263,4.3,0.4525,0.3,0.86,0.087,0.427,6.2
347,Brett Phillips,- - -,28,83,225,201,0.144,0.217,0.249,0.466,0.418,0.071,0.233,5,0.104,3,1,0.247,0.519,0.656,0.699,0.459,0.622,0.155,0.336,0.627218935,0.236,0.321,0.443,0.045,0.286,0.106,0.473,0.321,0.205,5.9,0.462,0.321,0.773,0.09,0.416,22.8
348,Cristian Pache,OAK,23,86,248,231,0.16,0.211,0.225,0.436,0.274,0.056,0.217,2,0.065,1,0,0.31,0.526,0.731,0.819,0.43,0.702,0.141,0.295,1.102040816,0.167,0.586,0.247,0.036,0.418,0.05,0.461,0.364,0.176,3.7,0.4565,0.248,0.781,0.073,0.425,2.8