Unnamed: 0,Season,Name,Age,Team,Game,PA,AB,xAVG,xOBP,xSLG,xOPS,xHR,AVG,OBP,SLG,OPS,HR,OPS-xOPS,HBP,SF,xK%,xBB%,xHR%,xBABIP,xISO,xK,xBB,xEvents,xBIP,xH
297,2022,Cristian Pache,23,OAK,68,214,201,0.234,0.284,0.385,0.669,2,0.159,0.203,0.224,0.427,2,-0.242,0,0,0.217,0.064,0.105,0.296,0.151,46,14,154,152,46.992
249,2022,Bryan De La Cruz,25,MIA,90,261,244,0.268,0.318,0.469,0.787,7,0.205,0.249,0.332,0.581,7,-0.206,1,2,0.245,0.068,0.285,0.345,0.201,64,18,176,169,65.305
61,2022,Myles Straw,27,CLE,116,466,417,0.273,0.334,0.366,0.7,0,0.204,0.28,0.257,0.536,0,-0.164,1,3,0.137,0.083,-0.01,0.317,0.093,64,39,359,359,113.803
206,2022,Joey Gallo,28,- - -,96,315,268,0.2,0.302,0.533,0.835,19,0.172,0.295,0.377,0.672,15,-0.163,1,0,0.401,0.12,0.598,0.264,0.333,126,38,150,131,53.584
225,2022,Yasmani Grandal,33,CHW,74,290,251,0.235,0.33,0.397,0.727,4,0.203,0.307,0.259,0.566,3,-0.161,2,1,0.203,0.117,0.125,0.29,0.162,59,34,194,190,59.1
256,2022,Austin Hedges,29,CLE,78,252,218,0.218,0.307,0.377,0.684,7,0.174,0.257,0.266,0.523,6,-0.161,5,2,0.222,0.094,0.267,0.256,0.159,56,24,165,158,47.448
282,2022,Brett Phillips,28,- - -,83,225,201,0.173,0.276,0.35,0.626,7,0.144,0.217,0.249,0.466,5,-0.16,3,1,0.399,0.115,0.332,0.284,0.177,90,26,105,98,34.832
227,2022,Leury Garcia,31,CHW,83,288,273,0.246,0.285,0.386,0.671,3,0.212,0.238,0.275,0.512,3,-0.159,3,3,0.208,0.044,0.109,0.312,0.14,60,13,209,206,67.272
254,2022,Matt Vierling,25,PHI,85,255,229,0.266,0.323,0.446,0.769,5,0.223,0.286,0.328,0.614,5,-0.155,2,4,0.211,0.075,0.212,0.327,0.18,54,19,176,171,60.917
141,2022,Geraldo Perdomo,22,ARI,111,386,333,0.243,0.34,0.362,0.702,5,0.189,0.284,0.264,0.548,4,-0.154,4,0,0.21,0.117,0.124,0.302,0.119,81,45,256,251,80.802
110,2022,Max Muncy,31,LAD,102,419,342,0.228,0.345,0.507,0.852,17,0.187,0.322,0.377,0.699,16,-0.153,2,6,0.256,0.147,0.397,0.271,0.279,107,62,242,225,77.975
302,2022,Kyle Isbel,25,KCR,79,210,196,0.246,0.31,0.437,0.747,4,0.214,0.254,0.342,0.595,3,-0.152,3,2,0.209,0.074,0.173,0.314,0.191,44,16,145,141,48.274
298,2022,Ryan Jeffers,25,MIN,60,214,192,0.235,0.311,0.506,0.817,7,0.214,0.291,0.375,0.666,7,-0.151,0,0,0.243,0.1,0.325,0.285,0.271,52,21,141,134,45.19
158,2022,Jeimer Candelario,28,DET,99,368,339,0.238,0.301,0.431,0.732,10,0.195,0.255,0.327,0.583,10,-0.149,6,1,0.218,0.067,0.27,0.288,0.193,80,25,256,246,80.848
161,2022,Kole Calhoun,34,TEX,100,361,332,0.231,0.299,0.467,0.766,12,0.208,0.266,0.355,0.621,11,-0.145,5,2,0.312,0.077,0.345,0.322,0.236,113,28,213,201,76.722
216,2022,Andrew Velazquez,27,LAA,110,305,280,0.22,0.286,0.385,0.671,7,0.196,0.237,0.289,0.527,6,-0.144,3,3,0.314,0.08,0.244,0.317,0.165,96,24,179,172,61.524
230,2022,Abraham Toro,25,SEA,84,285,261,0.227,0.279,0.423,0.702,7,0.18,0.239,0.322,0.56,8,-0.142,1,3,0.162,0.068,0.242,0.25,0.196,46,19,216,209,59.25
128,2022,Nicky Lopez,27,KCR,118,407,368,0.288,0.342,0.371,0.713,0,0.236,0.291,0.283,0.574,0,-0.139,4,1,0.145,0.066,0,0.335,0.083,59,27,316,316,105.86
156,2022,Taylor Walls,25,TBR,110,369,323,0.225,0.316,0.391,0.707,7,0.18,0.274,0.294,0.569,6,-0.138,2,2,0.229,0.115,0.18,0.284,0.166,85,42,238,231,72.604
221,2022,Brandon Belt,34,SFG,78,298,254,0.22,0.341,0.472,0.813,9,0.213,0.326,0.35,0.676,8,-0.137,6,1,0.27,0.136,0.286,0.291,0.252,80,41,170,161,55.851
88,2022,Jonathan Schoop,30,DET,115,447,425,0.244,0.28,0.408,0.688,9,0.202,0.235,0.318,0.553,9,-0.135,4,3,0.216,0.042,0.206,0.3,0.164,97,19,324,315,103.5
262,2022,Christian Bethancourt,30,- - -,76,249,235,0.26,0.29,0.506,0.796,8,0.238,0.278,0.391,0.67,8,-0.126,2,0,0.248,0.033,0.31,0.314,0.246,62,8,177,169,61.066
130,2022,Max Kepler,29,MIN,102,404,351,0.261,0.345,0.448,0.793,9,0.225,0.317,0.353,0.67,9,-0.123,5,4,0.161,0.103,0.226,0.296,0.187,65,42,288,279,91.584
212,2022,Tyler O'Neill,27,STL,77,311,277,0.242,0.31,0.459,0.769,9,0.227,0.293,0.354,0.646,8,-0.123,4,6,0.276,0.082,0.281,0.323,0.217,86,26,189,180,67.14
170,2022,Nick Senzel,27,CIN,91,350,310,0.276,0.339,0.409,0.748,4,0.245,0.307,0.319,0.626,4,-0.122,5,1,0.178,0.071,0.124,0.322,0.133,62,25,257,253,85.466
252,2022,Diego Castillo,24,PIT,84,257,239,0.229,0.283,0.452,0.735,10,0.201,0.245,0.368,0.613,10,-0.122,2,3,0.258,0.068,0.381,0.282,0.223,66,17,169,159,54.838
222,2022,Spencer Torkelson,22,DET,83,298,264,0.222,0.292,0.406,0.698,6,0.197,0.282,0.295,0.577,5,-0.121,3,2,0.247,0.08,0.187,0.278,0.184,74,24,195,189,58.542
85,2022,Marcell Ozuna,31,ATL,108,450,417,0.228,0.286,0.486,0.772,18,0.213,0.262,0.391,0.653,20,-0.119,2,4,0.241,0.073,0.396,0.271,0.258,108,33,303,285,95.235
146,2022,Carlos Santana,36,- - -,97,379,317,0.232,0.333,0.459,0.792,11,0.199,0.325,0.35,0.675,11,-0.117,2,2,0.176,0.123,0.294,0.25,0.227,67,47,261,250,73.5
29,2022,Kyle Schwarber,29,PHI,119,510,442,0.236,0.34,0.583,0.923,33,0.213,0.314,0.493,0.807,35,-0.116,3,2,0.294,0.133,0.647,0.28,0.347,150,68,287,254,104.12
208,2022,Martin Maldonado,35,HOU,92,312,283,0.212,0.279,0.43,0.709,14,0.18,0.243,0.35,0.593,12,-0.116,5,2,0.315,0.072,0.44,0.269,0.218,98,22,185,171,59.999
111,2022,Mike Yastrzemski,31,SFG,111,419,361,0.233,0.333,0.468,0.801,13,0.211,0.31,0.377,0.687,12,-0.114,4,4,0.229,0.123,0.301,0.284,0.235,96,52,263,250,84
138,2022,A.J. Pollock,34,CHW,103,389,360,0.254,0.296,0.459,0.755,7,0.236,0.285,0.356,0.641,7,-0.114,2,3,0.193,0.055,0.18,0.3,0.205,75,21,288,281,91.3
299,2022,Yan Gomes,34,CHC,64,214,204,0.267,0.295,0.41,0.705,5,0.221,0.248,0.343,0.591,6,-0.114,2,2,0.131,0.032,0.249,0.291,0.143,28,7,175,170,54.47
246,2022,Riley Greene,21,DET,59,265,243,0.259,0.322,0.435,0.757,5,0.239,0.298,0.35,0.648,4,-0.109,1,1,0.256,0.083,0.19,0.345,0.176,68,22,173,168,62.96
263,2022,Wander Franco,21,TBR,58,247,227,0.312,0.353,0.458,0.811,4,0.26,0.308,0.396,0.704,5,-0.107,0,3,0.108,0.063,0.178,0.339,0.146,27,16,201,197,70.783
40,2022,Adam Frazier,30,SEA,123,491,440,0.281,0.332,0.398,0.73,3,0.243,0.309,0.314,0.623,3,-0.107,4,4,0.119,0.064,0.065,0.309,0.117,58,31,394,391,123.819
192,2022,Bobby Dalbec,27,BOS,107,328,293,0.215,0.296,0.445,0.741,13,0.205,0.277,0.358,0.636,11,-0.105,3,4,0.334,0.098,0.385,0.302,0.23,110,32,179,166,63.132
175,2022,Gary Sanchez,29,MIN,92,343,311,0.221,0.284,0.489,0.773,11,0.215,0.283,0.386,0.669,11,-0.104,4,2,0.269,0.071,0.324,0.275,0.268,92,24,221,210,68.75
293,2022,Jose Siri,26,- - -,69,217,200,0.211,0.268,0.383,0.651,4,0.19,0.249,0.3,0.549,3,-0.102,3,1,0.369,0.062,0.184,0.329,0.172,80,13,120,116,42.164
264,2022,Tomas Nido,28,NYM,77,246,219,0.235,0.286,0.348,0.634,0,0.224,0.269,0.265,0.534,0,-0.1,1,1,0.271,0.059,-0.002,0.318,0.113,67,15,162,162,51.516
288,2022,Jonathan Villar,31,- - -,59,220,202,0.238,0.31,0.352,0.662,3,0.208,0.26,0.302,0.562,3,-0.1,0,2,0.255,0.1,0.147,0.329,0.114,56,22,140,137,48.073
79,2022,Jared Walsh,28,LAA,118,454,423,0.238,0.293,0.448,0.741,17,0.215,0.269,0.374,0.642,15,-0.099,4,0,0.269,0.063,0.365,0.296,0.21,122,29,299,282,100.472
211,2022,Max Stassi,31,LAA,83,311,276,0.203,0.287,0.403,0.69,7,0.192,0.28,0.312,0.591,7,-0.099,1,1,0.255,0.104,0.23,0.257,0.2,79,32,198,191,56.087
196,2022,Yoan Moncada,27,CHW,80,324,294,0.21,0.278,0.401,0.679,7,0.197,0.269,0.313,0.581,7,-0.098,2,1,0.264,0.081,0.219,0.271,0.191,86,26,209,202,61.742
273,2022,Victor Caratini,28,MIL,72,234,199,0.252,0.354,0.435,0.789,9,0.211,0.325,0.367,0.692,8,-0.097,8,1,0.222,0.104,0.379,0.294,0.183,52,24,149,140,50.16
241,2022,Nolan Gorman,22,STL,74,271,244,0.245,0.33,0.519,0.849,13,0.238,0.314,0.439,0.752,13,-0.097,2,0,0.304,0.106,0.489,0.323,0.274,82,29,158,145,59.835
307,2022,Oneil Cruz,23,PIT,52,205,191,0.227,0.286,0.458,0.744,11,0.199,0.249,0.398,0.647,10,-0.097,0,1,0.348,0.08,0.55,0.306,0.231,71,16,117,106,43.436
19,2022,Corey Seager,28,TEX,118,520,460,0.3,0.365,0.531,0.896,23,0.257,0.333,0.467,0.8,26,-0.096,6,5,0.161,0.084,0.449,0.321,0.231,84,44,381,358,137.918
180,2022,Bryson Stott,24,PHI,94,341,314,0.263,0.322,0.427,0.749,8,0.229,0.29,0.363,0.653,8,-0.096,1,0,0.151,0.076,0.228,0.293,0.164,51,26,263,255,82.715
251,2022,J.D. Davis,29,- - -,83,258,225,0.237,0.327,0.502,0.829,10,0.244,0.333,0.4,0.733,8,-0.096,5,2,0.338,0.1,0.384,0.339,0.265,87,26,138,128,53.392
153,2022,Joey Votto,38,CIN,91,376,322,0.228,0.335,0.446,0.781,12,0.205,0.319,0.37,0.689,11,-0.092,10,0,0.254,0.113,0.319,0.284,0.218,96,42,228,216,73.344
80,2022,Nelson Cruz,41,WSN,111,454,403,0.246,0.316,0.44,0.756,11,0.236,0.314,0.35,0.664,10,-0.092,3,2,0.267,0.086,0.251,0.317,0.194,121,39,289,278,99.126
267,2022,Pavin Smith,26,ARI,65,241,213,0.212,0.301,0.443,0.744,8,0.207,0.29,0.362,0.652,9,-0.092,1,2,0.226,0.113,0.351,0.249,0.231,54,27,157,149,45.101
284,2022,Kevin Kiermaier,32,TBR,63,221,206,0.264,0.323,0.418,0.741,8,0.228,0.281,0.369,0.649,7,-0.092,1,0,0.253,0.077,0.342,0.334,0.154,56,17,147,139,54.426
309,2022,Dylan Moore,29,SEA,86,201,160,0.195,0.361,0.463,0.824,5,0.206,0.357,0.375,0.732,5,-0.092,11,1,0.313,0.156,0.26,0.291,0.268,63,31,95,90,31.19
209,2022,Austin Nola,32,SDP,84,311,270,0.254,0.332,0.406,0.738,4,0.248,0.325,0.322,0.647,3,-0.091,5,7,0.151,0.097,0.114,0.296,0.152,47,30,222,218,68.528
215,2022,Jorge Soler,30,MIA,72,306,270,0.221,0.316,0.469,0.785,14,0.207,0.295,0.4,0.695,13,-0.09,3,1,0.28,0.115,0.459,0.273,0.248,86,35,181,167,59.591
58,2022,Whit Merrifield,33,- - -,110,469,427,0.269,0.313,0.42,0.733,7,0.241,0.294,0.349,0.643,7,-0.09,0,7,0.153,0.065,0.146,0.306,0.151,72,30,360,353,115.018
127,2022,Miguel Rojas,33,MIA,109,407,376,0.268,0.316,0.385,0.701,6,0.231,0.281,0.33,0.611,6,-0.09,4,3,0.13,0.06,0.139,0.299,0.117,53,24,323,317,100.783
124,2022,Luke Voit,31,- - -,98,410,356,0.214,0.315,0.496,0.811,18,0.222,0.315,0.407,0.722,16,-0.089,6,4,0.329,0.117,0.432,0.293,0.282,135,48,217,199,76.307
23,2022,Christian Yelich,30,MIL,118,515,441,0.279,0.368,0.453,0.821,11,0.254,0.356,0.376,0.732,9,-0.089,4,2,0.238,0.114,0.215,0.355,0.174,123,59,327,316,123.18
188,2022,Giancarlo Stanton,32,NYY,81,333,293,0.256,0.332,0.561,0.893,22,0.229,0.31,0.495,0.805,24,-0.088,0,3,0.273,0.106,0.674,0.291,0.305,91,35,204,182,74.962
178,2022,Avisail Garcia,31,MIA,88,342,323,0.238,0.278,0.4,0.678,8,0.232,0.269,0.322,0.591,7,-0.087,4,2,0.27,0.045,0.223,0.311,0.162,92,15,229,221,76.731
253,2022,Franchy Cordero,27,BOS,76,255,224,0.236,0.31,0.47,0.78,7,0.223,0.304,0.388,0.693,6,-0.087,1,2,0.33,0.094,0.294,0.334,0.234,84,24,144,137,52.758
210,2022,Jackie Bradley Jr,32,- - -,104,311,290,0.23,0.271,0.395,0.666,3,0.21,0.259,0.321,0.58,3,-0.086,0,0,0.219,0.053,0.094,0.285,0.165,68,16,227,224,66.84
174,2022,Darin Ruf,35,- - -,102,343,294,0.234,0.323,0.456,0.779,13,0.218,0.324,0.371,0.694,11,-0.085,5,2,0.274,0.103,0.369,0.287,0.222,94,35,207,194,68.678
272,2022,Brad Miller,32,TEX,79,236,217,0.219,0.266,0.412,0.678,7,0.212,0.271,0.323,0.594,7,-0.084,0,1,0.293,0.061,0.316,0.28,0.193,69,14,152,145,47.6
305,2022,Mauricio Dubon,27,- - -,77,206,188,0.242,0.267,0.396,0.663,4,0.218,0.26,0.319,0.579,4,-0.084,0,4,0.109,0.041,0.17,0.247,0.154,22,8,172,168,45.496
137,2022,Keibert Ruiz,23,WSN,100,390,353,0.266,0.325,0.427,0.752,6,0.246,0.311,0.357,0.668,6,-0.084,6,2,0.122,0.066,0.146,0.291,0.161,48,26,308,302,93.882
204,2022,Adam Duvall,33,ATL,86,315,287,0.211,0.277,0.484,0.761,12,0.213,0.276,0.401,0.677,12,-0.084,5,2,0.286,0.069,0.382,0.264,0.273,90,22,196,184,60.576
32,2022,Tommy Edman,27,STL,121,505,461,0.281,0.335,0.441,0.776,9,0.256,0.317,0.377,0.695,9,-0.081,3,1,0.166,0.07,0.179,0.323,0.16,84,35,382,373,129.479
119,2022,Seth Brown,29,OAK,115,414,376,0.248,0.313,0.486,0.799,16,0.223,0.292,0.426,0.718,17,-0.081,3,1,0.25,0.079,0.396,0.3,0.238,104,33,273,257,93.1
81,2022,Trent Grisham,25,SDP,122,454,387,0.211,0.33,0.408,0.738,17,0.194,0.298,0.359,0.657,15,-0.081,5,2,0.248,0.144,0.38,0.256,0.197,113,65,269,252,81.512
144,2022,Rougned Odor,28,BAL,111,383,347,0.215,0.282,0.426,0.708,11,0.202,0.266,0.36,0.627,11,-0.081,6,4,0.231,0.072,0.293,0.258,0.211,88,28,257,246,74.468
166,2022,Tim Anderson,29,CHW,79,351,332,0.321,0.354,0.461,0.815,6,0.301,0.339,0.395,0.734,6,-0.081,5,0,0.152,0.033,0.161,0.366,0.14,53,12,281,275,106.65
270,2022,Carson Kelly,27,ARI,69,238,217,0.232,0.294,0.424,0.718,6,0.217,0.277,0.359,0.637,6,-0.081,3,2,0.196,0.073,0.247,0.272,0.192,47,17,169,163,50.336
93,2022,Ke'Bryan Hayes,25,PIT,105,442,399,0.268,0.341,0.419,0.76,6,0.251,0.321,0.358,0.68,6,-0.08,3,1,0.197,0.096,0.145,0.333,0.151,87,42,309,303,106.899
223,2022,Nick Gordon,26,MIN,101,296,273,0.277,0.32,0.505,0.825,6,0.275,0.32,0.425,0.745,5,-0.08,5,2,0.226,0.045,0.195,0.343,0.228,67,13,209,203,75.629
11,2022,Cesar Hernandez,32,WSN,124,531,485,0.252,0.326,0.367,0.693,0,0.245,0.305,0.309,0.614,0,-0.079,6,1,0.183,0.09,0.005,0.322,0.115,97,48,379,379,122.038
68,2022,Matt Chapman,29,TOR,117,463,412,0.234,0.328,0.528,0.856,25,0.235,0.313,0.464,0.777,24,-0.079,7,3,0.266,0.113,0.531,0.282,0.294,123,52,278,253,96.346
190,2022,Harold Castro,28,DET,91,330,311,0.295,0.334,0.452,0.786,5,0.28,0.309,0.399,0.708,5,-0.078,1,2,0.176,0.055,0.151,0.353,0.157,58,18,251,246,91.838
296,2022,Mitch Garver,31,TEX,54,215,188,0.225,0.316,0.464,0.78,11,0.207,0.298,0.404,0.702,10,-0.078,2,2,0.247,0.11,0.489,0.254,0.239,53,24,134,123,42.242
96,2022,Cody Bellinger,26,LAD,111,440,403,0.227,0.296,0.452,0.748,17,0.208,0.266,0.404,0.67,17,-0.078,2,4,0.25,0.088,0.396,0.278,0.225,110,39,285,268,91.504
162,2022,Brandon Marsh,24,- - -,105,357,324,0.24,0.301,0.411,0.712,10,0.228,0.285,0.349,0.634,8,-0.078,3,3,0.32,0.076,0.286,0.338,0.171,114,27,210,200,77.6
172,2022,Franmil Reyes,26,- - -,86,346,327,0.218,0.271,0.452,0.723,12,0.229,0.263,0.382,0.645,11,-0.078,1,3,0.322,0.069,0.346,0.304,0.234,111,24,207,195,71.28
236,2022,Michael Brantley,35,HOU,64,277,243,0.31,0.376,0.487,0.863,5,0.288,0.37,0.416,0.785,5,-0.078,1,1,0.104,0.09,0.182,0.326,0.177,29,25,221,216,75.416
165,2022,Ramon Urias,28,BAL,93,352,324,0.262,0.313,0.469,0.782,13,0.247,0.291,0.414,0.705,13,-0.077,3,4,0.207,0.065,0.368,0.304,0.207,73,23,249,236,84.744
154,2022,Robbie Grossman,32,- - -,100,376,323,0.211,0.31,0.387,0.697,6,0.214,0.316,0.303,0.62,4,-0.077,6,3,0.262,0.113,0.15,0.282,0.176,99,42,226,220,68.04
244,2022,Enrique Hernandez,30,BOS,59,269,244,0.215,0.268,0.416,0.684,5,0.209,0.268,0.34,0.608,5,-0.076,2,4,0.176,0.065,0.168,0.245,0.201,47,17,199,194,52.53
238,2022,Joey Wendle,32,MIA,75,275,255,0.275,0.32,0.384,0.704,2,0.247,0.291,0.337,0.628,2,-0.076,5,3,0.123,0.048,0.064,0.313,0.109,34,13,220,218,70.234
242,2022,Sheldon Neuse,27,OAK,77,270,250,0.25,0.3,0.353,0.653,4,0.22,0.278,0.3,0.578,4,-0.075,2,0,0.271,0.058,0.164,0.334,0.103,73,16,179,175,62.45
274,2022,Didi Gregorius,32,PHI,63,232,214,0.232,0.273,0.369,0.642,1,0.21,0.263,0.304,0.567,1,-0.075,3,2,0.181,0.043,0.044,0.279,0.137,42,10,175,174,49.546
120,2022,Isiah Kiner-Falefa,27,NYY,112,413,377,0.285,0.332,0.38,0.712,1,0.268,0.316,0.321,0.637,1,-0.075,5,5,0.116,0.059,0.017,0.322,0.095,48,24,331,330,107.26
197,2022,Raimel Tapia,28,TOR,97,323,307,0.285,0.313,0.429,0.742,5,0.267,0.289,0.378,0.667,5,-0.075,0,1,0.162,0.039,0.155,0.327,0.144,52,13,257,252,87.404
129,2022,Ronald Acuna Jr,24,ATL,90,405,348,0.25,0.357,0.493,0.85,11,0.273,0.368,0.408,0.776,10,-0.074,9,3,0.225,0.125,0.283,0.316,0.243,91,51,251,240,86.84
148,2022,Miguel Cabrera,39,DET,98,379,346,0.258,0.313,0.393,0.706,5,0.26,0.311,0.321,0.632,4,-0.074,3,5,0.227,0.072,0.119,0.333,0.135,86,27,258,253,89.249
135,2022,Owen Miller,25,CLE,108,396,355,0.264,0.319,0.404,0.723,5,0.239,0.295,0.355,0.65,5,-0.073,7,9,0.167,0.066,0.133,0.313,0.14,66,26,288,283,93.579
49,2022,Alec Bohm,25,PHI,116,476,442,0.299,0.343,0.466,0.809,10,0.292,0.326,0.412,0.737,10,-0.072,3,8,0.172,0.065,0.208,0.357,0.167,82,31,352,342,132.094
171,2022,Salvador Perez,32,KCR,84,348,328,0.229,0.28,0.492,0.772,17,0.226,0.264,0.436,0.7,17,-0.072,5,2,0.243,0.054,0.478,0.264,0.263,85,19,237,220,75.08
308,2022,Alfonso Rivas,25,CHC,71,201,177,0.254,0.323,0.378,0.701,4,0.232,0.313,0.316,0.63,3,-0.071,2,2,0.301,0.085,0.181,0.356,0.124,61,17,119,115,44.94
189,2022,Ben Gamel,30,PIT,89,332,293,0.258,0.344,0.436,0.78,6,0.249,0.334,0.375,0.71,5,-0.07,3,1,0.236,0.108,0.18,0.334,0.178,78,36,214,208,75.472
291,2022,Cavan Biggio,27,TOR,68,217,183,0.227,0.337,0.432,0.769,4,0.219,0.333,0.366,0.699,3,-0.07,3,1,0.272,0.131,0.172,0.307,0.205,59,28,126,122,41.454
195,2022,Jesus Sanchez,24,MIA,93,325,297,0.225,0.3,0.428,0.728,12,0.205,0.271,0.387,0.658,12,-0.07,3,1,0.256,0.09,0.379,0.279,0.203,83,29,209,197,66.963
306,2022,Nick Allen,23,OAK,65,205,189,0.231,0.294,0.327,0.621,3,0.201,0.26,0.291,0.551,3,-0.07,1,0,0.187,0.077,0.15,0.276,0.096,38,16,150,147,43.572
106,2022,Kyle Farmer,31,CIN,106,426,381,0.281,0.346,0.425,0.771,7,0.262,0.329,0.373,0.702,7,-0.069,14,4,0.169,0.061,0.154,0.33,0.144,72,26,310,303,106.99
201,2022,Victor Robles,25,WSN,105,321,287,0.22,0.295,0.359,0.654,5,0.223,0.282,0.303,0.585,4,-0.069,9,1,0.253,0.07,0.151,0.286,0.139,81,22,208,203,63.058
108,2022,Josh Donaldson,36,NYY,102,420,370,0.224,0.305,0.459,0.764,14,0.224,0.307,0.389,0.696,12,-0.068,6,4,0.287,0.092,0.322,0.292,0.235,121,39,250,236,82.912
139,2022,Maikel Franco,29,WSN,103,388,371,0.235,0.264,0.401,0.665,9,0.229,0.255,0.342,0.597,9,-0.068,2,3,0.209,0.036,0.224,0.28,0.166,81,14,288,279,87.12
143,2022,MJ Melendez,23,KCR,95,383,328,0.246,0.324,0.477,0.801,15,0.226,0.321,0.412,0.733,14,-0.068,1,6,0.254,0.104,0.396,0.293,0.231,97,40,239,224,80.632
260,2022,Brandon Lowe,27,TBR,60,249,221,0.252,0.316,0.477,0.793,8,0.235,0.317,0.407,0.725,8,-0.068,2,1,0.251,0.076,0.324,0.304,0.225,62,19,165,157,55.728
71,2022,Jesse Winker,28,SEA,112,462,387,0.241,0.346,0.436,0.782,13,0.23,0.348,0.367,0.715,13,-0.067,1,3,0.184,0.136,0.281,0.27,0.195,85,63,310,297,93.19
187,2022,Rafael Ortega,31,CHC,106,334,284,0.239,0.327,0.417,0.744,7,0.232,0.325,0.352,0.677,6,-0.067,2,6,0.193,0.113,0.201,0.28,0.178,64,38,224,217,67.76
310,2022,Vinnie Pasquantino,24,KCR,49,200,175,0.271,0.341,0.509,0.85,7,0.263,0.35,0.434,0.784,8,-0.066,2,1,0.124,0.084,0.374,0.273,0.238,25,17,155,148,47.404
55,2022,Ryan McMahon,27,COL,119,470,412,0.261,0.345,0.457,0.802,15,0.248,0.334,0.403,0.737,13,-0.065,4,3,0.276,0.106,0.315,0.346,0.196,130,50,283,268,107.728
182,2022,Brandon Crawford,35,SFG,87,339,301,0.229,0.303,0.408,0.711,7,0.219,0.301,0.346,0.646,7,-0.065,8,2,0.212,0.073,0.196,0.275,0.179,72,25,232,225,68.875
69,2022,Ryan Mountcastle,25,BAL,109,463,427,0.256,0.304,0.491,0.795,17,0.251,0.298,0.433,0.731,18,-0.064,2,5,0.259,0.065,0.374,0.319,0.235,120,30,306,289,109.191
125,2022,Eduardo Escobar,33,NYM,102,409,375,0.228,0.274,0.443,0.717,12,0.216,0.269,0.384,0.653,12,-0.064,1,5,0.25,0.062,0.292,0.278,0.215,102,25,276,264,85.392
70,2022,Andrew McCutchen,35,MIL,106,462,415,0.246,0.319,0.451,0.77,14,0.243,0.312,0.395,0.707,14,-0.063,3,4,0.201,0.094,0.296,0.289,0.205,93,43,319,305,102.145
151,2022,Luis Urias,25,MIL,91,378,326,0.227,0.318,0.441,0.759,14,0.218,0.312,0.383,0.696,14,-0.063,7,5,0.227,0.104,0.379,0.264,0.214,86,39,241,227,73.928
202,2022,Cal Raleigh,25,SEA,92,319,286,0.219,0.295,0.509,0.804,17,0.206,0.279,0.462,0.741,18,-0.063,2,3,0.286,0.095,0.533,0.26,0.29,91,30,193,176,62.76
217,2022,Jacob Stallings,32,MIA,93,304,277,0.221,0.287,0.359,0.646,3,0.224,0.287,0.296,0.583,3,-0.063,4,1,0.222,0.074,0.111,0.281,0.138,67,22,210,207,61.167
57,2022,Tommy Pham,34,- - -,110,470,420,0.254,0.319,0.451,0.77,16,0.243,0.315,0.393,0.708,14,-0.062,1,4,0.256,0.088,0.337,0.315,0.197,120,41,304,288,106.72
155,2022,Aaron Hicks,32,NYY,105,372,313,0.21,0.321,0.376,0.697,7,0.214,0.334,0.3,0.635,6,-0.062,3,1,0.252,0.131,0.192,0.269,0.166,94,49,225,218,65.642
123,2022,Justin Turner,37,LAD,99,411,362,0.261,0.339,0.456,0.795,9,0.26,0.331,0.403,0.734,9,-0.061,5,7,0.177,0.099,0.22,0.31,0.195,73,41,285,276,94.56
20,2022,Juan Soto,23,- - -,119,517,405,0.289,0.43,0.524,0.954,23,0.252,0.413,0.481,0.894,23,-0.06,3,0,0.145,0.187,0.44,0.295,0.235,75,97,342,319,117.105
136,2022,Gio Urshela,30,MIN,105,390,360,0.289,0.318,0.482,0.8,10,0.269,0.31,0.431,0.741,11,-0.059,0,6,0.162,0.047,0.264,0.321,0.193,63,18,303,293,104.053
179,2022,Trevor Story,29,BOS,81,342,307,0.228,0.297,0.475,0.772,15,0.221,0.289,0.423,0.713,15,-0.059,3,4,0.282,0.086,0.448,0.282,0.247,96,29,210,195,69.99
97,2022,Jorge Polanco,28,MIN,102,438,370,0.241,0.334,0.483,0.817,16,0.238,0.347,0.411,0.758,16,-0.059,1,4,0.229,0.122,0.369,0.277,0.242,100,53,280,264,89.128
269,2022,Tucker Barnhart,31,DET,76,239,221,0.196,0.272,0.295,0.567,0,0.208,0.268,0.24,0.508,0,-0.059,1,0,0.218,0.094,-0.013,0.264,0.099,52,22,164,164,43.296
176,2022,Ji-Man Choi,31,TBR,89,343,292,0.23,0.345,0.431,0.776,10,0.236,0.341,0.377,0.718,8,-0.058,0,3,0.284,0.154,0.297,0.317,0.201,97,53,190,180,67.06
177,2022,Ramon Laureano,27,OAK,84,343,309,0.224,0.305,0.448,0.753,12,0.223,0.3,0.395,0.695,12,-0.058,9,0,0.268,0.079,0.343,0.282,0.224,92,27,215,203,69.246
205,2022,Chas McCormick,27,HOU,91,315,277,0.262,0.326,0.478,0.804,13,0.238,0.327,0.419,0.746,12,-0.058,1,1,0.277,0.083,0.399,0.318,0.216,87,26,200,187,72.466
115,2022,Jorge Mateo,27,BAL,116,417,386,0.253,0.308,0.433,0.741,13,0.231,0.278,0.404,0.683,12,-0.058,5,1,0.275,0.062,0.306,0.329,0.18,115,26,270,257,97.553
145,2022,Byron Buxton,28,MIN,92,382,340,0.248,0.325,0.565,0.89,28,0.224,0.306,0.526,0.833,28,-0.057,7,1,0.305,0.085,0.737,0.286,0.317,117,32,225,197,84.342
200,2022,Tyrone Taylor,28,MIL,91,321,297,0.235,0.288,0.451,0.739,12,0.222,0.274,0.407,0.682,12,-0.057,5,2,0.243,0.056,0.366,0.28,0.216,78,18,218,206,69.68
48,2022,J.P. Crawford,27,SEA,113,478,421,0.27,0.351,0.392,0.743,5,0.257,0.335,0.352,0.687,5,-0.056,6,4,0.125,0.102,0.104,0.307,0.122,60,49,359,354,113.678
87,2022,Javier Baez,29,DET,109,447,419,0.237,0.28,0.412,0.692,11,0.224,0.266,0.37,0.636,11,-0.056,5,3,0.249,0.047,0.249,0.299,0.175,111,21,307,296,99.504
14,2022,Bo Bichette,24,TOR,121,529,498,0.268,0.31,0.469,0.779,17,0.261,0.301,0.424,0.724,17,-0.055,0,2,0.208,0.059,0.323,0.316,0.201,110,31,386,369,133.604
259,2022,Jack Suwinski,23,PIT,72,250,222,0.228,0.312,0.459,0.771,15,0.198,0.288,0.428,0.716,14,-0.055,4,0,0.292,0.092,0.59,0.264,0.231,73,23,150,135,50.64
33,2022,Christian Walker,31,ARI,121,502,432,0.253,0.345,0.514,0.859,27,0.227,0.323,0.481,0.804,30,-0.055,6,6,0.189,0.116,0.531,0.265,0.261,95,58,337,310,109.15
285,2022,Lars Nootbaar,24,STL,72,221,182,0.278,0.376,0.502,0.878,9,0.247,0.362,0.462,0.824,8,-0.054,1,4,0.217,0.134,0.401,0.322,0.224,48,30,138,129,50.538
86,2022,Gleyber Torres,25,NYY,112,447,413,0.246,0.311,0.474,0.785,17,0.247,0.298,0.433,0.732,18,-0.053,3,2,0.216,0.082,0.378,0.291,0.228,97,37,308,291,101.681
186,2022,Joc Pederson,30,SFG,103,334,296,0.264,0.34,0.541,0.881,17,0.257,0.332,0.497,0.829,18,-0.052,6,3,0.199,0.091,0.498,0.288,0.277,66,30,229,212,78.056
25,2022,Adolis Garcia,29,TEX,120,514,477,0.255,0.309,0.494,0.803,21,0.256,0.302,0.451,0.752,20,-0.051,4,4,0.283,0.069,0.402,0.33,0.239,145,35,326,305,121.65
94,2022,Will Smith,27,LAD,105,442,385,0.271,0.364,0.512,0.876,16,0.27,0.355,0.47,0.825,18,-0.051,7,4,0.163,0.117,0.373,0.303,0.241,72,52,307,291,104.173
51,2022,Anthony Rizzo,32,NYY,112,473,401,0.262,0.358,0.517,0.875,27,0.224,0.338,0.486,0.825,28,-0.05,17,2,0.202,0.092,0.566,0.272,0.255,96,44,314,287,105.064
147,2022,Kolten Wong,31,MIL,100,379,328,0.26,0.356,0.414,0.77,9,0.241,0.326,0.393,0.72,8,-0.05,11,5,0.191,0.109,0.228,0.316,0.154,72,41,250,241,85.156
28,2022,Shohei Ohtani,27,LAA,121,514,446,0.281,0.357,0.555,0.912,26,0.262,0.354,0.509,0.863,27,-0.049,4,3,0.242,0.1,0.506,0.324,0.274,124,51,332,306,125.144
292,2022,Christian Arroyo,27,BOS,64,217,201,0.292,0.337,0.473,0.81,5,0.289,0.333,0.428,0.761,5,-0.049,3,1,0.154,0.051,0.214,0.328,0.181,33,11,169,164,58.792
75,2022,Rowdy Tellez,27,MIL,117,457,404,0.25,0.327,0.515,0.842,23,0.23,0.317,0.475,0.793,26,-0.049,5,1,0.199,0.091,0.51,0.264,0.265,91,42,318,295,100.88
82,2022,Daulton Varsho,25,ARI,114,453,404,0.238,0.298,0.471,0.769,17,0.233,0.304,0.418,0.722,17,-0.047,5,4,0.236,0.069,0.384,0.274,0.233,107,31,306,289,96.186
92,2022,Connor Joe,29,COL,103,442,382,0.258,0.346,0.406,0.752,7,0.243,0.344,0.361,0.705,6,-0.047,6,1,0.21,0.103,0.155,0.317,0.148,93,46,296,289,98.613
279,2022,Andrew Knizner,27,STL,75,226,197,0.218,0.297,0.358,0.655,1,0.228,0.324,0.284,0.609,1,-0.046,5,0,0.216,0.074,0.059,0.273,0.14,49,17,155,154,43.042
181,2022,Seiya Suzuki,27,CHC,85,341,304,0.248,0.324,0.458,0.782,10,0.25,0.323,0.414,0.737,10,-0.045,3,3,0.235,0.096,0.295,0.308,0.21,80,33,222,212,75.296
46,2022,DJ LeMahieu,33,NYY,111,484,417,0.304,0.378,0.449,0.827,12,0.278,0.374,0.408,0.782,12,-0.045,4,2,0.149,0.097,0.238,0.331,0.145,72,47,359,347,126.857
152,2022,Daniel Vogelbach,29,- - -,103,377,318,0.244,0.36,0.484,0.844,17,0.236,0.353,0.447,0.799,16,-0.045,1,1,0.235,0.151,0.462,0.286,0.24,89,57,229,212,77.632
277,2022,Matt Reynolds,31,- - -,77,229,207,0.251,0.316,0.382,0.698,3,0.246,0.314,0.338,0.653,3,-0.045,1,1,0.291,0.081,0.152,0.355,0.131,67,19,141,138,51.99
295,2022,Jarren Duran,25,BOS,56,215,197,0.229,0.297,0.407,0.704,3,0.223,0.288,0.371,0.659,3,-0.045,4,0,0.274,0.069,0.15,0.314,0.178,59,15,137,134,45.076
0,2022,Marcus Semien,31,TEX,123,555,501,0.244,0.309,0.442,0.751,18,0.238,0.295,0.411,0.707,20,-0.044,3,9,0.172,0.086,0.326,0.273,0.198,95,48,400,382,122.286
101,2022,Tony Kemp,30,OAK,114,428,377,0.23,0.295,0.353,0.648,4,0.223,0.3,0.305,0.605,4,-0.043,6,3,0.143,0.07,0.104,0.255,0.123,61,30,328,324,86.62
132,2022,Thairo Estrada,26,SFG,105,403,368,0.282,0.337,0.422,0.759,10,0.258,0.308,0.408,0.716,11,-0.043,9,5,0.16,0.059,0.26,0.322,0.14,64,24,301,291,103.702
157,2022,Garrett Cooper,31,MIA,94,368,323,0.267,0.343,0.46,0.803,8,0.269,0.345,0.415,0.76,7,-0.043,8,5,0.233,0.086,0.225,0.341,0.193,86,32,237,229,86.089
275,2022,Albert Almora Jr,28,CIN,63,231,212,0.264,0.299,0.38,0.679,5,0.226,0.283,0.354,0.636,5,-0.043,1,1,0.192,0.045,0.211,0.3,0.116,44,10,175,170,56
13,2022,Rhys Hoskins,29,PHI,124,530,462,0.251,0.347,0.503,0.85,27,0.245,0.338,0.47,0.807,26,-0.043,4,2,0.248,0.122,0.502,0.295,0.252,131,65,328,301,115.795
226,2022,Luis Guillorme,27,NYM,86,289,258,0.302,0.366,0.388,0.754,2,0.283,0.355,0.357,0.712,2,-0.042,0,0,0.139,0.09,0.074,0.344,0.086,40,26,223,221,78.024
76,2022,Jesus Aguilar,32,MIA,113,456,415,0.229,0.287,0.429,0.716,15,0.236,0.286,0.388,0.674,15,-0.042,4,5,0.258,0.071,0.325,0.284,0.2,118,32,297,282,95.088
90,2022,Yordan Alvarez,25,HOU,107,445,371,0.314,0.407,0.634,1.041,29,0.294,0.398,0.601,0.999,31,-0.042,5,6,0.193,0.128,0.653,0.334,0.32,86,57,291,262,116.508
229,2022,Elias Diaz,31,COL,78,286,260,0.247,0.308,0.42,0.728,7,0.235,0.297,0.388,0.686,7,-0.042,2,2,0.185,0.077,0.245,0.286,0.173,53,22,207,200,64.2
91,2022,Willy Adames,26,MIL,101,444,402,0.236,0.299,0.493,0.792,23,0.226,0.291,0.46,0.751,25,-0.041,1,4,0.257,0.083,0.523,0.271,0.257,114,37,288,265,94.815
231,2022,Mike Moustakas,33,CIN,78,285,252,0.204,0.273,0.408,0.681,8,0.214,0.295,0.345,0.64,7,-0.041,6,3,0.274,0.068,0.268,0.254,0.204,78,19,179,171,51.434
266,2022,Jazz Chisholm Jr,24,MIA,60,241,213,0.273,0.343,0.558,0.901,14,0.254,0.325,0.535,0.86,14,-0.041,3,3,0.275,0.088,0.561,0.33,0.285,66,21,148,134,58.22
53,2022,Patrick Wisdom,30,CHC,117,471,411,0.204,0.298,0.491,0.789,24,0.217,0.311,0.438,0.749,22,-0.04,6,2,0.352,0.107,0.52,0.269,0.287,166,50,247,223,83.987
239,2022,Aledmys Diaz,31,HOU,78,274,254,0.253,0.314,0.446,0.76,9,0.252,0.303,0.417,0.72,10,-0.04,2,1,0.167,0.076,0.341,0.284,0.193,46,21,204,195,64.38
24,2022,Jurickson Profar,29,SDP,118,515,444,0.262,0.355,0.417,0.772,12,0.243,0.341,0.392,0.733,12,-0.039,4,2,0.177,0.119,0.238,0.302,0.155,91,61,357,345,116.19
59,2022,Kyle Tucker,25,HOU,115,468,415,0.27,0.347,0.507,0.854,19,0.26,0.338,0.477,0.815,22,-0.039,0,2,0.159,0.106,0.41,0.288,0.237,74,50,342,323,112.024
142,2022,David Peralta,34,- - -,105,385,349,0.25,0.296,0.482,0.778,12,0.246,0.309,0.43,0.739,12,-0.039,2,3,0.234,0.058,0.317,0.294,0.232,90,22,268,256,87.264
234,2022,Emmanuel Rivera,26,- - -,79,278,255,0.26,0.321,0.467,0.788,10,0.247,0.309,0.439,0.749,10,-0.039,4,0,0.21,0.069,0.345,0.301,0.207,58,19,197,187,66.287
109,2022,Jeremy Pena,24,HOU,102,419,389,0.246,0.298,0.444,0.742,16,0.247,0.287,0.416,0.704,16,-0.038,5,5,0.246,0.062,0.371,0.302,0.198,103,26,280,264,95.728
245,2022,Jon Berti,32,MIA,69,266,232,0.26,0.346,0.412,0.758,2,0.263,0.353,0.366,0.72,2,-0.038,2,1,0.205,0.109,0.081,0.33,0.152,55,29,179,177,60.41
104,2022,Taylor Ward,28,LAA,101,427,371,0.253,0.343,0.494,0.837,17,0.261,0.351,0.447,0.799,17,-0.038,4,3,0.22,0.113,0.387,0.295,0.241,94,48,278,261,93.995
42,2022,Alex Verdugo,26,BOS,118,490,454,0.273,0.319,0.435,0.754,6,0.28,0.324,0.392,0.717,7,-0.037,3,4,0.127,0.062,0.129,0.306,0.162,62,30,391,385,123.81
294,2022,Adam Engel,30,CHW,93,216,202,0.223,0.296,0.355,0.651,3,0.233,0.282,0.332,0.614,2,-0.037,3,0,0.262,0.083,0.12,0.311,0.132,57,18,138,135,44.985
74,2022,Julio Rodriguez,21,SEA,108,458,420,0.262,0.324,0.512,0.836,20,0.269,0.328,0.471,0.799,20,-0.037,7,1,0.264,0.069,0.442,0.325,0.25,121,32,297,277,110.025
213,2022,Chad Pinder,30,OAK,85,310,296,0.235,0.277,0.41,0.687,11,0.236,0.262,0.389,0.651,10,-0.036,0,2,0.284,0.059,0.355,0.307,0.175,88,18,202,191,69.637
286,2022,Gilberto Celestino,23,MIN,86,220,202,0.264,0.327,0.352,0.679,2,0.257,0.312,0.332,0.644,2,-0.035,2,0,0.223,0.078,0.089,0.342,0.088,49,17,152,150,53.3
17,2022,Eugenio Suarez,30,SEA,124,522,444,0.222,0.332,0.479,0.811,26,0.227,0.335,0.441,0.777,23,-0.034,8,4,0.309,0.128,0.498,0.283,0.257,161,67,282,256,98.448
224,2022,Frank Schwindel,30,CHC,75,292,271,0.233,0.273,0.396,0.669,8,0.229,0.277,0.358,0.635,8,-0.034,0,2,0.216,0.056,0.276,0.271,0.163,63,16,211,203,63.013
261,2022,Brian Anderson,29,MIA,65,249,218,0.233,0.315,0.437,0.752,6,0.243,0.337,0.381,0.718,5,-0.034,3,0,0.312,0.092,0.246,0.322,0.204,78,23,145,139,50.758
240,2022,Austin Slater,29,SFG,101,271,230,0.259,0.365,0.436,0.801,6,0.265,0.373,0.396,0.768,5,-0.033,5,1,0.294,0.126,0.239,0.369,0.177,80,34,151,145,59.505
50,2022,Bobby Witt Jr,22,KCR,115,476,444,0.251,0.303,0.471,0.774,16,0.252,0.294,0.448,0.742,18,-0.032,6,4,0.21,0.06,0.341,0.297,0.22,100,29,337,321,111.337
185,2022,Alek Thomas,22,ARI,90,335,310,0.271,0.314,0.397,0.711,8,0.248,0.301,0.377,0.679,8,-0.032,3,1,0.194,0.052,0.236,0.315,0.126,65,17,249,241,83.915
184,2022,Josh Harrison,34,CHW,94,337,306,0.248,0.306,0.398,0.704,6,0.245,0.307,0.366,0.673,6,-0.031,10,1,0.165,0.047,0.174,0.282,0.15,56,16,254,248,75.936
102,2022,Carlos Correa,27,MIN,99,427,375,0.249,0.323,0.473,0.796,14,0.264,0.344,0.421,0.766,14,-0.03,2,4,0.211,0.096,0.328,0.287,0.224,90,41,290,276,93.212
122,2022,Hunter Dozier,30,KCR,102,411,376,0.231,0.298,0.422,0.72,10,0.237,0.299,0.391,0.69,10,-0.03,3,1,0.237,0.081,0.254,0.288,0.191,97,33,277,267,86.896
250,2022,Tyler Naquin,31,- - -,78,259,239,0.26,0.315,0.482,0.797,10,0.247,0.302,0.464,0.767,10,-0.03,3,0,0.268,0.061,0.391,0.324,0.222,69,16,171,161,62.164
66,2022,Trey Mancini,30,- - -,110,464,414,0.246,0.32,0.471,0.791,16,0.263,0.334,0.428,0.762,16,-0.029,9,4,0.242,0.081,0.346,0.301,0.225,112,38,301,285,101.785
140,2022,Lane Thomas,26,WSN,110,387,358,0.239,0.293,0.422,0.715,12,0.24,0.287,0.399,0.686,12,-0.029,3,4,0.209,0.067,0.31,0.282,0.183,81,26,273,261,85.602
131,2022,Teoscar Hernandez,29,TOR,99,404,376,0.256,0.304,0.509,0.813,18,0.261,0.312,0.473,0.785,18,-0.028,2,0,0.292,0.059,0.456,0.324,0.253,118,24,260,242,96.408
103,2022,Santiago Espinal,27,TOR,114,427,392,0.264,0.318,0.413,0.731,7,0.27,0.322,0.383,0.704,7,-0.027,1,3,0.147,0.076,0.156,0.3,0.149,63,32,328,321,103.3
281,2022,Victor Reyes,27,DET,65,226,215,0.254,0.295,0.409,0.704,1,0.279,0.31,0.367,0.677,1,-0.027,1,1,0.221,0.052,0.056,0.333,0.155,50,12,162,161,54.613
54,2022,Sean Murphy,27,OAK,115,471,415,0.254,0.327,0.48,0.807,15,0.255,0.334,0.448,0.782,16,-0.025,10,4,0.212,0.078,0.324,0.296,0.226,100,37,320,305,105.28
72,2022,Yandy Diaz,30,TBR,111,460,389,0.281,0.378,0.43,0.808,7,0.275,0.385,0.398,0.783,7,-0.025,5,1,0.116,0.121,0.142,0.303,0.149,53,56,345,338,109.414
289,2022,Kevin Newman,28,PIT,53,220,206,0.269,0.317,0.391,0.708,1,0.267,0.309,0.374,0.683,1,-0.025,2,1,0.138,0.06,0.044,0.314,0.122,30,13,174,173,55.322
6,2022,Jake Cronenworth,28,SDP,123,541,459,0.233,0.328,0.421,0.749,12,0.24,0.342,0.383,0.725,12,-0.024,15,5,0.185,0.096,0.223,0.266,0.188,100,52,369,357,106.962
43,2022,Brendan Rodgers,25,COL,113,488,445,0.289,0.334,0.453,0.787,11,0.283,0.336,0.427,0.763,11,-0.024,2,5,0.169,0.064,0.222,0.329,0.164,82,31,368,357,128.453
164,2022,Josh Naylor,25,CLE,89,355,323,0.273,0.329,0.477,0.806,14,0.266,0.321,0.461,0.782,15,-0.024,3,4,0.145,0.072,0.382,0.289,0.204,51,26,271,257,88.273
64,2022,J.D. Martinez,34,BOS,107,464,413,0.249,0.321,0.475,0.796,10,0.276,0.345,0.429,0.773,9,-0.023,5,5,0.259,0.089,0.217,0.328,0.226,120,41,293,283,102.824
194,2022,Yadiel Hernandez,34,WSN,94,327,305,0.258,0.31,0.435,0.745,9,0.269,0.312,0.41,0.722,9,-0.023,1,2,0.243,0.069,0.276,0.327,0.177,79,23,222,213,78.651
100,2022,J.T. Realmuto,31,PHI,106,431,385,0.273,0.342,0.484,0.826,14,0.273,0.341,0.462,0.803,14,-0.023,10,4,0.212,0.075,0.325,0.326,0.211,91,32,294,280,105.28
77,2022,Yuli Gurriel,38,HOU,114,456,423,0.248,0.299,0.396,0.695,7,0.248,0.296,0.378,0.674,7,-0.021,5,3,0.131,0.059,0.15,0.277,0.148,60,27,361,354,105.058
30,2022,Amed Rosario,26,CLE,117,509,481,0.284,0.322,0.426,0.748,7,0.285,0.32,0.407,0.728,8,-0.02,3,2,0.15,0.049,0.147,0.327,0.142,76,25,403,396,136.492
118,2022,Eric Hosmer,32,- - -,102,414,375,0.266,0.32,0.415,0.735,8,0.267,0.333,0.381,0.715,8,-0.02,1,1,0.159,0.07,0.193,0.297,0.149,66,29,317,309,99.773
121,2022,Elvis Andrus,33,- - -,112,412,379,0.234,0.297,0.383,0.68,8,0.235,0.296,0.364,0.66,8,-0.02,2,0,0.17,0.078,0.193,0.269,0.149,70,32,308,300,88.7
203,2022,Adley Rutschman,24,BAL,76,316,266,0.264,0.363,0.468,0.831,8,0.256,0.364,0.447,0.811,8,-0.02,4,3,0.183,0.123,0.26,0.305,0.204,58,39,212,204,70.22
95,2022,Ketel Marte,28,ARI,107,441,386,0.257,0.339,0.443,0.782,11,0.254,0.338,0.425,0.763,10,-0.019,5,4,0.172,0.102,0.243,0.294,0.186,76,45,311,300,99.2
98,2022,Ha-seong Kim,26,SDP,115,437,388,0.24,0.318,0.409,0.727,6,0.255,0.332,0.376,0.708,6,-0.019,5,3,0.185,0.094,0.145,0.289,0.169,81,41,307,301,92.989
37,2022,Anthony Santander,27,BAL,116,495,438,0.249,0.325,0.488,0.813,20,0.26,0.337,0.457,0.794,22,-0.019,12,4,0.193,0.079,0.413,0.275,0.239,96,39,344,324,109.1
12,2022,Vladimir Guerrero Jr,23,TOR,122,531,476,0.293,0.355,0.519,0.874,24,0.284,0.352,0.504,0.856,26,-0.018,5,3,0.172,0.079,0.444,0.316,0.226,91,42,390,366,139.656
73,2022,Austin Hays,26,BAL,112,459,421,0.257,0.313,0.444,0.757,14,0.254,0.312,0.428,0.739,14,-0.018,10,2,0.195,0.054,0.31,0.296,0.187,90,25,332,318,108.128
207,2022,Willi Castro,25,DET,88,313,291,0.247,0.29,0.38,0.67,5,0.247,0.291,0.361,0.652,5,-0.018,6,3,0.238,0.042,0.163,0.315,0.133,74,13,217,212,71.78
287,2022,Joey Bart,25,SFG,71,220,196,0.217,0.3,0.434,0.734,12,0.23,0.314,0.403,0.717,10,-0.017,4,0,0.387,0.085,0.563,0.306,0.217,85,19,112,100,42.6
247,2022,Harrison Bader,28,STL,72,264,246,0.232,0.297,0.393,0.69,5,0.256,0.303,0.37,0.673,5,-0.017,4,1,0.167,0.072,0.176,0.273,0.161,44,19,196,191,57.143
149,2022,Josh Rojas,28,ARI,92,378,330,0.281,0.36,0.428,0.788,8,0.285,0.36,0.412,0.772,7,-0.016,1,4,0.179,0.112,0.202,0.332,0.147,68,42,263,255,92.66
173,2022,Chris Taylor,31,LAD,89,344,305,0.201,0.29,0.436,0.726,10,0.23,0.311,0.4,0.711,8,-0.015,2,2,0.391,0.108,0.296,0.324,0.235,135,37,168,158,61.192
257,2022,Jean Segura,32,PHI,63,252,231,0.284,0.34,0.428,0.768,7,0.286,0.341,0.411,0.753,8,-0.015,4,1,0.134,0.065,0.288,0.309,0.144,34,16,197,190,65.71
258,2022,Eric Haase,29,DET,83,251,230,0.22,0.28,0.421,0.701,9,0.235,0.291,0.396,0.686,8,-0.015,0,2,0.295,0.081,0.35,0.285,0.201,74,20,155,146,50.61
255,2022,Jorge Alfaro,29,SDP,72,254,238,0.226,0.266,0.43,0.696,8,0.252,0.287,0.395,0.682,7,-0.014,3,3,0.367,0.045,0.317,0.337,0.204,93,11,144,136,53.832
232,2022,Isaac Paredes,23,TBR,78,281,251,0.241,0.324,0.447,0.771,15,0.219,0.295,0.462,0.758,16,-0.013,2,2,0.159,0.105,0.542,0.243,0.206,45,30,202,187,60.441
8,2022,Pete Alonso,27,NYM,125,535,467,0.276,0.347,0.535,0.882,28,0.272,0.35,0.52,0.87,31,-0.012,10,8,0.186,0.084,0.532,0.293,0.259,100,45,372,344,128.792
47,2022,Charlie Blackmon,35,COL,111,482,441,0.282,0.329,0.439,0.768,15,0.268,0.318,0.438,0.756,16,-0.012,7,3,0.165,0.054,0.311,0.311,0.157,80,26,366,351,124.161
5,2022,Austin Riley,25,ATL,124,541,486,0.281,0.351,0.565,0.916,29,0.284,0.351,0.553,0.905,31,-0.011,13,3,0.235,0.075,0.536,0.328,0.284,127,41,357,328,136.584
304,2022,Reese McGuire,27,- - -,67,210,192,0.228,0.27,0.363,0.633,0,0.266,0.294,0.328,0.622,0,-0.011,2,3,0.183,0.046,0.012,0.279,0.135,38,10,157,157,43.803
1,2022,Matt Olson,28,ATL,126,554,488,0.25,0.335,0.505,0.84,27,0.25,0.334,0.496,0.83,27,-0.01,3,3,0.233,0.11,0.487,0.287,0.255,129,61,358,331,121.997
3,2022,Freddie Freeman,32,LAD,123,548,479,0.326,0.396,0.533,0.929,16,0.326,0.4,0.52,0.919,16,-0.01,5,6,0.155,0.098,0.286,0.367,0.207,85,54,398,382,156.194
271,2022,Luis Garcia,22,WSN,60,237,228,0.267,0.297,0.431,0.728,4,0.289,0.301,0.417,0.718,4,-0.01,1,3,0.208,0.042,0.167,0.334,0.164,49,10,174,170,60.78
150,2022,Luis Robert,24,CHW,88,378,357,0.285,0.317,0.479,0.796,11,0.3,0.336,0.451,0.787,12,-0.009,3,1,0.191,0.038,0.296,0.328,0.194,72,14,288,277,101.856
183,2022,Michael Chavis,26,PIT,105,338,320,0.231,0.272,0.437,0.709,13,0.247,0.278,0.422,0.7,13,-0.009,2,3,0.262,0.05,0.392,0.285,0.206,89,17,227,214,73.99
280,2022,Omar Narvaez,30,MIL,63,226,199,0.216,0.305,0.365,0.67,4,0.226,0.314,0.347,0.661,4,-0.009,3,1,0.197,0.102,0.183,0.26,0.149,45,23,154,150,43
36,2022,Andrew Benintendi,27,- - -,119,495,435,0.28,0.353,0.436,0.789,4,0.308,0.381,0.4,0.781,4,-0.008,2,5,0.136,0.102,0.085,0.321,0.156,67,50,371,367,121.807
45,2022,Mookie Betts,29,LAD,105,485,433,0.281,0.36,0.521,0.881,25,0.273,0.344,0.529,0.873,27,-0.008,6,3,0.146,0.102,0.507,0.292,0.24,71,49,356,331,121.652
114,2022,Nico Hoerner,25,CHC,110,418,388,0.29,0.337,0.417,0.754,6,0.291,0.34,0.407,0.747,7,-0.007,5,1,0.117,0.056,0.155,0.319,0.127,49,23,340,334,112.546
301,2022,Evan Longoria,36,SFG,62,211,185,0.244,0.331,0.515,0.846,12,0.259,0.341,0.497,0.839,12,-0.007,2,2,0.249,0.107,0.557,0.278,0.271,53,23,131,119,45.082
67,2022,Brandon Drury,29,- - -,112,463,422,0.264,0.33,0.493,0.823,22,0.263,0.322,0.495,0.817,23,-0.006,5,3,0.187,0.083,0.468,0.29,0.229,87,38,330,308,111.32
84,2022,Bryan Reynolds,27,PIT,108,451,398,0.27,0.341,0.457,0.798,21,0.254,0.337,0.455,0.792,20,-0.006,7,2,0.241,0.081,0.466,0.314,0.187,109,37,296,275,107.35
163,2022,Christian Vazquez,31,- - -,97,355,329,0.278,0.33,0.435,0.765,8,0.292,0.335,0.426,0.761,8,-0.004,3,3,0.15,0.069,0.214,0.316,0.157,53,24,272,264,91.424
21,2022,Nick Castellanos,30,PHI,124,517,485,0.244,0.285,0.419,0.704,12,0.266,0.308,0.394,0.701,12,-0.003,3,2,0.245,0.051,0.234,0.306,0.175,127,26,359,347,118.182
89,2022,Willson Contreras,30,CHC,102,446,379,0.256,0.362,0.47,0.832,21,0.248,0.357,0.472,0.829,20,-0.003,23,2,0.24,0.091,0.47,0.302,0.214,107,41,273,252,97.104
16,2022,Brandon Nimmo,29,NYM,117,523,453,0.255,0.347,0.423,0.77,11,0.265,0.355,0.413,0.768,11,-0.002,15,3,0.193,0.097,0.218,0.305,0.168,101,51,353,342,115.31
83,2022,Lourdes Gurriel Jr,28,TOR,111,453,417,0.268,0.32,0.428,0.748,5,0.295,0.345,0.4,0.746,5,-0.002,5,2,0.171,0.062,0.118,0.318,0.16,77,28,341,336,111.848
160,2022,Jonah Heim,27,TEX,99,364,324,0.236,0.309,0.451,0.76,14,0.247,0.324,0.435,0.759,13,-0.001,0,2,0.202,0.095,0.375,0.261,0.215,74,35,253,239,76.379
26,2022,Alex Bregman,28,HOU,121,514,434,0.257,0.366,0.48,0.846,18,0.267,0.37,0.477,0.847,19,0.001,7,6,0.111,0.138,0.348,0.264,0.223,57,71,373,355,111.72
117,2022,Dylan Carlson,23,STL,104,415,370,0.244,0.321,0.388,0.709,8,0.243,0.316,0.395,0.71,8,0.001,6,4,0.21,0.092,0.197,0.302,0.144,87,38,280,272,90.144
133,2022,Gavin Lux,24,LAD,110,400,353,0.279,0.355,0.455,0.81,7,0.297,0.373,0.439,0.812,6,0.002,0,3,0.179,0.108,0.164,0.333,0.176,72,43,282,275,98.575
15,2022,Cedric Mullins II,27,BAL,120,524,472,0.244,0.301,0.429,0.73,11,0.267,0.328,0.407,0.734,11,0.004,7,5,0.169,0.065,0.205,0.275,0.185,89,34,389,378,114.95
265,2022,Jace Peterson,32,MIL,80,241,214,0.253,0.32,0.44,0.76,9,0.252,0.325,0.439,0.764,8,0.004,2,2,0.281,0.085,0.358,0.322,0.187,68,20,149,140,54.08
2,2022,Francisco Lindor,28,NYM,125,550,484,0.258,0.335,0.46,0.795,21,0.271,0.347,0.452,0.8,21,0.005,8,6,0.197,0.093,0.375,0.292,0.202,108,51,377,356,124.952
62,2022,Ty France,27,SEA,105,466,415,0.269,0.344,0.42,0.764,13,0.277,0.346,0.424,0.77,14,0.006,17,4,0.157,0.071,0.287,0.302,0.151,73,33,339,326,111.452
159,2022,Hunter Renfroe,30,MIL,88,364,329,0.245,0.307,0.502,0.809,22,0.246,0.309,0.508,0.816,23,0.007,4,3,0.245,0.075,0.591,0.267,0.257,89,27,241,219,80.473
60,2022,Luis Arraez,25,MIN,111,467,419,0.308,0.376,0.437,0.813,6,0.322,0.388,0.432,0.82,7,0.007,2,2,0.077,0.097,0.137,0.327,0.129,36,45,382,376,128.952
168,2022,Michael A Taylor,31,KCR,97,350,315,0.211,0.282,0.389,0.671,6,0.26,0.327,0.352,0.679,6,0.008,2,2,0.26,0.087,0.185,0.276,0.178,91,30,225,219,66.444
193,2022,Christopher Morel,23,CHC,82,327,295,0.238,0.308,0.454,0.762,13,0.254,0.319,0.451,0.77,12,0.008,2,2,0.302,0.09,0.391,0.314,0.216,99,29,195,182,70.148
219,2022,Gavin Sheets,26,CHW,90,301,280,0.223,0.295,0.417,0.712,8,0.257,0.306,0.414,0.72,9,0.008,3,1,0.185,0.085,0.282,0.263,0.194,56,26,215,207,62.441
7,2022,Dansby Swanson,28,ATL,126,537,491,0.246,0.318,0.469,0.787,17,0.291,0.346,0.45,0.796,16,0.009,3,3,0.263,0.093,0.313,0.321,0.223,141,50,340,323,120.683
116,2022,Alejandro Kirk,23,TOR,110,415,361,0.282,0.364,0.459,0.823,11,0.302,0.383,0.449,0.832,12,0.009,4,4,0.133,0.108,0.27,0.307,0.177,55,45,307,296,101.872
233,2022,Jonathan India,25,CIN,67,281,257,0.23,0.306,0.391,0.697,8,0.245,0.31,0.397,0.706,8,0.009,10,0,0.241,0.064,0.284,0.289,0.161,68,18,185,177,59.153
235,2022,Jose Trevino,29,NYY,91,278,263,0.255,0.294,0.432,0.726,9,0.27,0.306,0.43,0.735,10,0.009,1,1,0.157,0.05,0.331,0.278,0.177,44,14,218,209,67.102
18,2022,Josh Bell,29,- - -,123,521,447,0.277,0.357,0.457,0.814,16,0.277,0.366,0.459,0.825,16,0.011,5,6,0.154,0.103,0.306,0.3,0.18,80,54,376,360,124
78,2022,Wilmer Flores,30,SFG,116,455,399,0.237,0.316,0.443,0.759,15,0.251,0.332,0.439,0.77,16,0.011,8,5,0.186,0.087,0.337,0.264,0.206,85,40,317,302,94.728
248,2022,Ozzie Albies,25,ATL,62,263,242,0.223,0.276,0.406,0.682,7,0.244,0.289,0.405,0.694,8,0.012,2,4,0.196,0.066,0.277,0.26,0.183,52,17,188,181,54.06
113,2022,George Springer,32,TOR,97,418,366,0.277,0.351,0.477,0.828,18,0.276,0.353,0.486,0.84,18,0.012,6,4,0.189,0.091,0.421,0.305,0.2,79,38,291,273,101.265
167,2022,Luis Rengifo,25,LAA,90,350,333,0.253,0.295,0.415,0.71,8,0.267,0.301,0.423,0.724,9,0.014,3,0,0.166,0.049,0.24,0.289,0.162,58,17,272,264,84.296
243,2022,William Contreras,24,ATL,69,270,242,0.261,0.34,0.507,0.847,16,0.264,0.341,0.521,0.861,17,0.014,0,0,0.252,0.106,0.598,0.3,0.246,68,29,173,157,63.1
34,2022,Randy Arozarena,27,TBR,119,499,451,0.251,0.33,0.427,0.757,18,0.259,0.329,0.443,0.772,17,0.015,9,1,0.237,0.091,0.358,0.309,0.176,118,45,326,308,113.172
214,2022,Yonathan Daza,28,COL,90,307,281,0.277,0.323,0.374,0.697,1,0.299,0.345,0.367,0.712,1,0.015,4,4,0.152,0.055,0.03,0.328,0.097,47,17,235,234,77.752
9,2022,Aaron Judge,30,NYY,121,534,452,0.287,0.376,0.658,1.034,43,0.296,0.394,0.659,1.053,48,0.019,5,4,0.273,0.117,0.799,0.317,0.371,146,62,317,274,129.858
169,2022,Mike Trout,30,LAA,85,350,305,0.248,0.348,0.595,0.943,25,0.272,0.366,0.597,0.962,26,0.019,5,0,0.29,0.119,0.706,0.287,0.347,102,42,201,176,75.512
31,2022,C.J. Cron,32,COL,119,506,462,0.258,0.316,0.476,0.792,23,0.266,0.321,0.491,0.812,24,0.02,6,4,0.24,0.069,0.464,0.303,0.218,121,35,340,317,119.051
44,2022,Nathaniel Lowe,26,TEX,119,488,454,0.282,0.335,0.473,0.808,19,0.295,0.344,0.485,0.829,20,0.021,2,0,0.216,0.069,0.397,0.333,0.191,105,34,347,328,128.224
56,2022,Starling Marte,33,NYM,108,470,435,0.279,0.339,0.44,0.779,13,0.292,0.345,0.46,0.804,14,0.025,10,0,0.205,0.062,0.286,0.337,0.161,96,29,335,322,121.514
268,2022,Albert Pujols,42,STL,75,240,210,0.267,0.331,0.522,0.853,13,0.276,0.35,0.529,0.879,14,0.026,7,4,0.188,0.064,0.533,0.276,0.255,45,15,169,156,56.056
198,2022,Jose Miranda,24,MIN,86,321,301,0.245,0.305,0.444,0.749,13,0.276,0.321,0.455,0.776,13,0.027,6,0,0.202,0.061,0.402,0.28,0.199,65,20,230,217,73.76
220,2022,Michael Harris II,21,ATL,79,299,280,0.286,0.32,0.487,0.807,13,0.286,0.331,0.504,0.835,13,0.028,4,0,0.267,0.035,0.426,0.35,0.201,80,10,205,192,80.2
276,2022,Francisco Mejia,26,TBR,71,231,224,0.244,0.266,0.394,0.66,6,0.259,0.277,0.411,0.688,6,0.028,1,1,0.218,0.027,0.241,0.291,0.15,50,6,173,167,54.597
300,2022,Jake McCarthy,24,ARI,66,212,190,0.266,0.341,0.395,0.736,4,0.279,0.343,0.421,0.764,4,0.028,2,1,0.217,0.094,0.207,0.335,0.129,46,20,143,139,50.565
105,2022,Andrew Vaughn,24,CHW,101,426,390,0.267,0.321,0.46,0.781,13,0.295,0.345,0.467,0.812,14,0.031,8,4,0.173,0.059,0.308,0.302,0.193,74,25,315,302,104.204
199,2022,Travis d'Arnaud,33,ATL,80,321,298,0.243,0.303,0.434,0.737,12,0.258,0.312,0.456,0.768,13,0.031,8,0,0.219,0.055,0.386,0.283,0.191,70,18,225,213,72.279
237,2022,Bryce Harper,29,PHI,64,275,242,0.319,0.377,0.576,0.953,14,0.318,0.385,0.599,0.985,15,0.032,3,4,0.217,0.08,0.493,0.367,0.257,60,22,186,172,77.124
112,2022,Randal Grichuk,30,COL,110,419,393,0.245,0.295,0.414,0.709,13,0.272,0.313,0.43,0.743,13,0.034,4,2,0.209,0.059,0.315,0.29,0.169,88,25,300,287,96.23
10,2022,Jose Abreu,35,CHW,123,534,471,0.267,0.338,0.472,0.81,14,0.31,0.386,0.461,0.846,14,0.036,7,3,0.198,0.084,0.269,0.311,0.205,106,45,373,359,125.649
191,2022,Brendan Donovan,25,STL,92,329,275,0.276,0.375,0.382,0.757,2,0.298,0.407,0.385,0.793,2,0.036,10,2,0.184,0.106,0.058,0.337,0.106,61,35,221,219,75.803
39,2022,Manny Machado,29,SDP,115,494,441,0.28,0.345,0.507,0.852,22,0.297,0.368,0.522,0.89,22,0.038,1,2,0.189,0.09,0.44,0.306,0.227,93,44,354,332,123.592
134,2022,Mark Canha,33,NYM,105,397,340,0.244,0.351,0.391,0.742,11,0.274,0.373,0.409,0.782,10,0.04,15,2,0.222,0.105,0.273,0.301,0.147,88,42,250,239,82.939
278,2022,Juan Yepez,24,STL,62,228,209,0.219,0.26,0.456,0.716,10,0.254,0.298,0.459,0.758,11,0.042,1,4,0.228,0.052,0.429,0.24,0.237,52,12,159,149,45.76
65,2022,Steven Kwan,24,CLE,110,464,410,0.274,0.348,0.373,0.721,3,0.298,0.371,0.393,0.764,3,0.043,5,3,0.12,0.092,0.068,0.309,0.099,56,43,357,354,112.386
290,2022,Leody Taveras,23,TEX,63,219,200,0.242,0.3,0.409,0.709,4,0.29,0.338,0.415,0.753,3,0.044,1,3,0.228,0.079,0.163,0.308,0.167,50,17,148,144,48.352
4,2022,Trea Turner,29,LAD,123,544,499,0.277,0.323,0.479,0.802,17,0.311,0.354,0.493,0.847,18,0.045,2,6,0.208,0.065,0.312,0.327,0.202,113,35,388,371,138.317
283,2022,Manuel Margot,27,TBR,56,222,203,0.269,0.331,0.421,0.752,3,0.305,0.365,0.433,0.798,3,0.046,1,0,0.173,0.081,0.142,0.318,0.152,38,18,165,162,54.516
63,2022,Jose Altuve,32,HOU,108,465,406,0.272,0.363,0.473,0.836,19,0.286,0.374,0.51,0.884,21,0.048,8,1,0.13,0.11,0.408,0.28,0.201,60,51,345,326,110.28
228,2022,Luis Gonzalez,26,SFG,78,288,254,0.223,0.302,0.356,0.658,4,0.26,0.33,0.378,0.708,4,0.05,3,5,0.224,0.096,0.146,0.288,0.133,65,28,187,183,56.704
52,2022,Rafael Devers,25,BOS,108,473,433,0.284,0.334,0.522,0.856,23,0.3,0.357,0.554,0.912,25,0.056,7,1,0.196,0.054,0.476,0.31,0.238,93,26,346,323,123.13
35,2022,Ian Happ,27,CHC,122,498,443,0.246,0.322,0.422,0.744,14,0.278,0.351,0.449,0.801,13,0.057,5,3,0.24,0.092,0.283,0.306,0.176,120,46,324,310,108.86
38,2022,Xander Bogaerts,29,BOS,118,495,437,0.254,0.325,0.422,0.747,11,0.3,0.372,0.442,0.813,10,0.066,8,5,0.219,0.081,0.214,0.31,0.168,108,40,334,323,111.13
99,2022,Jeff McNeil,30,NYM,112,436,400,0.28,0.341,0.416,0.757,7,0.32,0.372,0.463,0.834,7,0.077,7,2,0.12,0.07,0.155,0.312,0.136,52,31,344,337,112.144
126,2022,Andres Gimenez,23,CLE,110,408,363,0.267,0.335,0.455,0.79,15,0.306,0.371,0.496,0.867,15,0.077,16,2,0.229,0.054,0.377,0.315,0.188,93,22,275,260,96.9
27,2022,Jose Ramirez,29,CLE,119,514,455,0.262,0.337,0.482,0.819,22,0.284,0.354,0.547,0.901,25,0.082,4,6,0.114,0.099,0.424,0.261,0.22,59,51,394,372,119.092
107,2022,Jose Iglesias,32,COL,106,420,394,0.262,0.304,0.361,0.665,2,0.31,0.345,0.406,0.751,3,0.086,7,3,0.116,0.044,0.051,0.297,0.099,49,18,343,341,103.277
303,2022,Oscar Gonzalez,24,CLE,52,210,201,0.252,0.283,0.437,0.72,5,0.303,0.329,0.478,0.806,5,0.086,1,1,0.233,0.037,0.237,0.313,0.185,49,8,151,146,50.698
218,2022,Harold Ramirez,27,TBR,87,303,279,0.265,0.304,0.42,0.724,5,0.33,0.373,0.448,0.821,5,0.097,5,3,0.19,0.038,0.159,0.313,0.155,58,12,225,220,73.86
41,2022,Nolan Arenado,31,STL,116,491,440,0.265,0.325,0.499,0.824,22,0.3,0.365,0.557,0.921,26,0.097,5,4,0.148,0.073,0.456,0.27,0.234,73,36,373,351,116.77
22,2022,Paul Goldschmidt,34,STL,118,516,446,0.276,0.357,0.524,0.881,31,0.339,0.42,0.637,1.057,33,0.176,3,3,0.22,0.106,0.605,0.297,0.248,114,55,341,310,123.07
